Datetime,Global_active_power,Global_reactive_power,Voltage,Global_intensity,Sub_metering_1,Sub_metering_2,Sub_metering_3
2010-01-01 00:00:00,0.8719215082500419,0.1,230.0,3.7909630793480082,0.0,0.0,0.0
2010-01-01 01:00:00,0.8446470902489528,0.1,230.0,3.6723786532563163,0.0,0.0,0.0
2010-01-01 02:00:00,1.2802633912377794,0.1,230.0,5.566362570599041,0.0,0.0,0.0
2010-01-01 03:00:00,1.5715506016503593,0.1,230.0,6.8328287028276495,0.0,0.0,0.0
2010-01-01 04:00:00,1.735317168824433,0.1,230.0,7.544857255758405,0.0,0.0,0.0
2010-01-01 05:00:00,2.043670988698015,0.1,230.0,8.885526037817458,0.0,0.0,0.0
2010-01-01 06:00:00,2.214118596337297,0.1,230.0,9.626602592770857,0.0,0.0,0.0
2010-01-01 07:00:00,2.202303437513294,0.1,230.0,9.575232337014324,0.0,0.0,0.0
2010-01-01 08:00:00,2.5100340597760233,0.1,230.0,10.91319156424358,0.0,0.0,0.0
2010-01-01 09:00:00,2.5130885363699607,0.1,230.0,10.926471897260699,0.0,0.0,0.0
2010-01-01 10:00:00,2.5199433400635747,0.1,230.0,10.95627539158076,0.0,0.0,0.0
2010-01-01 11:00:00,2.071888987922694,0.1,230.0,9.008212990968234,0.0,0.0,0.0
2010-01-01 12:00:00,2.251943399128065,0.1,230.0,9.791058257078545,0.0,0.0,0.0
2010-01-01 13:00:00,1.821670304854882,0.1,230.0,7.920305673282095,0.0,0.0,0.0
2010-01-01 14:00:00,1.758071048970547,0.1,230.0,7.64378716943716,0.0,0.0,0.0
2010-01-01 15:00:00,1.618237706122514,0.1,230.0,7.035816113576147,0.0,0.0,0.0
2010-01-01 16:00:00,1.2614004778363859,0.1,230.0,5.48434990363646,0.0,0.0,0.0
2010-01-01 17:00:00,1.0306864969259386,0.1,230.0,4.481245638808429,0.0,0.0,0.0
2010-01-01 18:00:00,0.7688752907619492,0.1,230.0,3.3429360467910834,0.0,0.0,0.0
2010-01-01 19:00:00,0.48114962927571886,0.1,230.0,2.09195490989443,0.0,0.0,0.0
2010-01-01 20:00:00,0.5234657473621382,0.1,230.0,2.2759380320092966,0.0,0.0,0.0
2010-01-01 21:00:00,0.4236249146104433,0.1,230.0,1.8418474548280146,0.0,0.0,0.0
2010-01-01 22:00:00,0.44052124355749916,0.1,230.0,1.9153097545978226,0.0,0.0,0.0
2010-01-01 23:00:00,0.584827418778154,0.1,230.0,2.5427279077311047,0.0,0.0,0.0
2010-01-02 00:00:00,0.8605455419844062,0.1,230.0,3.7415023564539402,0.0,0.0,0.0
2010-01-02 01:00:00,1.2650834498784571,0.1,230.0,5.500362825558509,0.0,0.0,0.0
2010-01-02 02:00:00,1.712068419898258,0.1,230.0,7.443775738688078,0.0,0.0,0.0
2010-01-02 03:00:00,2.003202354268777,0.1,230.0,8.709575453342508,0.0,0.0,0.0
2010-01-02 04:00:00,2.536640116865297,0.1,230.0,11.028870073327377,0.0,0.0,0.0
2010-01-02 05:00:00,2.701833026073864,0.1,230.0,11.747100113364626,0.0,0.0,0.0
2010-01-02 06:00:00,2.8202521270120906,0.1,230.0,12.261965769617785,0.0,0.0,0.0
2010-01-02 07:00:00,3.3451955998929446,0.1,230.0,14.544328695186715,0.0,0.0,0.0
2010-01-02 08:00:00,3.2006802778400765,0.1,230.0,13.916001208000333,0.0,0.0,0.0
2010-01-02 09:00:00,3.2108869412781873,0.1,230.0,13.960378005557336,0.0,0.0,0.0
2010-01-02 10:00:00,3.3483915046830286,0.1,230.0,14.558223933404472,0.0,0.0,0.0
2010-01-02 11:00:00,3.1368727463533768,0.1,230.0,13.63857715805816,0.0,0.0,0.0
2010-01-02 12:00:00,3.051856456549742,0.1,230.0,13.26894111543366,0.0,0.0,0.0
2010-01-02 13:00:00,2.5219089963710317,0.1,230.0,10.964821723352312,0.0,0.0,0.0
2010-01-02 14:00:00,2.2625742176060526,0.1,230.0,9.837279206982837,0.0,0.0,0.0
2010-01-02 15:00:00,2.0027696467146145,0.1,230.0,8.707694116150497,0.0,0.0,0.0
2010-01-02 16:00:00,1.7185210385472096,0.1,230.0,7.471830602379172,0.0,0.0,0.0
2010-01-02 17:00:00,1.279021848585519,0.1,230.0,5.5609645590674734,0.0,0.0,0.0
2010-01-02 18:00:00,0.8918890321823902,0.1,230.0,3.877778400793001,0.0,0.0,0.0
2010-01-02 19:00:00,0.8253990038540526,0.1,230.0,3.5886913211045766,0.0,0.0,0.0
2010-01-02 20:00:00,0.8133960179176576,0.1,230.0,3.5365044257289457,0.0,0.0,0.0
2010-01-02 21:00:00,0.7830770402276973,0.1,230.0,3.404682783598684,0.0,0.0,0.0
2010-01-02 22:00:00,0.7780949254403484,0.1,230.0,3.3830214149580367,0.0,0.0,0.0
2010-01-02 23:00:00,0.8715730668826887,0.1,230.0,3.789448116881255,0.0,0.0,0.0
2010-01-03 00:00:00,0.9987436317387163,0.1,230.0,4.342363616255288,0.0,0.0,0.0
2010-01-03 01:00:00,1.3188244582876791,0.1,230.0,5.734019383859475,0.0,0.0,0.0
2010-01-03 02:00:00,1.6815936951975614,0.1,230.0,7.311276935641571,0.0,0.0,0.0
2010-01-03 03:00:00,2.052629564909551,0.1,230.0,8.924476369171963,0.0,0.0,0.0
2010-01-03 04:00:00,2.337719790684797,0.1,230.0,10.163999089933899,0.0,0.0,0.0
2010-01-03 05:00:00,2.74251149113012,0.1,230.0,11.923963004913567,0.0,0.0,0.0
2010-01-03 06:00:00,2.8808568653224103,0.1,230.0,12.525464631836567,0.0,0.0,0.0
2010-01-03 07:00:00,3.041695489067611,0.1,230.0,13.224762995946135,0.0,0.0,0.0
2010-01-03 08:00:00,3.3351548179844155,0.1,230.0,14.50067312167137,0.0,0.0,0.0
2010-01-03 09:00:00,3.177040523508734,0.1,230.0,13.813219667429278,0.0,0.0,0.0
2010-01-03 10:00:00,3.2527994259756725,0.1,230.0,14.142606199894228,0.0,0.0,0.0
2010-01-03 11:00:00,3.0187528702861073,0.1,230.0,13.125012479504814,0.0,0.0,0.0
2010-01-03 12:00:00,2.91128178948848,0.1,230.0,12.65774691081948,0.0,0.0,0.0
2010-01-03 13:00:00,2.617890833105823,0.1,230.0,11.382134056981839,0.0,0.0,0.0
2010-01-03 14:00:00,2.3274168927020096,0.1,230.0,10.119203881313085,0.0,0.0,0.0
2010-01-03 15:00:00,2.010318140657814,0.1,230.0,8.740513655033975,0.0,0.0,0.0
2010-01-03 16:00:00,1.5593496521068926,0.1,230.0,6.779781096116924,0.0,0.0,0.0
2010-01-03 17:00:00,1.2600538013459428,0.1,230.0,5.478494788460621,0.0,0.0,0.0
2010-01-03 18:00:00,1.074419941776155,0.1,230.0,4.671391051200675,0.0,0.0,0.0
2010-01-03 19:00:00,0.7332201738759729,0.1,230.0,3.187913799460752,0.0,0.0,0.0
2010-01-03 20:00:00,0.847977995747116,0.1,230.0,3.6868608510744174,0.0,0.0,0.0
2010-01-03 21:00:00,0.6005679636132445,0.1,230.0,2.6111650591880196,0.0,0.0,0.0
2010-01-03 22:00:00,0.6425487963071179,0.1,230.0,2.7936904187265994,0.0,0.0,0.0
2010-01-03 23:00:00,0.8402309603666188,0.1,230.0,3.6531780885505163,0.0,0.0,0.0
2010-01-04 00:00:00,0.7755247103663255,0.1,230.0,3.371846566810111,0.0,0.0,0.0
2010-01-04 01:00:00,1.0244616765718768,0.1,230.0,4.454181202486421,0.0,0.0,0.0
2010-01-04 02:00:00,1.474114024368371,0.1,230.0,6.409191410297265,0.0,0.0,0.0
2010-01-04 03:00:00,1.5775606086942278,0.1,230.0,6.858959168235773,0.0,0.0,0.0
2010-01-04 04:00:00,1.7986194030657128,0.1,230.0,7.820084361155272,0.0,0.0,0.0
2010-01-04 05:00:00,1.8786748934534085,0.1,230.0,8.168151710666994,0.0,0.0,0.0
2010-01-04 06:00:00,2.2868063680148847,0.1,230.0,9.942636382673411,0.0,0.0,0.0
2010-01-04 07:00:00,2.2648164956733092,0.1,230.0,9.847028242057867,0.0,0.0,0.0
2010-01-04 08:00:00,2.5145815347815175,0.1,230.0,10.93296319470225,0.0,0.0,0.0
2010-01-04 09:00:00,2.4963515317362046,0.1,230.0,10.853702311896543,0.0,0.0,0.0
2010-01-04 10:00:00,2.505699095156891,0.1,230.0,10.894343891986482,0.0,0.0,0.0
2010-01-04 11:00:00,2.548464531360878,0.1,230.0,11.080280571134253,0.0,0.0,0.0
2010-01-04 12:00:00,2.3187907186729175,0.1,230.0,10.081698776838772,0.0,0.0,0.0
2010-01-04 13:00:00,1.899168569551088,0.1,230.0,8.257254650222121,0.0,0.0,0.0
2010-01-04 14:00:00,1.6711569287628545,0.1,230.0,7.26589969027328,0.0,0.0,0.0
2010-01-04 15:00:00,1.4255464671869722,0.1,230.0,6.198028118204227,0.0,0.0,0.0
2010-01-04 16:00:00,1.0663023581865025,0.1,230.0,4.6360972095065325,0.0,0.0,0.0
2010-01-04 17:00:00,0.9191013282403426,0.1,230.0,3.9960927314797505,0.0,0.0,0.0
2010-01-04 18:00:00,0.8840401435503753,0.1,230.0,3.84365279804511,0.0,0.0,0.0
2010-01-04 19:00:00,0.6012770032375908,0.1,230.0,2.6142478401634386,0.0,0.0,0.0
2010-01-04 20:00:00,0.6717508651927716,0.1,230.0,2.920655935620746,0.0,0.0,0.0
2010-01-04 21:00:00,0.4151058427700691,0.1,230.0,1.8048080120437786,0.0,0.0,0.0
2010-01-04 22:00:00,0.6222136703329916,0.1,230.0,2.705276827534746,0.0,0.0,0.0
2010-01-04 23:00:00,0.6026105632725121,0.1,230.0,2.6200459272717915,0.0,0.0,0.0
2010-01-05 00:00:00,0.747297513636737,0.1,230.0,3.249119624507552,0.0,0.0,0.0
2010-01-05 01:00:00,0.7832866319685141,0.1,230.0,3.405594052037018,0.0,0.0,0.0
2010-01-05 02:00:00,1.268684195770513,0.1,230.0,5.5160182424804916,0.0,0.0,0.0
2010-01-05 03:00:00,1.3361666653868662,0.1,230.0,5.809420284290723,0.0,0.0,0.0
2010-01-05 04:00:00,1.8963097957416377,0.1,230.0,8.244825198876686,0.0,0.0,0.0
2010-01-05 05:00:00,1.9813806000042788,0.1,230.0,8.614698260888169,0.0,0.0,0.0
2010-01-05 06:00:00,2.2661789616989427,0.1,230.0,9.852952007386707,0.0,0.0,0.0
2010-01-05 07:00:00,2.3436121378439387,0.1,230.0,10.189617990625822,0.0,0.0,0.0
2010-01-05 08:00:00,2.436111551756006,0.1,230.0,10.591789355460897,0.0,0.0,0.0
2010-01-05 09:00:00,2.450881068241274,0.1,230.0,10.656004644527277,0.0,0.0,0.0
2010-01-05 10:00:00,2.3029645889626718,0.1,230.0,10.012889517229008,0.0,0.0,0.0
2010-01-05 11:00:00,2.3016910201021177,0.1,230.0,10.007352261313557,0.0,0.0,0.0
2010-01-05 12:00:00,2.092987260728997,0.1,230.0,9.099944611865205,0.0,0.0,0.0
2010-01-05 13:00:00,2.057915589489988,0.1,230.0,8.947459084739076,0.0,0.0,0.0
2010-01-05 14:00:00,1.929138882278028,0.1,230.0,8.387560357730557,0.0,0.0,0.0
2010-01-05 15:00:00,1.6844153426576212,0.1,230.0,7.323544968076614,0.0,0.0,0.0
2010-01-05 16:00:00,1.2541840764974281,0.1,230.0,5.452974245640992,0.0,0.0,0.0
2010-01-05 17:00:00,0.9048569982823057,0.1,230.0,3.9341608620969812,0.0,0.0,0.0
2010-01-05 18:00:00,0.8453986747996033,0.1,230.0,3.6756464121721883,0.0,0.0,0.0
2010-01-05 19:00:00,0.5433902954231289,0.1,230.0,2.362566501839691,0.0,0.0,0.0
2010-01-05 20:00:00,0.5585837023378587,0.1,230.0,2.4286247927732987,0.0,0.0,0.0
2010-01-05 21:00:00,0.5758345920094089,0.1,230.0,2.5036286609104734,0.0,0.0,0.0
2010-01-05 22:00:00,0.481046826631646,0.1,230.0,2.091507941876722,0.0,0.0,0.0
2010-01-05 23:00:00,0.6746439428760072,0.1,230.0,2.933234534243509,0.0,0.0,0.0
2010-01-06 00:00:00,0.7323387768622672,0.1,230.0,3.1840816385315964,0.0,0.0,0.0
2010-01-06 01:00:00,1.0275012385069398,0.1,230.0,4.467396689160608,0.0,0.0,0.0
2010-01-06 02:00:00,1.1758701086483891,0.1,230.0,5.112478733253866,0.0,0.0,0.0
2010-01-06 03:00:00,1.5575241711474939,0.1,230.0,6.771844222380408,0.0,0.0,0.0
2010-01-06 04:00:00,1.6925388475719254,0.1,230.0,7.358864554660545,0.0,0.0,0.0
2010-01-06 05:00:00,2.0349221448024157,0.1,230.0,8.84748758609746,0.0,0.0,0.0
2010-01-06 06:00:00,2.1208172073206066,0.1,230.0,9.22094437965481,0.0,0.0,0.0
2010-01-06 07:00:00,2.3689526505866123,0.1,230.0,10.299794132985271,0.0,0.0,0.0
2010-01-06 08:00:00,2.3237548409343507,0.1,230.0,10.103281917105873,0.0,0.0,0.0
2010-01-06 09:00:00,2.625187926544968,0.1,230.0,11.413860550195512,0.0,0.0,0.0
2010-01-06 10:00:00,2.5570363924224697,0.1,230.0,11.117549532271608,0.0,0.0,0.0
2010-01-06 11:00:00,2.2720617421716103,0.1,230.0,9.87852931378961,0.0,0.0,0.0
2010-01-06 12:00:00,2.1195207610827027,0.1,230.0,9.215307656881317,0.0,0.0,0.0
2010-01-06 13:00:00,2.0148149063733376,0.1,230.0,8.760064810318859,0.0,0.0,0.0
2010-01-06 14:00:00,1.746581697251668,0.1,230.0,7.5938334663116,0.0,0.0,0.0
2010-01-06 15:00:00,1.4648814293314278,0.1,230.0,6.369049692745339,0.0,0.0,0.0
2010-01-06 16:00:00,1.1669833290909335,0.1,230.0,5.073840561264928,0.0,0.0,0.0
2010-01-06 17:00:00,0.8991458009995196,0.1,230.0,3.9093295695631287,0.0,0.0,0.0
2010-01-06 18:00:00,0.7485595103141551,0.1,230.0,3.254606566583283,0.0,0.0,0.0
2010-01-06 19:00:00,0.7099943955890138,0.1,230.0,3.0869321547348427,0.0,0.0,0.0
2010-01-06 20:00:00,0.49217878303809537,0.1,230.0,2.1399077523395453,0.0,0.0,0.0
2010-01-06 21:00:00,0.4262064569474745,0.1,230.0,1.8530715519455414,0.0,0.0,0.0
2010-01-06 22:00:00,0.3684686180647029,0.1,230.0,1.6020374698465343,0.0,0.0,0.0
2010-01-06 23:00:00,0.6858368626739632,0.1,230.0,2.981899402930275,0.0,0.0,0.0
2010-01-07 00:00:00,0.8656084447243894,0.1,230.0,3.7635149770625627,0.0,0.0,0.0
2010-01-07 01:00:00,1.0489694360244404,0.1,230.0,4.560736678367133,0.0,0.0,0.0
2010-01-07 02:00:00,1.3286167552895836,0.1,230.0,5.7765945882155805,0.0,0.0,0.0
2010-01-07 03:00:00,1.552190689475628,0.1,230.0,6.748655171633165,0.0,0.0,0.0
2010-01-07 04:00:00,1.8293555904672854,0.1,230.0,7.953719958553414,0.0,0.0,0.0
2010-01-07 05:00:00,2.0899151077551763,0.1,230.0,9.086587425022506,0.0,0.0,0.0
2010-01-07 06:00:00,2.24793896350745,0.1,230.0,9.773647667423695,0.0,0.0,0.0
2010-01-07 07:00:00,2.4160323378197104,0.1,230.0,10.504488425303089,0.0,0.0,0.0
2010-01-07 08:00:00,2.4009009522347164,0.1,230.0,10.438699792324854,0.0,0.0,0.0
2010-01-07 09:00:00,2.420775559772672,0.1,230.0,10.525111129446401,0.0,0.0,0.0
2010-01-07 10:00:00,2.5107182882923036,0.1,230.0,10.916166470836101,0.0,0.0,0.0
2010-01-07 11:00:00,2.324389049488499,0.1,230.0,10.10603934560217,0.0,0.0,0.0
2010-01-07 12:00:00,2.2885842838744255,0.1,230.0,9.950366451627938,0.0,0.0,0.0
2010-01-07 13:00:00,1.9019406142726891,0.1,230.0,8.269307018576908,0.0,0.0,0.0
2010-01-07 14:00:00,1.5943636047633671,0.1,230.0,6.932015672884205,0.0,0.0,0.0
2010-01-07 15:00:00,1.6877752138995192,0.1,230.0,7.338153103910953,0.0,0.0,0.0
2010-01-07 16:00:00,1.3158995115149463,0.1,230.0,5.721302223978028,0.0,0.0,0.0
2010-01-07 17:00:00,0.912603407563654,0.1,230.0,3.967840902450669,0.0,0.0,0.0
2010-01-07 18:00:00,0.8393143252767915,0.1,230.0,3.6491927185947457,0.0,0.0,0.0
2010-01-07 19:00:00,0.7127449480955729,0.1,230.0,3.098891078676404,0.0,0.0,0.0
2010-01-07 20:00:00,0.38702113132337046,0.1,230.0,1.682700570971176,0.0,0.0,0.0
2010-01-07 21:00:00,0.5995224019504974,0.1,230.0,2.6066191389152062,0.0,0.0,0.0
2010-01-07 22:00:00,0.4635984400524146,0.1,230.0,2.0156453915322374,0.0,0.0,0.0
2010-01-07 23:00:00,0.6179013958786478,0.1,230.0,2.6865278081680337,0.0,0.0,0.0
2010-01-08 00:00:00,0.8274902256492429,0.1,230.0,3.597783589779317,0.0,0.0,0.0
2010-01-08 01:00:00,0.9052009534755204,0.1,230.0,3.9356563194587846,0.0,0.0,0.0
2010-01-08 02:00:00,1.2127265862369994,0.1,230.0,5.272724287986954,0.0,0.0,0.0
2010-01-08 03:00:00,1.446156485786219,0.1,230.0,6.2876368947226915,0.0,0.0,0.0
2010-01-08 04:00:00,1.6839732915384573,0.1,230.0,7.321623006688944,0.0,0.0,0.0
2010-01-08 05:00:00,1.866274941936765,0.1,230.0,8.114238877985935,0.0,0.0,0.0
2010-01-08 06:00:00,2.127223406982904,0.1,230.0,9.2487974216648,0.0,0.0,0.0
2010-01-08 07:00:00,2.411468903718456,0.1,230.0,10.484647407471547,0.0,0.0,0.0
2010-01-08 08:00:00,2.3689922045334697,0.1,230.0,10.29996610666726,0.0,0.0,0.0
2010-01-08 09:00:00,2.679692184698404,0.1,230.0,11.650835585645234,0.0,0.0,0.0
2010-01-08 10:00:00,2.6325795018694382,0.1,230.0,11.44599783421495,0.0,0.0,0.0
2010-01-08 11:00:00,2.515448739594972,0.1,230.0,10.936733650412924,0.0,0.0,0.0
2010-01-08 12:00:00,2.2535103304130395,0.1,230.0,9.797871001795823,0.0,0.0,0.0
2010-01-08 13:00:00,1.8276295418472106,0.1,230.0,7.946215399335698,0.0,0.0,0.0
2010-01-08 14:00:00,1.819111089438881,0.1,230.0,7.909178649734265,0.0,0.0,0.0
2010-01-08 15:00:00,1.4721743231437014,0.1,230.0,6.400757926711745,0.0,0.0,0.0
2010-01-08 16:00:00,1.2262880591244283,0.1,230.0,5.3316872135844715,0.0,0.0,0.0
2010-01-08 17:00:00,1.1833148281964208,0.1,230.0,5.144847079114872,0.0,0.0,0.0
2010-01-08 18:00:00,0.7288781477472167,0.1,230.0,3.169035424987899,0.0,0.0,0.0
2010-01-08 19:00:00,0.8200268616041126,0.1,230.0,3.5653341808874464,0.0,0.0,0.0
2010-01-08 20:00:00,0.3749355581162729,0.1,230.0,1.6301546005055343,0.0,0.0,0.0
2010-01-08 21:00:00,0.4652768193510385,0.1,230.0,2.0229426928306022,0.0,0.0,0.0
2010-01-08 22:00:00,0.5985041631420647,0.1,230.0,2.602192013661151,0.0,0.0,0.0
2010-01-08 23:00:00,0.5883840488355108,0.1,230.0,2.5581915166761338,0.0,0.0,0.0
2010-01-09 00:00:00,0.9358653003769135,0.1,230.0,4.068979566856146,0.0,0.0,0.0
2010-01-09 01:00:00,1.4239436450613532,0.1,230.0,6.1910593263537095,0.0,0.0,0.0
2010-01-09 02:00:00,1.5770480262807511,0.1,230.0,6.856730549046744,0.0,0.0,0.0
2010-01-09 03:00:00,1.7613492723518132,0.1,230.0,7.658040314573101,0.0,0.0,0.0
2010-01-09 04:00:00,2.2036937927666473,0.1,230.0,9.581277359854989,0.0,0.0,0.0
2010-01-09 05:00:00,2.4380829622081164,0.1,230.0,10.60036070525268,0.0,0.0,0.0
2010-01-09 06:00:00,2.850398211599151,0.1,230.0,12.393035702605003,0.0,0.0,0.0
2010-01-09 07:00:00,3.0415903216994864,0.1,230.0,13.224305746519507,0.0,0.0,0.0
2010-01-09 08:00:00,3.2490906643758084,0.1,230.0,14.126481149460037,0.0,0.0,0.0
2010-01-09 09:00:00,3.42765886068655,0.1,230.0,14.902864611680654,0.0,0.0,0.0
2010-01-09 10:00:00,3.1757904298103656,0.1,230.0,13.807784477436373,0.0,0.0,0.0
2010-01-09 11:00:00,3.1333217601461705,0.1,230.0,13.623138087592046,0.0,0.0,0.0
2010-01-09 12:00:00,3.0041178340421735,0.1,230.0,13.061381887139884,0.0,0.0,0.0
2010-01-09 13:00:00,2.788019881444532,0.1,230.0,12.121825571497963,0.0,0.0,0.0
2010-01-09 14:00:00,2.1939610486221777,0.1,230.0,9.53896108096599,0.0,0.0,0.0
2010-01-09 15:00:00,1.9765596691258995,0.1,230.0,8.593737691851738,0.0,0.0,0.0
2010-01-09 16:00:00,1.624738564624994,0.1,230.0,7.064080715760844,0.0,0.0,0.0
2010-01-09 17:00:00,1.238067087892469,0.1,230.0,5.38290038214117,0.0,0.0,0.0
2010-01-09 18:00:00,0.9551769103924888,0.1,230.0,4.152943088662995,0.0,0.0,0.0
2010-01-09 19:00:00,0.9559306493325971,0.1,230.0,4.156220214489553,0.0,0.0,0.0
2010-01-09 20:00:00,0.6202597529497874,0.1,230.0,2.696781534564293,0.0,0.0,0.0
2010-01-09 21:00:00,0.5388534938236368,0.1,230.0,2.342841277494073,0.0,0.0,0.0
2010-01-09 22:00:00,0.5189807950580491,0.1,230.0,2.2564382393828217,0.0,0.0,0.0
2010-01-09 23:00:00,0.7280488136819332,0.1,230.0,3.1654296247040574,0.0,0.0,0.0
2010-01-10 00:00:00,0.8904876934779624,0.1,230.0,3.871685623817228,0.0,0.0,0.0
2010-01-10 01:00:00,1.2889825876083365,0.1,230.0,5.604272120036245,0.0,0.0,0.0
2010-01-10 02:00:00,1.538386134066378,0.1,230.0,6.688635365505991,0.0,0.0,0.0
2010-01-10 03:00:00,1.9639438121582269,0.1,230.0,8.538886139818377,0.0,0.0,0.0
2010-01-10 04:00:00,2.490481222976537,0.1,230.0,10.82817923033277,0.0,0.0,0.0
2010-01-10 05:00:00,2.737274134135187,0.1,230.0,11.901191887544291,0.0,0.0,0.0
2010-01-10 06:00:00,3.0374228998950343,0.1,230.0,13.206186521282758,0.0,0.0,0.0
2010-01-10 07:00:00,3.0552582740077407,0.1,230.0,13.283731626120613,0.0,0.0,0.0
2010-01-10 08:00:00,3.203263484015187,0.1,230.0,13.927232539196464,0.0,0.0,0.0
2010-01-10 09:00:00,3.316143374993262,0.1,230.0,14.418014673883748,0.0,0.0,0.0
2010-01-10 10:00:00,3.12850337141885,0.1,230.0,13.602188571386305,0.0,0.0,0.0
2010-01-10 11:00:00,3.014388820770016,0.1,230.0,13.10603835117398,0.0,0.0,0.0
2010-01-10 12:00:00,2.7835394274624763,0.1,230.0,12.102345336793375,0.0,0.0,0.0
2010-01-10 13:00:00,2.5991540622455425,0.1,230.0,11.300669835850183,0.0,0.0,0.0
2010-01-10 14:00:00,2.2358327565901317,0.1,230.0,9.721011985174487,0.0,0.0,0.0
2010-01-10 15:00:00,1.767377388775041,0.1,230.0,7.684249516413222,0.0,0.0,0.0
2010-01-10 16:00:00,1.647530983235639,0.1,230.0,7.163178187981039,0.0,0.0,0.0
2010-01-10 17:00:00,1.424563676480411,0.1,230.0,6.193755115132221,0.0,0.0,0.0
2010-01-10 18:00:00,0.8914277945123508,0.1,230.0,3.875773019618916,0.0,0.0,0.0
2010-01-10 19:00:00,0.9142897229733762,0.1,230.0,3.9751727085798967,0.0,0.0,0.0
2010-01-10 20:00:00,0.6087520259986643,0.1,230.0,2.6467479391246274,0.0,0.0,0.0
2010-01-10 21:00:00,0.7041991210258425,0.1,230.0,3.061735308808011,0.0,0.0,0.0
2010-01-10 22:00:00,0.6357100574163074,0.1,230.0,2.7639567713752493,0.0,0.0,0.0
2010-01-10 23:00:00,0.6754438249688993,0.1,230.0,2.9367122824734753,0.0,0.0,0.0
2010-01-11 00:00:00,0.7864586263370761,0.1,230.0,3.419385331900331,0.0,0.0,0.0
2010-01-11 01:00:00,1.1499523618825551,0.1,230.0,4.99979287775024,0.0,0.0,0.0
2010-01-11 02:00:00,1.400233268140117,0.1,230.0,6.0879707310439874,0.0,0.0,0.0
2010-01-11 03:00:00,1.4355549346542313,0.1,230.0,6.241543194148832,0.0,0.0,0.0
2010-01-11 04:00:00,1.6501342465382907,0.1,230.0,7.174496724079525,0.0,0.0,0.0
2010-01-11 05:00:00,1.9864617483730147,0.1,230.0,8.636790210317455,0.0,0.0,0.0
2010-01-11 06:00:00,2.22228272346848,0.1,230.0,9.662098797689044,0.0,0.0,0.0
2010-01-11 07:00:00,2.438335119288055,0.1,230.0,10.601457040382847,0.0,0.0,0.0
2010-01-11 08:00:00,2.4697418423080553,0.1,230.0,10.738008010035022,0.0,0.0,0.0
2010-01-11 09:00:00,2.4867794793612044,0.1,230.0,10.812084692874802,0.0,0.0,0.0
2010-01-11 10:00:00,2.490459145871435,0.1,230.0,10.828083242919282,0.0,0.0,0.0
2010-01-11 11:00:00,2.4362176677696663,0.1,230.0,10.592250729433331,0.0,0.0,0.0
2010-01-11 12:00:00,2.244231616847659,0.1,230.0,9.757528768902864,0.0,0.0,0.0
2010-01-11 13:00:00,2.2154952972544444,0.1,230.0,9.632588248932366,0.0,0.0,0.0
2010-01-11 14:00:00,1.7632858325721095,0.1,230.0,7.6664601416178675,0.0,0.0,0.0
2010-01-11 15:00:00,1.5925958700124936,0.1,230.0,6.9243298696195374,0.0,0.0,0.0
2010-01-11 16:00:00,1.3592012579133268,0.1,230.0,5.9095706865796815,0.0,0.0,0.0
2010-01-11 17:00:00,0.9689200525197006,0.1,230.0,4.212695880520437,0.0,0.0,0.0
2010-01-11 18:00:00,0.7883617383064659,0.1,230.0,3.427659731767243,0.0,0.0,0.0
2010-01-11 19:00:00,0.6946434074436765,0.1,230.0,3.0201887280159845,0.0,0.0,0.0
2010-01-11 20:00:00,0.3492716523156656,0.1,230.0,1.5185724013724593,0.0,0.0,0.0
2010-01-11 21:00:00,0.6632107298207134,0.1,230.0,2.883524912263971,0.0,0.0,0.0
2010-01-11 22:00:00,0.5653024814274571,0.1,230.0,2.4578368757715525,0.0,0.0,0.0
2010-01-11 23:00:00,0.7320434344473019,0.1,230.0,3.182797541075226,0.0,0.0,0.0
2010-01-12 00:00:00,0.700888341557377,0.1,230.0,3.0473406154668563,0.0,0.0,0.0
2010-01-12 01:00:00,1.01065226033549,0.1,230.0,4.394140262328217,0.0,0.0,0.0
2010-01-12 02:00:00,1.298224580426083,0.1,230.0,5.644454697504709,0.0,0.0,0.0
2010-01-12 03:00:00,1.581114019146425,0.1,230.0,6.8744087788975,0.0,0.0,0.0
2010-01-12 04:00:00,1.7767090932137195,0.1,230.0,7.724822144407477,0.0,0.0,0.0
2010-01-12 05:00:00,1.8709754867413149,0.1,230.0,8.134676029310064,0.0,0.0,0.0
2010-01-12 06:00:00,2.221754041160509,0.1,230.0,9.659800178958735,0.0,0.0,0.0
2010-01-12 07:00:00,2.3471829633775707,0.1,230.0,10.205143319032915,0.0,0.0,0.0
2010-01-12 08:00:00,2.570354955336785,0.1,230.0,11.175456327551238,0.0,0.0,0.0
2010-01-12 09:00:00,2.6844689146344916,0.1,230.0,11.671603976671703,0.0,0.0,0.0
2010-01-12 10:00:00,2.533551916918941,0.1,230.0,11.015443117038874,0.0,0.0,0.0
2010-01-12 11:00:00,2.387214048103468,0.1,230.0,10.379191513493339,0.0,0.0,0.0
2010-01-12 12:00:00,2.1994519208103225,0.1,230.0,9.56283443830575,0.0,0.0,0.0
2010-01-12 13:00:00,2.000906811132814,0.1,230.0,8.699594831012234,0.0,0.0,0.0
2010-01-12 14:00:00,1.8759602857699178,0.1,230.0,8.156349068564861,0.0,0.0,0.0
2010-01-12 15:00:00,1.4796123310537834,0.1,230.0,6.433097091538189,0.0,0.0,0.0
2010-01-12 16:00:00,1.2820552224124953,0.1,230.0,5.574153140923893,0.0,0.0,0.0
2010-01-12 17:00:00,0.675048794820643,0.1,230.0,2.9349947600897517,0.0,0.0,0.0
2010-01-12 18:00:00,0.4553788743505811,0.1,230.0,1.9799081493503525,0.0,0.0,0.0
2010-01-12 19:00:00,0.5209258716238063,0.1,230.0,2.2648950940165493,0.0,0.0,0.0
2010-01-12 20:00:00,0.6574290465387616,0.1,230.0,2.8583871588641805,0.0,0.0,0.0
2010-01-12 21:00:00,0.44036056606011514,0.1,230.0,1.9146111567831094,0.0,0.0,0.0
2010-01-12 22:00:00,0.45834421041352863,0.1,230.0,1.9928009148414287,0.0,0.0,0.0
2010-01-12 23:00:00,0.7041070834016919,0.1,230.0,3.0613351452247475,0.0,0.0,0.0
2010-01-13 00:00:00,0.7377359899175485,0.1,230.0,3.2075477822502108,0.0,0.0,0.0
2010-01-13 01:00:00,0.9433888268156511,0.1,230.0,4.101690551372396,0.0,0.0,0.0
2010-01-13 02:00:00,1.3065047214351297,0.1,230.0,5.680455310587521,0.0,0.0,0.0
2010-01-13 03:00:00,1.5084079115501654,0.1,230.0,6.558295267609415,0.0,0.0,0.0
2010-01-13 04:00:00,1.8273640286081547,0.1,230.0,7.945060993948499,0.0,0.0,0.0
2010-01-13 05:00:00,1.9450009450147063,0.1,230.0,8.456525847890028,0.0,0.0,0.0
2010-01-13 06:00:00,2.236587070198556,0.1,230.0,9.72429160955894,0.0,0.0,0.0
2010-01-13 07:00:00,2.2878943360941606,0.1,230.0,9.947366678670264,0.0,0.0,0.0
2010-01-13 08:00:00,2.379575435452374,0.1,230.0,10.345980154140758,0.0,0.0,0.0
2010-01-13 09:00:00,2.463055066602283,0.1,230.0,10.70893507218384,0.0,0.0,0.0
2010-01-13 10:00:00,2.5309144485782022,0.1,230.0,11.003975863383488,0.0,0.0,0.0
2010-01-13 11:00:00,2.2125303020443625,0.1,230.0,9.619696965410272,0.0,0.0,0.0
2010-01-13 12:00:00,2.0948799231866366,0.1,230.0,9.108173579072332,0.0,0.0,0.0
2010-01-13 13:00:00,2.143449742566589,0.1,230.0,9.319346706811256,0.0,0.0,0.0
2010-01-13 14:00:00,1.6353643141686547,0.1,230.0,7.110279626820239,0.0,0.0,0.0
2010-01-13 15:00:00,1.5069374552225017,0.1,230.0,6.551901979228268,0.0,0.0,0.0
2010-01-13 16:00:00,1.1423966754703077,0.1,230.0,4.966942067262207,0.0,0.0,0.0
2010-01-13 17:00:00,0.9881027827738046,0.1,230.0,4.2960990555382805,0.0,0.0,0.0
2010-01-13 18:00:00,0.7515639672983551,0.1,230.0,3.267669423036326,0.0,0.0,0.0
2010-01-13 19:00:00,0.6056121383876427,0.1,230.0,2.6330962538593163,0.0,0.0,0.0
2010-01-13 20:00:00,0.5721171078515169,0.1,230.0,2.4874656863109434,0.0,0.0,0.0
2010-01-13 21:00:00,0.3754033333422502,0.1,230.0,1.6321884058358702,0.0,0.0,0.0
2010-01-13 22:00:00,0.6803783617351017,0.1,230.0,2.9581667901526156,0.0,0.0,0.0
2010-01-13 23:00:00,0.5349065960724194,0.1,230.0,2.32568085248878,0.0,0.0,0.0
2010-01-14 00:00:00,0.8077497200639715,0.1,230.0,3.511955304625963,0.0,0.0,0.0
2010-01-14 01:00:00,1.0193107312683851,0.1,230.0,4.431785788123413,0.0,0.0,0.0
2010-01-14 02:00:00,1.383344320475094,0.1,230.0,6.014540523804757,0.0,0.0,0.0
2010-01-14 03:00:00,1.6001693741237888,0.1,230.0,6.9572581483643,0.0,0.0,0.0
2010-01-14 04:00:00,1.7530387423287588,0.1,230.0,7.62190757534243,0.0,0.0,0.0
2010-01-14 05:00:00,2.073060130548981,0.1,230.0,9.013304915430352,0.0,0.0,0.0
2010-01-14 06:00:00,2.251576891561239,0.1,230.0,9.78946474591843,0.0,0.0,0.0
2010-01-14 07:00:00,2.174656224136827,0.1,230.0,9.455027061464465,0.0,0.0,0.0
2010-01-14 08:00:00,2.2467529054588384,0.1,230.0,9.768490893299298,0.0,0.0,0.0
2010-01-14 09:00:00,2.4853345678262504,0.1,230.0,10.805802468809784,0.0,0.0,0.0
2010-01-14 10:00:00,2.568010061088116,0.1,230.0,11.165261135165721,0.0,0.0,0.0
2010-01-14 11:00:00,2.231456238562005,0.1,230.0,9.701983645921759,0.0,0.0,0.0
2010-01-14 12:00:00,2.1700507241124574,0.1,230.0,9.435003148315031,0.0,0.0,0.0
2010-01-14 13:00:00,2.106007954940781,0.1,230.0,9.156556325829483,0.0,0.0,0.0
2010-01-14 14:00:00,1.7189196999993115,0.1,230.0,7.4735639130404845,0.0,0.0,0.0
2010-01-14 15:00:00,1.4735772335996324,0.1,230.0,6.406857537389706,0.0,0.0,0.0
2010-01-14 16:00:00,1.2306410253533597,0.1,230.0,5.35061315371026,0.0,0.0,0.0
2010-01-14 17:00:00,0.9443729569996666,0.1,230.0,4.10596937825942,0.0,0.0,0.0
2010-01-14 18:00:00,0.8890929119422127,0.1,230.0,3.86562135627049,0.0,0.0,0.0
2010-01-14 19:00:00,0.9429189323286866,0.1,230.0,4.099647531863855,0.0,0.0,0.0
2010-01-14 20:00:00,0.6140361123423819,0.1,230.0,2.6697222275755736,0.0,0.0,0.0
2010-01-14 21:00:00,0.5524655343892318,0.1,230.0,2.4020240625618774,0.0,0.0,0.0
2010-01-14 22:00:00,0.4953380861395717,0.1,230.0,2.1536438527807467,0.0,0.0,0.0
2010-01-14 23:00:00,0.5763510658022274,0.1,230.0,2.505874199140119,0.0,0.0,0.0
2010-01-15 00:00:00,0.8495962783812614,0.1,230.0,3.6938968625272235,0.0,0.0,0.0
2010-01-15 01:00:00,0.9115246908879399,0.1,230.0,3.9631508299475646,0.0,0.0,0.0
2010-01-15 02:00:00,1.2478738630593222,0.1,230.0,5.425538535040531,0.0,0.0,0.0
2010-01-15 03:00:00,1.4388402804011524,0.1,230.0,6.255827306091967,0.0,0.0,0.0
2010-01-15 04:00:00,1.6744982914203286,0.1,230.0,7.280427354001429,0.0,0.0,0.0
2010-01-15 05:00:00,2.2199127434858412,0.1,230.0,9.651794536894961,0.0,0.0,0.0
2010-01-15 06:00:00,2.2038548323911726,0.1,230.0,9.581977532135534,0.0,0.0,0.0
2010-01-15 07:00:00,2.4445216964451406,0.1,230.0,10.628355201935394,0.0,0.0,0.0
2010-01-15 08:00:00,2.534476977401392,0.1,230.0,11.019465119136488,0.0,0.0,0.0
2010-01-15 09:00:00,2.5225894888786833,0.1,230.0,10.967780386429059,0.0,0.0,0.0
2010-01-15 10:00:00,2.3917163588102586,0.1,230.0,10.398766777435906,0.0,0.0,0.0
2010-01-15 11:00:00,2.2599045784144725,0.1,230.0,9.825672080062922,0.0,0.0,0.0
2010-01-15 12:00:00,2.3078478868712047,0.1,230.0,10.034121247266107,0.0,0.0,0.0
2010-01-15 13:00:00,1.8456082984217872,0.1,230.0,8.024383906181683,0.0,0.0,0.0
2010-01-15 14:00:00,1.712752961626298,0.1,230.0,7.44675200707086,0.0,0.0,0.0
2010-01-15 15:00:00,1.4383042194744464,0.1,230.0,6.2534966064106365,0.0,0.0,0.0
2010-01-15 16:00:00,1.2558887812458222,0.1,230.0,5.460386005416618,0.0,0.0,0.0
2010-01-15 17:00:00,1.1213374148265751,0.1,230.0,4.87538006446337,0.0,0.0,0.0
2010-01-15 18:00:00,0.7089101331860957,0.1,230.0,3.0822179703743293,0.0,0.0,0.0
2010-01-15 19:00:00,0.4738990808461519,0.1,230.0,2.060430786287617,0.0,0.0,0.0
2010-01-15 20:00:00,0.6362741732851519,0.1,230.0,2.7664094490658777,0.0,0.0,0.0
2010-01-15 21:00:00,0.5082271931302188,0.1,230.0,2.2096834483922554,0.0,0.0,0.0
2010-01-15 22:00:00,0.4064359307327119,0.1,230.0,1.7671127423161386,0.0,0.0,0.0
2010-01-15 23:00:00,0.6125425011235552,0.1,230.0,2.663228265754588,0.0,0.0,0.0
2010-01-16 00:00:00,1.010753462597334,0.1,230.0,4.3945802721623215,0.0,0.0,0.0
2010-01-16 01:00:00,1.123425944518936,0.1,230.0,4.8844606283432,0.0,0.0,0.0
2010-01-16 02:00:00,1.7218919773993981,0.1,230.0,7.486486858258253,0.0,0.0,0.0
2010-01-16 03:00:00,1.937809183846003,0.1,230.0,8.425257321069578,0.0,0.0,0.0
2010-01-16 04:00:00,2.1755424360897524,0.1,230.0,9.458880156911967,0.0,0.0,0.0
2010-01-16 05:00:00,2.4895297685273885,0.1,230.0,10.824042471858212,0.0,0.0,0.0
2010-01-16 06:00:00,2.842862019118934,0.1,230.0,12.360269648343193,0.0,0.0,0.0
2010-01-16 07:00:00,3.099321406556919,0.1,230.0,13.475310463290953,0.0,0.0,0.0
2010-01-16 08:00:00,3.159717755933147,0.1,230.0,13.737903286665855,0.0,0.0,0.0
2010-01-16 09:00:00,3.1755129074476054,0.1,230.0,13.806577858467849,0.0,0.0,0.0
2010-01-16 10:00:00,3.1351684075746262,0.1,230.0,13.631166989454897,0.0,0.0,0.0
2010-01-16 11:00:00,2.758127104157649,0.1,230.0,11.991856974598475,0.0,0.0,0.0
2010-01-16 12:00:00,2.8654934397894523,0.1,230.0,12.458667129519357,0.0,0.0,0.0
2010-01-16 13:00:00,2.5533952832355826,0.1,230.0,11.101718622763403,0.0,0.0,0.0
2010-01-16 14:00:00,2.3589012345110816,0.1,230.0,10.256092323961223,0.0,0.0,0.0
2010-01-16 15:00:00,1.9912088268674197,0.1,230.0,8.657429682032259,0.0,0.0,0.0
2010-01-16 16:00:00,1.6036205106368309,0.1,230.0,6.9722630897253515,0.0,0.0,0.0
2010-01-16 17:00:00,1.400017402967759,0.1,230.0,6.0870321868163435,0.0,0.0,0.0
2010-01-16 18:00:00,0.9837505233223668,0.1,230.0,4.2771761883581165,0.0,0.0,0.0
2010-01-16 19:00:00,0.7888308244100721,0.1,230.0,3.4296992365655314,0.0,0.0,0.0
2010-01-16 20:00:00,0.5781600852020352,0.1,230.0,2.513739500878414,0.0,0.0,0.0
2010-01-16 21:00:00,0.6398841465008052,0.1,230.0,2.7821049847861095,0.0,0.0,0.0
2010-01-16 22:00:00,0.6783730221212546,0.1,230.0,2.9494479222663244,0.0,0.0,0.0
2010-01-16 23:00:00,0.8821021816676506,0.1,230.0,3.8352268768158724,0.0,0.0,0.0
2010-01-17 00:00:00,0.9998384502423533,0.1,230.0,4.347123696705884,0.0,0.0,0.0
2010-01-17 01:00:00,1.3641786924531494,0.1,230.0,5.931211706318041,0.0,0.0,0.0
2010-01-17 02:00:00,1.6849531738635344,0.1,230.0,7.325883364624063,0.0,0.0,0.0
2010-01-17 03:00:00,1.8912041345383694,0.1,230.0,8.222626671905955,0.0,0.0,0.0
2010-01-17 04:00:00,2.141533043046393,0.1,230.0,9.311013230636492,0.0,0.0,0.0
2010-01-17 05:00:00,2.6206506976577715,0.1,230.0,11.394133468077268,0.0,0.0,0.0
2010-01-17 06:00:00,2.686865750114716,0.1,230.0,11.682025000498767,0.0,0.0,0.0
2010-01-17 07:00:00,3.158158052035069,0.1,230.0,13.731121965369866,0.0,0.0,0.0
2010-01-17 08:00:00,3.0304011128214645,0.1,230.0,13.175657012267237,0.0,0.0,0.0
2010-01-17 09:00:00,3.2886857155726577,0.1,230.0,14.298633545968077,0.0,0.0,0.0
2010-01-17 10:00:00,3.1569522340735214,0.1,230.0,13.725879278580528,0.0,0.0,0.0
2010-01-17 11:00:00,3.0241756567065257,0.1,230.0,13.148589811767504,0.0,0.0,0.0
2010-01-17 12:00:00,2.7582872997642176,0.1,230.0,11.99255347723573,0.0,0.0,0.0
2010-01-17 13:00:00,2.3068048260733933,0.1,230.0,10.029586200319102,0.0,0.0,0.0
2010-01-17 14:00:00,2.0790489287648706,0.1,230.0,9.039343168542915,0.0,0.0,0.0
2010-01-17 15:00:00,1.9855000136431664,0.1,230.0,8.632608754970288,0.0,0.0,0.0
2010-01-17 16:00:00,1.8210298467931958,0.1,230.0,7.917521073013894,0.0,0.0,0.0
2010-01-17 17:00:00,1.2686052472750213,0.1,230.0,5.515674988152267,0.0,0.0,0.0
2010-01-17 18:00:00,1.2150810463130806,0.1,230.0,5.282961070926437,0.0,0.0,0.0
2010-01-17 19:00:00,0.7491917451020536,0.1,230.0,3.2573554134871894,0.0,0.0,0.0
2010-01-17 20:00:00,0.8521036061339737,0.1,230.0,3.704798287539016,0.0,0.0,0.0
2010-01-17 21:00:00,0.804965160480168,0.1,230.0,3.499848523826817,0.0,0.0,0.0
2010-01-17 22:00:00,0.5971791597234981,0.1,230.0,2.5964311292326,0.0,0.0,0.0
2010-01-17 23:00:00,0.7658079692851583,0.1,230.0,3.32959986645721,0.0,0.0,0.0
2010-01-18 00:00:00,0.7076156514720411,0.1,230.0,3.0765897890088745,0.0,0.0,0.0
2010-01-18 01:00:00,1.042772812681992,0.1,230.0,4.5337948377477915,0.0,0.0,0.0
2010-01-18 02:00:00,1.175499272570348,0.1,230.0,5.110866402479774,0.0,0.0,0.0
2010-01-18 03:00:00,1.4078921636124546,0.1,230.0,6.121270276575889,0.0,0.0,0.0
2010-01-18 04:00:00,1.6181333453790263,0.1,230.0,7.035362371213158,0.0,0.0,0.0
2010-01-18 05:00:00,1.9020225528352743,0.1,230.0,8.269663273196846,0.0,0.0,0.0
2010-01-18 06:00:00,2.3493148957529524,0.1,230.0,10.214412590230229,0.0,0.0,0.0
2010-01-18 07:00:00,2.310814297063525,0.1,230.0,10.047018682884891,0.0,0.0,0.0
2010-01-18 08:00:00,2.4958020244331545,0.1,230.0,10.851313149709368,0.0,0.0,0.0
2010-01-18 09:00:00,2.5503535396801222,0.1,230.0,11.088493650783139,0.0,0.0,0.0
2010-01-18 10:00:00,2.466424736684781,0.1,230.0,10.723585811672962,0.0,0.0,0.0
2010-01-18 11:00:00,2.3227451076424943,0.1,230.0,10.098891772358671,0.0,0.0,0.0
2010-01-18 12:00:00,2.2196562871933114,0.1,230.0,9.650679509536138,0.0,0.0,0.0
2010-01-18 13:00:00,1.9935167830108333,0.1,230.0,8.667464273960144,0.0,0.0,0.0
2010-01-18 14:00:00,1.6223543915766045,0.1,230.0,7.0537147459852365,0.0,0.0,0.0
2010-01-18 15:00:00,1.4338992268158335,0.1,230.0,6.234344464416668,0.0,0.0,0.0
2010-01-18 16:00:00,1.4570731816075604,0.1,230.0,6.335100789598089,0.0,0.0,0.0
2010-01-18 17:00:00,1.117189114491559,0.1,230.0,4.857343976050257,0.0,0.0,0.0
2010-01-18 18:00:00,0.7454465605625032,0.1,230.0,3.2410720024456663,0.0,0.0,0.0
2010-01-18 19:00:00,0.43106214371069196,0.1,230.0,1.8741832335247475,0.0,0.0,0.0
2010-01-18 20:00:00,0.6309549705805315,0.1,230.0,2.7432824807849197,0.0,0.0,0.0
2010-01-18 21:00:00,0.6080256780986942,0.1,230.0,2.6435899047769316,0.0,0.0,0.0
2010-01-18 22:00:00,0.5341251758923393,0.1,230.0,2.3222833734449537,0.0,0.0,0.0
2010-01-18 23:00:00,0.6841739535115741,0.1,230.0,2.9746693630938004,0.0,0.0,0.0
2010-01-19 00:00:00,0.7716265295441997,0.1,230.0,3.3548979545399993,0.0,0.0,0.0
2010-01-19 01:00:00,0.954759741875376,0.1,230.0,4.151129312501634,0.0,0.0,0.0
2010-01-19 02:00:00,1.4305340294105884,0.1,230.0,6.219713171350384,0.0,0.0,0.0
2010-01-19 03:00:00,1.5475334223351223,0.1,230.0,6.728406184065749,0.0,0.0,0.0
2010-01-19 04:00:00,1.7327831466061219,0.1,230.0,7.533839767852704,0.0,0.0,0.0
2010-01-19 05:00:00,2.1744352166191057,0.1,230.0,9.454066159213502,0.0,0.0,0.0
2010-01-19 06:00:00,2.149600430981571,0.1,230.0,9.346088830354656,0.0,0.0,0.0
2010-01-19 07:00:00,2.3922682267940685,0.1,230.0,10.401166203452473,0.0,0.0,0.0
2010-01-19 08:00:00,2.504241661822649,0.1,230.0,10.888007225315866,0.0,0.0,0.0
2010-01-19 09:00:00,2.6486598359345055,0.1,230.0,11.515912330150023,0.0,0.0,0.0
2010-01-19 10:00:00,2.3844781020092647,0.1,230.0,10.367296095692454,0.0,0.0,0.0
2010-01-19 11:00:00,2.365862530329462,0.1,230.0,10.2863588275194,0.0,0.0,0.0
2010-01-19 12:00:00,2.224381653916097,0.1,230.0,9.6712245822439,0.0,0.0,0.0
2010-01-19 13:00:00,2.0761655542687656,0.1,230.0,9.026806757690284,0.0,0.0,0.0
2010-01-19 14:00:00,1.675922017571926,0.1,230.0,7.286617467704026,0.0,0.0,0.0
2010-01-19 15:00:00,1.5735821521808235,0.1,230.0,6.841661531220972,0.0,0.0,0.0
2010-01-19 16:00:00,1.102350999320782,0.1,230.0,4.792830431829487,0.0,0.0,0.0
2010-01-19 17:00:00,1.0638631701701173,0.1,230.0,4.625492044217902,0.0,0.0,0.0
2010-01-19 18:00:00,0.7563023037188532,0.1,230.0,3.288270885734144,0.0,0.0,0.0
2010-01-19 19:00:00,0.44132036950313724,0.1,230.0,1.9187842152310317,0.0,0.0,0.0
2010-01-19 20:00:00,0.6660535936358409,0.1,230.0,2.8958851897210476,0.0,0.0,0.0
2010-01-19 21:00:00,0.7470235407647438,0.1,230.0,3.2479284381075817,0.0,0.0,0.0
2010-01-19 22:00:00,0.5351065215974201,0.1,230.0,2.326550093901827,0.0,0.0,0.0
2010-01-19 23:00:00,0.7144716044114383,0.1,230.0,3.106398280049732,0.0,0.0,0.0
2010-01-20 00:00:00,0.8228510170487832,0.1,230.0,3.577613117603405,0.0,0.0,0.0
2010-01-20 01:00:00,0.9952187978702167,0.1,230.0,4.327038251609638,0.0,0.0,0.0
2010-01-20 02:00:00,1.2902666668983718,0.1,230.0,5.609855073471182,0.0,0.0,0.0
2010-01-20 03:00:00,1.412613947640072,0.1,230.0,6.14179977234814,0.0,0.0,0.0
2010-01-20 04:00:00,1.8509599089112971,0.1,230.0,8.047651777875204,0.0,0.0,0.0
2010-01-20 05:00:00,1.9539228185428377,0.1,230.0,8.495316602360164,0.0,0.0,0.0
2010-01-20 06:00:00,2.2339177755695716,0.1,230.0,9.712685980737268,0.0,0.0,0.0
2010-01-20 07:00:00,2.248785290410427,0.1,230.0,9.777327349610552,0.0,0.0,0.0
2010-01-20 08:00:00,2.4042950629829125,0.1,230.0,10.45345679557788,0.0,0.0,0.0
2010-01-20 09:00:00,2.6099201294716177,0.1,230.0,11.347478823789642,0.0,0.0,0.0
2010-01-20 10:00:00,2.5112163938407264,0.1,230.0,10.918332147133594,0.0,0.0,0.0
2010-01-20 11:00:00,2.314487854043703,0.1,230.0,10.06299066975523,0.0,0.0,0.0
2010-01-20 12:00:00,2.182126890386715,0.1,230.0,9.487508219072673,0.0,0.0,0.0
2010-01-20 13:00:00,2.2244577697144665,0.1,230.0,9.67155552049768,0.0,0.0,0.0
2010-01-20 14:00:00,1.7335262282951007,0.1,230.0,7.537070557804785,0.0,0.0,0.0
2010-01-20 15:00:00,1.4695807473223454,0.1,230.0,6.389481510097154,0.0,0.0,0.0
2010-01-20 16:00:00,1.2207227284994182,0.1,230.0,5.307490123910514,0.0,0.0,0.0
2010-01-20 17:00:00,0.9415767637391548,0.1,230.0,4.0938120162571945,0.0,0.0,0.0
2010-01-20 18:00:00,0.8729222792830488,0.1,230.0,3.795314257752386,0.0,0.0,0.0
2010-01-20 19:00:00,0.6264359552674722,0.1,230.0,2.7236345881194444,0.0,0.0,0.0
2010-01-20 20:00:00,0.43742330045694305,0.1,230.0,1.9018404367693178,0.0,0.0,0.0
2010-01-20 21:00:00,0.4632915355055117,0.1,230.0,2.0143110239370077,0.0,0.0,0.0
2010-01-20 22:00:00,0.3586160099623261,0.1,230.0,1.5592000433144615,0.0,0.0,0.0
2010-01-20 23:00:00,0.6666976038182266,0.1,230.0,2.89868523399229,0.0,0.0,0.0
2010-01-21 00:00:00,0.587235860558964,0.1,230.0,2.5531993937346265,0.0,0.0,0.0
2010-01-21 01:00:00,0.8543189532981172,0.1,230.0,3.7144302317309443,0.0,0.0,0.0
2010-01-21 02:00:00,1.1281696821157559,0.1,230.0,4.90508557441633,0.0,0.0,0.0
2010-01-21 03:00:00,1.6219814910879802,0.1,230.0,7.052093439512958,0.0,0.0,0.0
2010-01-21 04:00:00,1.8850340231562588,0.1,230.0,8.195800100679387,0.0,0.0,0.0
2010-01-21 05:00:00,1.9460301703987721,0.1,230.0,8.461000740864227,0.0,0.0,0.0
2010-01-21 06:00:00,2.25689349798213,0.1,230.0,9.812580426009262,0.0,0.0,0.0
2010-01-21 07:00:00,2.4088486882745945,0.1,230.0,10.473255166411281,0.0,0.0,0.0
2010-01-21 08:00:00,2.5937532316655747,0.1,230.0,11.27718796376337,0.0,0.0,0.0
2010-01-21 09:00:00,2.3178413045484167,0.1,230.0,10.077570889340942,0.0,0.0,0.0
2010-01-21 10:00:00,2.493235765286445,0.1,230.0,10.840155501245414,0.0,0.0,0.0
2010-01-21 11:00:00,2.2599136593945994,0.1,230.0,9.825711562585216,0.0,0.0,0.0
2010-01-21 12:00:00,2.2665661263047427,0.1,230.0,9.85463533175975,0.0,0.0,0.0
2010-01-21 13:00:00,2.161047012895195,0.1,230.0,9.395856577805196,0.0,0.0,0.0
2010-01-21 14:00:00,1.8066191959486602,0.1,230.0,7.854866069342001,0.0,0.0,0.0
2010-01-21 15:00:00,1.641114033605159,0.1,230.0,7.135278406978952,0.0,0.0,0.0
2010-01-21 16:00:00,1.249610244338604,0.1,230.0,5.433088018863495,0.0,0.0,0.0
2010-01-21 17:00:00,0.9540760886863487,0.1,230.0,4.148156907331951,0.0,0.0,0.0
2010-01-21 18:00:00,0.7750118282447345,0.1,230.0,3.3696166445423237,0.0,0.0,0.0
2010-01-21 19:00:00,0.754707106425611,0.1,230.0,3.2813352453287434,0.0,0.0,0.0
2010-01-21 20:00:00,0.6040150542913562,0.1,230.0,2.626152409962418,0.0,0.0,0.0
2010-01-21 21:00:00,0.3979227085294202,0.1,230.0,1.7300987327366093,0.0,0.0,0.0
2010-01-21 22:00:00,0.47726229875050136,0.1,230.0,2.075053472828267,0.0,0.0,0.0
2010-01-21 23:00:00,0.5906728785399964,0.1,230.0,2.5681429501738973,0.0,0.0,0.0
2010-01-22 00:00:00,0.7592480841987408,0.1,230.0,3.301078626951047,0.0,0.0,0.0
2010-01-22 01:00:00,1.0184410857497679,0.1,230.0,4.428004720651165,0.0,0.0,0.0
2010-01-22 02:00:00,1.2251739269986963,0.1,230.0,5.326843160863897,0.0,0.0,0.0
2010-01-22 03:00:00,1.3973198250173606,0.1,230.0,6.075303587032003,0.0,0.0,0.0
2010-01-22 04:00:00,1.7201881808140498,0.1,230.0,7.479079047017607,0.0,0.0,0.0
2010-01-22 05:00:00,2.0664592962567747,0.1,230.0,8.98460563589902,0.0,0.0,0.0
2010-01-22 06:00:00,2.1241156111254704,0.1,230.0,9.235285265762915,0.0,0.0,0.0
2010-01-22 07:00:00,2.276018081390391,0.1,230.0,9.895730788653873,0.0,0.0,0.0
2010-01-22 08:00:00,2.404897093170749,0.1,230.0,10.456074318133691,0.0,0.0,0.0
2010-01-22 09:00:00,2.5762950344051294,0.1,230.0,11.201282758283172,0.0,0.0,0.0
2010-01-22 10:00:00,2.560429698051499,0.1,230.0,11.132303035006515,0.0,0.0,0.0
2010-01-22 11:00:00,2.213940452732201,0.1,230.0,9.625828055357397,0.0,0.0,0.0
2010-01-22 12:00:00,2.2279960758974364,0.1,230.0,9.686939460423638,0.0,0.0,0.0
2010-01-22 13:00:00,2.0643343187307024,0.1,230.0,8.975366603176967,0.0,0.0,0.0
2010-01-22 14:00:00,1.748657520314888,0.1,230.0,7.602858783977774,0.0,0.0,0.0
2010-01-22 15:00:00,1.4577466730079631,0.1,230.0,6.338029013078101,0.0,0.0,0.0
2010-01-22 16:00:00,1.3382484072130223,0.1,230.0,5.818471335708793,0.0,0.0,0.0
2010-01-22 17:00:00,1.0420359145059712,0.1,230.0,4.530590932634658,0.0,0.0,0.0
2010-01-22 18:00:00,0.7203453793859322,0.1,230.0,3.1319364321127487,0.0,0.0,0.0
2010-01-22 19:00:00,0.5753247975745306,0.1,230.0,2.5014121633675246,0.0,0.0,0.0
2010-01-22 20:00:00,0.6969517470325812,0.1,230.0,3.0302249870981792,0.0,0.0,0.0
2010-01-22 21:00:00,0.3770840806738583,0.1,230.0,1.6394960029298187,0.0,0.0,0.0
2010-01-22 22:00:00,0.6020415244460193,0.1,230.0,2.6175718454174755,0.0,0.0,0.0
2010-01-22 23:00:00,0.6774604371298648,0.1,230.0,2.9454801614341948,0.0,0.0,0.0
2010-01-23 00:00:00,0.8042001221505579,0.1,230.0,3.4965222702198173,0.0,0.0,0.0
2010-01-23 01:00:00,1.019419946147029,0.1,230.0,4.432260635421866,0.0,0.0,0.0
2010-01-23 02:00:00,1.6106492369883756,0.1,230.0,7.002822769514677,0.0,0.0,0.0
2010-01-23 03:00:00,1.9796225606826752,0.1,230.0,8.607054611663806,0.0,0.0,0.0
2010-01-23 04:00:00,2.4139288131817143,0.1,230.0,10.495342666007453,0.0,0.0,0.0
2010-01-23 05:00:00,2.5007279872493955,0.1,230.0,10.872730379345198,0.0,0.0,0.0
2010-01-23 06:00:00,2.9847610744738935,0.1,230.0,12.977222062929972,0.0,0.0,0.0
2010-01-23 07:00:00,3.1499376722770713,0.1,230.0,13.695381183813353,0.0,0.0,0.0
2010-01-23 08:00:00,3.2352081331615885,0.1,230.0,14.066122318093864,0.0,0.0,0.0
2010-01-23 09:00:00,3.305127782969831,0.1,230.0,14.370120795521004,0.0,0.0,0.0
2010-01-23 10:00:00,3.176615914281463,0.1,230.0,13.811373540354188,0.0,0.0,0.0
2010-01-23 11:00:00,3.136339892773454,0.1,230.0,13.636260403362842,0.0,0.0,0.0
2010-01-23 12:00:00,2.748630988338422,0.1,230.0,11.950569514514878,0.0,0.0,0.0
2010-01-23 13:00:00,2.410352668568798,0.1,230.0,10.479794211168686,0.0,0.0,0.0
2010-01-23 14:00:00,2.201329032985735,0.1,230.0,9.570995795590152,0.0,0.0,0.0
2010-01-23 15:00:00,1.8963803319201746,0.1,230.0,8.245131877913803,0.0,0.0,0.0
2010-01-23 16:00:00,1.6160421345141514,0.1,230.0,7.026270150061527,0.0,0.0,0.0
2010-01-23 17:00:00,1.3500650822530424,0.1,230.0,5.86984818370888,0.0,0.0,0.0
2010-01-23 18:00:00,0.8744928576706809,0.1,230.0,3.802142859437743,0.0,0.0,0.0
2010-01-23 19:00:00,0.9389653574245314,0.1,230.0,4.082458075758832,0.0,0.0,0.0
2010-01-23 20:00:00,0.7986227458220255,0.1,230.0,3.47227280792185,0.0,0.0,0.0
2010-01-23 21:00:00,0.6159795947422966,0.1,230.0,2.6781721510534635,0.0,0.0,0.0
2010-01-23 22:00:00,0.5397815781131945,0.1,230.0,2.3468764265791067,0.0,0.0,0.0
2010-01-23 23:00:00,0.6113373906816096,0.1,230.0,2.6579886551374337,0.0,0.0,0.0
2010-01-24 00:00:00,1.0027801516817811,0.1,230.0,4.359913702964266,0.0,0.0,0.0
2010-01-24 01:00:00,1.312590025386166,0.1,230.0,5.706913153852896,0.0,0.0,0.0
2010-01-24 02:00:00,1.452939030217272,0.1,230.0,6.317126218335964,0.0,0.0,0.0
2010-01-24 03:00:00,2.0370587190282583,0.1,230.0,8.856777039253297,0.0,0.0,0.0
2010-01-24 04:00:00,2.3084508571935234,0.1,230.0,10.036742857363146,0.0,0.0,0.0
2010-01-24 05:00:00,2.4814658036822896,0.1,230.0,10.78898175514039,0.0,0.0,0.0
2010-01-24 06:00:00,2.849526928147239,0.1,230.0,12.38924751368365,0.0,0.0,0.0
2010-01-24 07:00:00,3.1632720440655495,0.1,230.0,13.753356713328476,0.0,0.0,0.0
2010-01-24 08:00:00,3.3131093086183605,0.1,230.0,14.404823080949393,0.0,0.0,0.0
2010-01-24 09:00:00,3.221979368786064,0.1,230.0,14.008605951243757,0.0,0.0,0.0
2010-01-24 10:00:00,3.1878700240263647,0.1,230.0,13.860304452288542,0.0,0.0,0.0
2010-01-24 11:00:00,3.0792255045188983,0.1,230.0,13.387936976169122,0.0,0.0,0.0
2010-01-24 12:00:00,2.7753916897269466,0.1,230.0,12.066920390117158,0.0,0.0,0.0
2010-01-24 13:00:00,2.451388450704692,0.1,230.0,10.658210655237792,0.0,0.0,0.0
2010-01-24 14:00:00,2.2613568520879137,0.1,230.0,9.831986313425713,0.0,0.0,0.0
2010-01-24 15:00:00,1.8557236454180517,0.1,230.0,8.06836367573066,0.0,0.0,0.0
2010-01-24 16:00:00,1.7113467444351969,0.1,230.0,7.4406380192834645,0.0,0.0,0.0
2010-01-24 17:00:00,1.3477766087389238,0.1,230.0,5.859898298864886,0.0,0.0,0.0
2010-01-24 18:00:00,1.0486726344025081,0.1,230.0,4.559446236532644,0.0,0.0,0.0
2010-01-24 19:00:00,0.7336168731986576,0.1,230.0,3.1896385791245985,0.0,0.0,0.0
2010-01-24 20:00:00,0.611202526708516,0.1,230.0,2.657402290037026,0.0,0.0,0.0
2010-01-24 21:00:00,0.6270671281863152,0.1,230.0,2.72637881820137,0.0,0.0,0.0
2010-01-24 22:00:00,0.5461960077129657,0.1,230.0,2.3747652509259383,0.0,0.0,0.0
2010-01-24 23:00:00,0.7724778867536773,0.1,230.0,3.358599507624684,0.0,0.0,0.0
2010-01-25 00:00:00,0.8376734493933417,0.1,230.0,3.642058475623225,0.0,0.0,0.0
2010-01-25 01:00:00,1.0071926319374864,0.1,230.0,4.379098399728202,0.0,0.0,0.0
2010-01-25 02:00:00,1.2077279080053944,0.1,230.0,5.250990904371281,0.0,0.0,0.0
2010-01-25 03:00:00,1.4118794354928264,0.1,230.0,6.138606241273158,0.0,0.0,0.0
2010-01-25 04:00:00,1.6606388321432262,0.1,230.0,7.220168835405331,0.0,0.0,0.0
2010-01-25 05:00:00,2.0536040102695443,0.1,230.0,8.928713088128454,0.0,0.0,0.0
2010-01-25 06:00:00,2.3163565213586583,0.1,230.0,10.071115310255037,0.0,0.0,0.0
2010-01-25 07:00:00,2.405129051576481,0.1,230.0,10.457082832941222,0.0,0.0,0.0
2010-01-25 08:00:00,2.397013528737296,0.1,230.0,10.42179795103172,0.0,0.0,0.0
2010-01-25 09:00:00,2.6191793114121285,0.1,230.0,11.387736136574471,0.0,0.0,0.0
2010-01-25 10:00:00,2.446568309817967,0.1,230.0,10.637253520947683,0.0,0.0,0.0
2010-01-25 11:00:00,2.2259771866570053,0.1,230.0,9.678161681117414,0.0,0.0,0.0
2010-01-25 12:00:00,2.197251413927433,0.1,230.0,9.553267017075793,0.0,0.0,0.0
2010-01-25 13:00:00,1.929775894460833,0.1,230.0,8.390329975916664,0.0,0.0,0.0
2010-01-25 14:00:00,1.7043330143217306,0.1,230.0,7.410143540529264,0.0,0.0,0.0
2010-01-25 15:00:00,1.4183668310235982,0.1,230.0,6.166812308798253,0.0,0.0,0.0
2010-01-25 16:00:00,1.0616560634874705,0.1,230.0,4.6158959282063945,0.0,0.0,0.0
2010-01-25 17:00:00,0.9472275558325965,0.1,230.0,4.118380677533028,0.0,0.0,0.0
2010-01-25 18:00:00,0.6592898817050931,0.1,230.0,2.866477746543883,0.0,0.0,0.0
2010-01-25 19:00:00,0.5944355968265668,0.1,230.0,2.5845025948981166,0.0,0.0,0.0
2010-01-25 20:00:00,0.6710856346771318,0.1,230.0,2.9177636290310076,0.0,0.0,0.0
2010-01-25 21:00:00,0.32601357171381834,0.1,230.0,1.4174503117992103,0.0,0.0,0.0
2010-01-25 22:00:00,0.5253477674679743,0.1,230.0,2.2841207281216276,0.0,0.0,0.0
2010-01-25 23:00:00,0.6702440156945096,0.1,230.0,2.914104416063086,0.0,0.0,0.0
2010-01-26 00:00:00,0.7390790953583164,0.1,230.0,3.213387371123115,0.0,0.0,0.0
2010-01-26 01:00:00,0.9758965096319696,0.1,230.0,4.243028302747694,0.0,0.0,0.0
2010-01-26 02:00:00,1.2252244149756832,0.1,230.0,5.327062673807318,0.0,0.0,0.0
2010-01-26 03:00:00,1.5008739426402864,0.1,230.0,6.5255388810447235,0.0,0.0,0.0
2010-01-26 04:00:00,1.9586871665644439,0.1,230.0,8.516031158975844,0.0,0.0,0.0
2010-01-26 05:00:00,2.0431505960171528,0.1,230.0,8.883263460944143,0.0,0.0,0.0
2010-01-26 06:00:00,2.265708809777727,0.1,230.0,9.850907868598814,0.0,0.0,0.0
2010-01-26 07:00:00,2.438399324928405,0.1,230.0,10.60173619534089,0.0,0.0,0.0
2010-01-26 08:00:00,2.3876108740641135,0.1,230.0,10.380916843757015,0.0,0.0,0.0
2010-01-26 09:00:00,2.5173646941374566,0.1,230.0,10.945063887554157,0.0,0.0,0.0
2010-01-26 10:00:00,2.4136931078523824,0.1,230.0,10.494317860227751,0.0,0.0,0.0
2010-01-26 11:00:00,2.262867834493598,0.1,230.0,9.83855580214608,0.0,0.0,0.0
2010-01-26 12:00:00,2.1708993966676804,0.1,230.0,9.438693028989915,0.0,0.0,0.0
2010-01-26 13:00:00,2.1278911212409963,0.1,230.0,9.251700527134766,0.0,0.0,0.0
2010-01-26 14:00:00,2.0621463666388244,0.1,230.0,8.965853767994888,0.0,0.0,0.0
2010-01-26 15:00:00,1.4453520176022396,0.1,230.0,6.284139206966259,0.0,0.0,0.0
2010-01-26 16:00:00,1.3362200536973183,0.1,230.0,5.8096524073796445,0.0,0.0,0.0
2010-01-26 17:00:00,1.0160719507812912,0.1,230.0,4.417704133831701,0.0,0.0,0.0
2010-01-26 18:00:00,0.8168894841597666,0.1,230.0,3.5516934093902894,0.0,0.0,0.0
2010-01-26 19:00:00,0.5989321498795186,0.1,230.0,2.6040528255631243,0.0,0.0,0.0
2010-01-26 20:00:00,0.45926549514114384,0.1,230.0,1.9968065006136688,0.0,0.0,0.0
2010-01-26 21:00:00,0.4423327714801354,0.1,230.0,1.9231859629571102,0.0,0.0,0.0
2010-01-26 22:00:00,0.45645134863110753,0.1,230.0,1.9845710810048154,0.0,0.0,0.0
2010-01-26 23:00:00,0.6545803258000428,0.1,230.0,2.846001416521925,0.0,0.0,0.0
2010-01-27 00:00:00,0.7973997013395758,0.1,230.0,3.466955223215547,0.0,0.0,0.0
2010-01-27 01:00:00,1.0324080808884686,0.1,230.0,4.488730786471602,0.0,0.0,0.0
2010-01-27 02:00:00,1.2136855846762915,0.1,230.0,5.276893846418658,0.0,0.0,0.0
2010-01-27 03:00:00,1.5066939174771172,0.1,230.0,6.5508431194657275,0.0,0.0,0.0
2010-01-27 04:00:00,1.8192319640623253,0.1,230.0,7.909704191575328,0.0,0.0,0.0
2010-01-27 05:00:00,2.0412230503988584,0.1,230.0,8.874882827821123,0.0,0.0,0.0
2010-01-27 06:00:00,2.3951395476921897,0.1,230.0,10.413650207357348,0.0,0.0,0.0
2010-01-27 07:00:00,2.4319390350268697,0.1,230.0,10.573647978377693,0.0,0.0,0.0
2010-01-27 08:00:00,2.510511993612393,0.1,230.0,10.915269537445186,0.0,0.0,0.0
2010-01-27 09:00:00,2.5323889334132437,0.1,230.0,11.010386667014103,0.0,0.0,0.0
2010-01-27 10:00:00,2.5424888448971603,0.1,230.0,11.054299325639827,0.0,0.0,0.0
2010-01-27 11:00:00,2.364414120352895,0.1,230.0,10.280061392838675,0.0,0.0,0.0
2010-01-27 12:00:00,2.227217109622759,0.1,230.0,9.683552650533734,0.0,0.0,0.0
2010-01-27 13:00:00,2.0240989860073806,0.1,230.0,8.800430373945133,0.0,0.0,0.0
2010-01-27 14:00:00,1.6782580718261542,0.1,230.0,7.296774225331106,0.0,0.0,0.0
2010-01-27 15:00:00,1.5300584922493243,0.1,230.0,6.652428227170976,0.0,0.0,0.0
2010-01-27 16:00:00,1.2542105551984726,0.1,230.0,5.453089370428142,0.0,0.0,0.0
2010-01-27 17:00:00,1.0951980015331753,0.1,230.0,4.761730441448589,0.0,0.0,0.0
2010-01-27 18:00:00,0.8237209042815034,0.1,230.0,3.5813952360065366,0.0,0.0,0.0
2010-01-27 19:00:00,0.8298950219687325,0.1,230.0,3.608239225951011,0.0,0.0,0.0
2010-01-27 20:00:00,0.5446242232604591,0.1,230.0,2.367931405480257,0.0,0.0,0.0
2010-01-27 21:00:00,0.4422176918279646,0.1,230.0,1.9226856166433244,0.0,0.0,0.0
2010-01-27 22:00:00,0.49981609023552576,0.1,230.0,2.1731134358066337,0.0,0.0,0.0
2010-01-27 23:00:00,0.6517755523055084,0.1,230.0,2.8338067491543844,0.0,0.0,0.0
2010-01-28 00:00:00,0.9605026164448818,0.1,230.0,4.176098332369051,0.0,0.0,0.0
2010-01-28 01:00:00,1.1016408947072582,0.1,230.0,4.78974302046634,0.0,0.0,0.0
2010-01-28 02:00:00,1.151299096438714,0.1,230.0,5.005648245385713,0.0,0.0,0.0
2010-01-28 03:00:00,1.267063468250271,0.1,230.0,5.508971601088135,0.0,0.0,0.0
2010-01-28 04:00:00,1.7144786023090597,0.1,230.0,7.4542547926480855,0.0,0.0,0.0
2010-01-28 05:00:00,1.9283958099199403,0.1,230.0,8.384329608347567,0.0,0.0,0.0
2010-01-28 06:00:00,2.302681023637993,0.1,230.0,10.011656624513012,0.0,0.0,0.0
2010-01-28 07:00:00,2.2390144881529332,0.1,230.0,9.734845600664928,0.0,0.0,0.0
2010-01-28 08:00:00,2.4467537292523733,0.1,230.0,10.638059692401624,0.0,0.0,0.0
2010-01-28 09:00:00,2.3793889368808103,0.1,230.0,10.345169290786131,0.0,0.0,0.0
2010-01-28 10:00:00,2.3443752072058275,0.1,230.0,10.192935683503597,0.0,0.0,0.0
2010-01-28 11:00:00,2.15442677199922,0.1,230.0,9.367072921735739,0.0,0.0,0.0
2010-01-28 12:00:00,2.1587389733655584,0.1,230.0,9.385821623328514,0.0,0.0,0.0
2010-01-28 13:00:00,2.046482445235618,0.1,230.0,8.89774976189399,0.0,0.0,0.0
2010-01-28 14:00:00,1.688520576596654,0.1,230.0,7.341393811289801,0.0,0.0,0.0
2010-01-28 15:00:00,1.4605605372406925,0.1,230.0,6.350263205394315,0.0,0.0,0.0
2010-01-28 16:00:00,1.2909796167097636,0.1,230.0,5.612954855259842,0.0,0.0,0.0
2010-01-28 17:00:00,1.1187385323658734,0.1,230.0,4.864080575503798,0.0,0.0,0.0
2010-01-28 18:00:00,0.7575251738756603,0.1,230.0,3.293587712502871,0.0,0.0,0.0
2010-01-28 19:00:00,0.7302185813307944,0.1,230.0,3.1748633970904105,0.0,0.0,0.0
2010-01-28 20:00:00,0.5236762550510764,0.1,230.0,2.276853282830767,0.0,0.0,0.0
2010-01-28 21:00:00,0.6894037205425306,0.1,230.0,2.9974074806196986,0.0,0.0,0.0
2010-01-28 22:00:00,0.5381019324228528,0.1,230.0,2.3395736192297947,0.0,0.0,0.0
2010-01-28 23:00:00,0.5474252140048776,0.1,230.0,2.3801096261081636,0.0,0.0,0.0
2010-01-29 00:00:00,0.8503936200721128,0.1,230.0,3.6973635655309254,0.0,0.0,0.0
2010-01-29 01:00:00,1.100385455224808,0.1,230.0,4.784284587933948,0.0,0.0,0.0
2010-01-29 02:00:00,1.1755387040672276,0.1,230.0,5.111037843770555,0.0,0.0,0.0
2010-01-29 03:00:00,1.499221866110496,0.1,230.0,6.518355939610852,0.0,0.0,0.0
2010-01-29 04:00:00,1.5202669685038133,0.1,230.0,6.609856384799189,0.0,0.0,0.0
2010-01-29 05:00:00,1.9361666393903252,0.1,230.0,8.418115823436196,0.0,0.0,0.0
2010-01-29 06:00:00,2.2428793731109433,0.1,230.0,9.751649448308449,0.0,0.0,0.0
2010-01-29 07:00:00,2.226950786482611,0.1,230.0,9.682394723837438,0.0,0.0,0.0
2010-01-29 08:00:00,2.499541047333165,0.1,230.0,10.867569771013763,0.0,0.0,0.0
2010-01-29 09:00:00,2.4842649581462175,0.1,230.0,10.801151991940076,0.0,0.0,0.0
2010-01-29 10:00:00,2.466721863777512,0.1,230.0,10.724877668597877,0.0,0.0,0.0
2010-01-29 11:00:00,2.342332740799665,0.1,230.0,10.18405539478115,0.0,0.0,0.0
2010-01-29 12:00:00,2.315282235245085,0.1,230.0,10.066444501065586,0.0,0.0,0.0
2010-01-29 13:00:00,1.90375878061587,0.1,230.0,8.277212089634217,0.0,0.0,0.0
2010-01-29 14:00:00,1.8360425513265088,0.1,230.0,7.982793701419603,0.0,0.0,0.0
2010-01-29 15:00:00,1.438720218488076,0.1,230.0,6.255305297774244,0.0,0.0,0.0
2010-01-29 16:00:00,1.2509773097206227,0.1,230.0,5.439031781394012,0.0,0.0,0.0
2010-01-29 17:00:00,1.0414893278626105,0.1,230.0,4.528214468967872,0.0,0.0,0.0
2010-01-29 18:00:00,0.8101285274736828,0.1,230.0,3.522297945537751,0.0,0.0,0.0
2010-01-29 19:00:00,0.6362270677429431,0.1,230.0,2.7662046423606226,0.0,0.0,0.0
2010-01-29 20:00:00,0.5963363725121233,0.1,230.0,2.5927668370092323,0.0,0.0,0.0
2010-01-29 21:00:00,0.44199545628070536,0.1,230.0,1.9217193751335016,0.0,0.0,0.0
2010-01-29 22:00:00,0.554828297476819,0.1,230.0,2.4122969455513874,0.0,0.0,0.0
2010-01-29 23:00:00,0.6593553814501624,0.1,230.0,2.866762528044184,0.0,0.0,0.0
2010-01-30 00:00:00,1.0283034704938652,0.1,230.0,4.470884654321154,0.0,0.0,0.0
2010-01-30 01:00:00,1.3272091465775664,0.1,230.0,5.770474550337245,0.0,0.0,0.0
2010-01-30 02:00:00,1.722974123062847,0.1,230.0,7.491191839403682,0.0,0.0,0.0
2010-01-30 03:00:00,2.067091862164838,0.1,230.0,8.98735592245582,0.0,0.0,0.0
2010-01-30 04:00:00,2.2122347938874394,0.1,230.0,9.618412147336693,0.0,0.0,0.0
2010-01-30 05:00:00,2.7657189118769536,0.1,230.0,12.024864834247625,0.0,0.0,0.0
2010-01-30 06:00:00,2.8144276885206456,0.1,230.0,12.236642124002806,0.0,0.0,0.0
2010-01-30 07:00:00,2.9834567351994745,0.1,230.0,12.97155102260641,0.0,0.0,0.0
2010-01-30 08:00:00,3.202669311997675,0.1,230.0,13.924649182598586,0.0,0.0,0.0
2010-01-30 09:00:00,3.1356525960060515,0.1,230.0,13.63327215654805,0.0,0.0,0.0
2010-01-30 10:00:00,3.0727063410943454,0.1,230.0,13.35959278736672,0.0,0.0,0.0
2010-01-30 11:00:00,3.0771690221118937,0.1,230.0,13.378995748312581,0.0,0.0,0.0
2010-01-30 12:00:00,2.958874037627656,0.1,230.0,12.864669728815896,0.0,0.0,0.0
2010-01-30 13:00:00,2.5549475514715883,0.1,230.0,11.108467615093861,0.0,0.0,0.0
2010-01-30 14:00:00,2.2768165802942693,0.1,230.0,9.899202523018563,0.0,0.0,0.0
2010-01-30 15:00:00,2.1730033791755496,0.1,230.0,9.447840779024128,0.0,0.0,0.0
2010-01-30 16:00:00,1.6911531889401585,0.1,230.0,7.352839951913733,0.0,0.0,0.0
2010-01-30 17:00:00,1.2428171032434112,0.1,230.0,5.40355262279744,0.0,0.0,0.0
2010-01-30 18:00:00,0.8237638309807443,0.1,230.0,3.5815818738293235,0.0,0.0,0.0
2010-01-30 19:00:00,0.7398178932353869,0.1,230.0,3.21659953580603,0.0,0.0,0.0
2010-01-30 20:00:00,0.8144634069871154,0.1,230.0,3.541145247770067,0.0,0.0,0.0
2010-01-30 21:00:00,0.7420893162967847,0.1,230.0,3.2264752882468897,0.0,0.0,0.0
2010-01-30 22:00:00,0.6860549252016777,0.1,230.0,2.982847500876859,0.0,0.0,0.0
2010-01-30 23:00:00,0.7814259883256404,0.1,230.0,3.3975042970680014,0.0,0.0,0.0
2010-01-31 00:00:00,1.0217026485810967,0.1,230.0,4.442185428613464,0.0,0.0,0.0
2010-01-31 01:00:00,1.1558740334489979,0.1,230.0,5.025539275865208,0.0,0.0,0.0
2010-01-31 02:00:00,1.6803517374164687,0.1,230.0,7.305877119202038,0.0,0.0,0.0
2010-01-31 03:00:00,1.8412791544035907,0.1,230.0,8.005561540885177,0.0,0.0,0.0
2010-01-31 04:00:00,2.2951518731963727,0.1,230.0,9.978921187810316,0.0,0.0,0.0
2010-01-31 05:00:00,2.8218251361972277,0.1,230.0,12.268804939987948,0.0,0.0,0.0
2010-01-31 06:00:00,2.761996279394532,0.1,230.0,12.0086794756284,0.0,0.0,0.0
2010-01-31 07:00:00,3.083168821955963,0.1,230.0,13.405081834591142,0.0,0.0,0.0
2010-01-31 08:00:00,3.1438964058432064,0.1,230.0,13.669114808013942,0.0,0.0,0.0
2010-01-31 09:00:00,3.1695901786262906,0.1,230.0,13.780826863592567,0.0,0.0,0.0
2010-01-31 10:00:00,3.1132559391829444,0.1,230.0,13.535895387751932,0.0,0.0,0.0
2010-01-31 11:00:00,3.173181673097497,0.1,230.0,13.796442056945638,0.0,0.0,0.0
2010-01-31 12:00:00,2.932635899200762,0.1,230.0,12.75059086609027,0.0,0.0,0.0
2010-01-31 13:00:00,2.684989809593781,0.1,230.0,11.673868737364266,0.0,0.0,0.0
2010-01-31 14:00:00,2.430932589207946,0.1,230.0,10.56927212699107,0.0,0.0,0.0
2010-01-31 15:00:00,1.9868941374851063,0.1,230.0,8.638670162978723,0.0,0.0,0.0
2010-01-31 16:00:00,1.6157858281414954,0.1,230.0,7.0251557745282405,0.0,0.0,0.0
2010-01-31 17:00:00,1.2584059933269132,0.1,230.0,5.471330405769188,0.0,0.0,0.0
2010-01-31 18:00:00,0.9218602004788776,0.1,230.0,4.008087828169033,0.0,0.0,0.0
2010-01-31 19:00:00,0.8681456701505436,0.1,230.0,3.774546391958885,0.0,0.0,0.0
2010-01-31 20:00:00,0.6117445956119251,0.1,230.0,2.659759111356196,0.0,0.0,0.0
2010-01-31 21:00:00,0.5338418308535099,0.1,230.0,2.3210514384935212,0.0,0.0,0.0
2010-01-31 22:00:00,0.6973362746343147,0.1,230.0,3.0318968462361506,0.0,0.0,0.0
2010-01-31 23:00:00,0.8154525379285161,0.1,230.0,3.545445817080505,0.0,0.0,0.0
2010-02-01 00:00:00,0.7315983013277355,0.1,230.0,3.1808621796858065,0.0,0.0,0.0
2010-02-01 01:00:00,1.0888268200742144,0.1,230.0,4.734029652496584,0.0,0.0,0.0
2010-02-01 02:00:00,1.2000667459148242,0.1,230.0,5.217681503977497,0.0,0.0,0.0
2010-02-01 03:00:00,1.4459840055646274,0.1,230.0,6.286886980715771,0.0,0.0,0.0
2010-02-01 04:00:00,1.7900977060311731,0.1,230.0,7.783033504483361,0.0,0.0,0.0
2010-02-01 05:00:00,2.063912327286474,0.1,230.0,8.973531857767279,0.0,0.0,0.0
2010-02-01 06:00:00,2.1152402283407343,0.1,230.0,9.196696644959713,0.0,0.0,0.0
2010-02-01 07:00:00,2.330420807163786,0.1,230.0,10.132264378972984,0.0,0.0,0.0
2010-02-01 08:00:00,2.4144650196450073,0.1,230.0,10.497673998456554,0.0,0.0,0.0
2010-02-01 09:00:00,2.4730332564520165,0.1,230.0,10.752318506313117,0.0,0.0,0.0
2010-02-01 10:00:00,2.5040845929848414,0.1,230.0,10.887324317325398,0.0,0.0,0.0
2010-02-01 11:00:00,2.3840787578065727,0.1,230.0,10.365559816550316,0.0,0.0,0.0
2010-02-01 12:00:00,2.2577400650911317,0.1,230.0,9.816261152570139,0.0,0.0,0.0
2010-02-01 13:00:00,2.113384935704175,0.1,230.0,9.188630155235543,0.0,0.0,0.0
2010-02-01 14:00:00,1.730497065210099,0.1,230.0,7.5239002835221696,0.0,0.0,0.0
2010-02-01 15:00:00,1.4733703400537925,0.1,230.0,6.4059580002338805,0.0,0.0,0.0
2010-02-01 16:00:00,1.1309778247766806,0.1,230.0,4.917294890333394,0.0,0.0,0.0
2010-02-01 17:00:00,1.0550966690169217,0.1,230.0,4.587376821812703,0.0,0.0,0.0
2010-02-01 18:00:00,0.9683613661108665,0.1,230.0,4.210266809177681,0.0,0.0,0.0
2010-02-01 19:00:00,0.6517791607029705,0.1,230.0,2.833822437839002,0.0,0.0,0.0
2010-02-01 20:00:00,0.47203065383087706,0.1,230.0,2.0523071905690307,0.0,0.0,0.0
2010-02-01 21:00:00,0.36271405273983726,0.1,230.0,1.577017620607988,0.0,0.0,0.0
2010-02-01 22:00:00,0.5544278595068322,0.1,230.0,2.4105559108992702,0.0,0.0,0.0
2010-02-01 23:00:00,0.6538769839739834,0.1,230.0,2.8429434085825367,0.0,0.0,0.0
2010-02-02 00:00:00,0.7215892018999219,0.1,230.0,3.137344356086617,0.0,0.0,0.0
2010-02-02 01:00:00,1.2025416074152535,0.1,230.0,5.228441771370668,0.0,0.0,0.0
2010-02-02 02:00:00,1.2644158967617554,0.1,230.0,5.497460420703285,0.0,0.0,0.0
2010-02-02 03:00:00,1.5078623711138948,0.1,230.0,6.555923352669108,0.0,0.0,0.0
2010-02-02 04:00:00,1.8136443368632547,0.1,230.0,7.88541016027502,0.0,0.0,0.0
2010-02-02 05:00:00,1.9417358838931424,0.1,230.0,8.442329929970185,0.0,0.0,0.0
2010-02-02 06:00:00,2.3396944351490077,0.1,230.0,10.17258450064786,0.0,0.0,0.0
2010-02-02 07:00:00,2.380003358187451,0.1,230.0,10.347840687771528,0.0,0.0,0.0
2010-02-02 08:00:00,2.3626846028782342,0.1,230.0,10.272541751644496,0.0,0.0,0.0
2010-02-02 09:00:00,2.4598218045035916,0.1,230.0,10.69487741088518,0.0,0.0,0.0
2010-02-02 10:00:00,2.4748922532785436,0.1,230.0,10.760401101211059,0.0,0.0,0.0
2010-02-02 11:00:00,2.1941048165994266,0.1,230.0,9.539586159127941,0.0,0.0,0.0
2010-02-02 12:00:00,2.085988080905787,0.1,230.0,9.06951339524255,0.0,0.0,0.0
2010-02-02 13:00:00,1.9623980391824896,0.1,230.0,8.532165387749954,0.0,0.0,0.0
2010-02-02 14:00:00,1.6614350132029545,0.1,230.0,7.223630492186759,0.0,0.0,0.0
2010-02-02 15:00:00,1.2680098061696174,0.1,230.0,5.513086113780945,0.0,0.0,0.0
2010-02-02 16:00:00,1.2730135193779442,0.1,230.0,5.534841388599758,0.0,0.0,0.0
2010-02-02 17:00:00,0.9105873603786355,0.1,230.0,3.959075479907111,0.0,0.0,0.0
2010-02-02 18:00:00,0.9737806203876156,0.1,230.0,4.233828784293981,0.0,0.0,0.0
2010-02-02 19:00:00,0.6195965607306604,0.1,230.0,2.693898090133306,0.0,0.0,0.0
2010-02-02 20:00:00,0.6761984544841823,0.1,230.0,2.9399932803660094,0.0,0.0,0.0
2010-02-02 21:00:00,0.440378356211969,0.1,230.0,1.9146885052694307,0.0,0.0,0.0
2010-02-02 22:00:00,0.5978114872651454,0.1,230.0,2.5991803794136756,0.0,0.0,0.0
2010-02-02 23:00:00,0.6419872996293515,0.1,230.0,2.7912491288232677,0.0,0.0,0.0
2010-02-03 00:00:00,0.6487010346188481,0.1,230.0,2.8204392809515135,0.0,0.0,0.0
2010-02-03 01:00:00,0.9663618660796888,0.1,230.0,4.2015733307812555,0.0,0.0,0.0
2010-02-03 02:00:00,1.2284856445943633,0.1,230.0,5.341241933018971,0.0,0.0,0.0
2010-02-03 03:00:00,1.640549042036981,0.1,230.0,7.132821921899918,0.0,0.0,0.0
2010-02-03 04:00:00,1.7301802776877004,0.1,230.0,7.522522946468263,0.0,0.0,0.0
2010-02-03 05:00:00,1.9321107035552674,0.1,230.0,8.40048131980551,0.0,0.0,0.0
2010-02-03 06:00:00,2.3723080236873226,0.1,230.0,10.314382711684011,0.0,0.0,0.0
2010-02-03 07:00:00,2.369526906214714,0.1,230.0,10.302290896585713,0.0,0.0,0.0
2010-02-03 08:00:00,2.5599816466702814,0.1,230.0,11.130354985522963,0.0,0.0,0.0
2010-02-03 09:00:00,2.4530901107345175,0.1,230.0,10.665609177106598,0.0,0.0,0.0
2010-02-03 10:00:00,2.399870979529864,0.1,230.0,10.434221650129842,0.0,0.0,0.0
2010-02-03 11:00:00,2.374305088261022,0.1,230.0,10.32306560113488,0.0,0.0,0.0
2010-02-03 12:00:00,1.9947888119943045,0.1,230.0,8.672994834757846,0.0,0.0,0.0
2010-02-03 13:00:00,1.8892092941822276,0.1,230.0,8.213953452966207,0.0,0.0,0.0
2010-02-03 14:00:00,1.8132044085303125,0.1,230.0,7.883497428392663,0.0,0.0,0.0
2010-02-03 15:00:00,1.5264244491175032,0.1,230.0,6.636628039641318,0.0,0.0,0.0
2010-02-03 16:00:00,1.37032450621283,0.1,230.0,5.957932635707956,0.0,0.0,0.0
2010-02-03 17:00:00,1.0226384321521778,0.1,230.0,4.446254052835555,0.0,0.0,0.0
2010-02-03 18:00:00,0.8327332583540054,0.1,230.0,3.6205793841478493,0.0,0.0,0.0
2010-02-03 19:00:00,0.5464239372987579,0.1,230.0,2.3757562491250344,0.0,0.0,0.0
2010-02-03 20:00:00,0.5620887696507482,0.1,230.0,2.4438642158728183,0.0,0.0,0.0
2010-02-03 21:00:00,0.48601319189079556,0.1,230.0,2.1131008343078066,0.0,0.0,0.0
2010-02-03 22:00:00,0.6631041458128933,0.1,230.0,2.883061503534319,0.0,0.0,0.0
2010-02-03 23:00:00,0.6402438291431932,0.1,230.0,2.78366882236171,0.0,0.0,0.0
2010-02-04 00:00:00,0.5107183251511629,0.1,230.0,2.220514457178969,0.0,0.0,0.0
2010-02-04 01:00:00,1.0196705650295868,0.1,230.0,4.433350282737334,0.0,0.0,0.0
2010-02-04 02:00:00,1.3962478788227475,0.1,230.0,6.07064295140325,0.0,0.0,0.0
2010-02-04 03:00:00,1.481997033980177,0.1,230.0,6.443465365131204,0.0,0.0,0.0
2010-02-04 04:00:00,1.947719333701643,0.1,230.0,8.468344929137578,0.0,0.0,0.0
2010-02-04 05:00:00,2.024904245804293,0.1,230.0,8.803931503496926,0.0,0.0,0.0
2010-02-04 06:00:00,2.22822624822747,0.1,230.0,9.687940209684653,0.0,0.0,0.0
2010-02-04 07:00:00,2.4686608646939314,0.1,230.0,10.733308107364918,0.0,0.0,0.0
2010-02-04 08:00:00,2.5185821739744076,0.1,230.0,10.9503572781496,0.0,0.0,0.0
2010-02-04 09:00:00,2.3082242626821645,0.1,230.0,10.035757663835497,0.0,0.0,0.0
2010-02-04 10:00:00,2.4821019517505496,0.1,230.0,10.791747616306738,0.0,0.0,0.0
2010-02-04 11:00:00,2.444934778872378,0.1,230.0,10.6301512124886,0.0,0.0,0.0
2010-02-04 12:00:00,2.237631874944254,0.1,230.0,9.72883423888806,0.0,0.0,0.0
2010-02-04 13:00:00,1.9014261856557986,0.1,230.0,8.267070372416516,0.0,0.0,0.0
2010-02-04 14:00:00,1.9603776579373746,0.1,230.0,8.523381121466846,0.0,0.0,0.0
2010-02-04 15:00:00,1.522547692505001,0.1,230.0,6.6197725761087,0.0,0.0,0.0
2010-02-04 16:00:00,1.2300190619728513,0.1,230.0,5.347908965099353,0.0,0.0,0.0
2010-02-04 17:00:00,1.0058236998749208,0.1,230.0,4.3731465211953084,0.0,0.0,0.0
2010-02-04 18:00:00,0.7966363959863149,0.1,230.0,3.4636365042883255,0.0,0.0,0.0
2010-02-04 19:00:00,0.5677012154031371,0.1,230.0,2.4682661539266832,0.0,0.0,0.0
2010-02-04 20:00:00,0.3451701262285639,0.1,230.0,1.5007396792546257,0.0,0.0,0.0
2010-02-04 21:00:00,0.5794883250793796,0.1,230.0,2.519514456866868,0.0,0.0,0.0
2010-02-04 22:00:00,0.4637443744274898,0.1,230.0,2.016279888815173,0.0,0.0,0.0
2010-02-04 23:00:00,0.6591812658172115,0.1,230.0,2.8660055035530934,0.0,0.0,0.0
2010-02-05 00:00:00,0.8118163842036731,0.1,230.0,3.529636453059448,0.0,0.0,0.0
2010-02-05 01:00:00,1.0915027307646834,0.1,230.0,4.745664046802971,0.0,0.0,0.0
2010-02-05 02:00:00,1.2041146575368125,0.1,230.0,5.235281119725272,0.0,0.0,0.0
2010-02-05 03:00:00,1.6089090879512693,0.1,230.0,6.995256904135954,0.0,0.0,0.0
2010-02-05 04:00:00,1.8914833788685872,0.1,230.0,8.223840777689508,0.0,0.0,0.0
2010-02-05 05:00:00,2.1668517334562054,0.1,230.0,9.421094493287848,0.0,0.0,0.0
2010-02-05 06:00:00,2.1557518871234542,0.1,230.0,9.372834291841105,0.0,0.0,0.0
2010-02-05 07:00:00,2.4028193961294977,0.1,230.0,10.447040852736947,0.0,0.0,0.0
2010-02-05 08:00:00,2.5008768764421907,0.1,230.0,10.873377723661699,0.0,0.0,0.0
2010-02-05 09:00:00,2.5063527327115276,0.1,230.0,10.897185794397945,0.0,0.0,0.0
2010-02-05 10:00:00,2.437044686969425,0.1,230.0,10.595846465084458,0.0,0.0,0.0
2010-02-05 11:00:00,2.337482209701856,0.1,230.0,10.162966129138503,0.0,0.0,0.0
2010-02-05 12:00:00,2.2354943171092585,0.1,230.0,9.71954050917069,0.0,0.0,0.0
2010-02-05 13:00:00,1.9957030650210164,0.1,230.0,8.676969847917462,0.0,0.0,0.0
2010-02-05 14:00:00,1.8781016836403703,0.1,230.0,8.165659494088567,0.0,0.0,0.0
2010-02-05 15:00:00,1.5612324985358055,0.1,230.0,6.787967384938285,0.0,0.0,0.0
2010-02-05 16:00:00,1.2916978187141022,0.1,230.0,5.61607747267001,0.0,0.0,0.0
2010-02-05 17:00:00,0.9810899713949447,0.1,230.0,4.265608571282368,0.0,0.0,0.0
2010-02-05 18:00:00,0.6857078102588687,0.1,230.0,2.981338305473342,0.0,0.0,0.0
2010-02-05 19:00:00,0.5730490660933457,0.1,230.0,2.4915176786667206,0.0,0.0,0.0
2010-02-05 20:00:00,0.5635514356196276,0.1,230.0,2.4502236331288154,0.0,0.0,0.0
2010-02-05 21:00:00,0.39714307133882126,0.1,230.0,1.726709005820962,0.0,0.0,0.0
2010-02-05 22:00:00,0.7067549894511057,0.1,230.0,3.0728477802221987,0.0,0.0,0.0
2010-02-05 23:00:00,0.4811219065646603,0.1,230.0,2.091834376368088,0.0,0.0,0.0
2010-02-06 00:00:00,1.2010433174699595,0.1,230.0,5.221927467260693,0.0,0.0,0.0
2010-02-06 01:00:00,1.2113075492917253,0.1,230.0,5.266554562137936,0.0,0.0,0.0
2010-02-06 02:00:00,1.557623798475376,0.1,230.0,6.772277384675548,0.0,0.0,0.0
2010-02-06 03:00:00,2.103344662112263,0.1,230.0,9.144976791792448,0.0,0.0,0.0
2010-02-06 04:00:00,2.4431555193158365,0.1,230.0,10.622415301373202,0.0,0.0,0.0
2010-02-06 05:00:00,2.5600157407273736,0.1,230.0,11.130503220553798,0.0,0.0,0.0
2010-02-06 06:00:00,2.951275539553037,0.1,230.0,12.831632780665377,0.0,0.0,0.0
2010-02-06 07:00:00,3.2294684423676343,0.1,230.0,14.041167140728845,0.0,0.0,0.0
2010-02-06 08:00:00,3.1298789792964223,0.1,230.0,13.608169475201835,0.0,0.0,0.0
2010-02-06 09:00:00,3.184704814808659,0.1,230.0,13.846542673081126,0.0,0.0,0.0
2010-02-06 10:00:00,3.28320571154803,0.1,230.0,14.274807441513175,0.0,0.0,0.0
2010-02-06 11:00:00,3.1184343763297337,0.1,230.0,13.558410331868409,0.0,0.0,0.0
2010-02-06 12:00:00,2.9554690420075267,0.1,230.0,12.849865400032725,0.0,0.0,0.0
2010-02-06 13:00:00,2.478562971777865,0.1,230.0,10.776360746860284,0.0,0.0,0.0
2010-02-06 14:00:00,2.5268983882870146,0.1,230.0,10.986514731682673,0.0,0.0,0.0
2010-02-06 15:00:00,2.046227671098314,0.1,230.0,8.896642048253538,0.0,0.0,0.0
2010-02-06 16:00:00,1.6238217908824122,0.1,230.0,7.060094742967009,0.0,0.0,0.0
2010-02-06 17:00:00,1.2997228111854615,0.1,230.0,5.650968744284615,0.0,0.0,0.0
2010-02-06 18:00:00,1.0481350886660639,0.1,230.0,4.557109081156799,0.0,0.0,0.0
2010-02-06 19:00:00,0.8793248465288924,0.1,230.0,3.8231515066473585,0.0,0.0,0.0
2010-02-06 20:00:00,0.5417744028939808,0.1,230.0,2.3555408821477424,0.0,0.0,0.0
2010-02-06 21:00:00,0.4018606181157749,0.1,230.0,1.7472200787642387,0.0,0.0,0.0
2010-02-06 22:00:00,0.6779386926045636,0.1,230.0,2.9475595330633197,0.0,0.0,0.0
2010-02-06 23:00:00,0.8713119127000579,0.1,230.0,3.7883126639132954,0.0,0.0,0.0
2010-02-07 00:00:00,0.9912901508066843,0.1,230.0,4.309957177420366,0.0,0.0,0.0
2010-02-07 01:00:00,1.3375346166873556,0.1,230.0,5.815367898640676,0.0,0.0,0.0
2010-02-07 02:00:00,1.4761148055311581,0.1,230.0,6.417890458831123,0.0,0.0,0.0
2010-02-07 03:00:00,2.1050800798669314,0.1,230.0,9.152522086377964,0.0,0.0,0.0
2010-02-07 04:00:00,2.3437731863210116,0.1,230.0,10.190318201395701,0.0,0.0,0.0
2010-02-07 05:00:00,2.614296329520832,0.1,230.0,11.366505780525356,0.0,0.0,0.0
2010-02-07 06:00:00,2.800066283396033,0.1,230.0,12.174201232156665,0.0,0.0,0.0
2010-02-07 07:00:00,3.1601267000083046,0.1,230.0,13.739681304383934,0.0,0.0,0.0
2010-02-07 08:00:00,3.1662095872845257,0.1,230.0,13.766128640367503,0.0,0.0,0.0
2010-02-07 09:00:00,3.3692769817934947,0.1,230.0,14.64903035562389,0.0,0.0,0.0
2010-02-07 10:00:00,3.0486278970988714,0.1,230.0,13.254903900429875,0.0,0.0,0.0
2010-02-07 11:00:00,3.115158907200565,0.1,230.0,13.544169161741587,0.0,0.0,0.0
2010-02-07 12:00:00,2.880656093258964,0.1,230.0,12.524591709821584,0.0,0.0,0.0
2010-02-07 13:00:00,2.593729926417271,0.1,230.0,11.277086636596831,0.0,0.0,0.0
2010-02-07 14:00:00,2.240677218596238,0.1,230.0,9.742074863461903,0.0,0.0,0.0
2010-02-07 15:00:00,1.931317244857627,0.1,230.0,8.397031499380986,0.0,0.0,0.0
2010-02-07 16:00:00,1.4060505831221248,0.1,230.0,6.113263404878804,0.0,0.0,0.0
2010-02-07 17:00:00,1.3858224383270865,0.1,230.0,6.0253149492482025,0.0,0.0,0.0
2010-02-07 18:00:00,1.1259014334855468,0.1,230.0,4.895223623850204,0.0,0.0,0.0
2010-02-07 19:00:00,0.8954173783123274,0.1,230.0,3.893119036140554,0.0,0.0,0.0
2010-02-07 20:00:00,0.8166450180082405,0.1,230.0,3.5506305130793065,0.0,0.0,0.0
2010-02-07 21:00:00,0.619792264865485,0.1,230.0,2.6947489776760216,0.0,0.0,0.0
2010-02-07 22:00:00,0.7700937406511033,0.1,230.0,3.348233655004797,0.0,0.0,0.0
2010-02-07 23:00:00,0.7808921658842648,0.1,230.0,3.3951833299315863,0.0,0.0,0.0
2010-02-08 00:00:00,0.9573293577994478,0.1,230.0,4.1623015556497736,0.0,0.0,0.0
2010-02-08 01:00:00,0.8953681798912547,0.1,230.0,3.892905129961977,0.0,0.0,0.0
2010-02-08 02:00:00,1.3392505244155608,0.1,230.0,5.822828367024178,0.0,0.0,0.0
2010-02-08 03:00:00,1.498943111517572,0.1,230.0,6.517143963119878,0.0,0.0,0.0
2010-02-08 04:00:00,1.7577189924300831,0.1,230.0,7.642256488826448,0.0,0.0,0.0
2010-02-08 05:00:00,2.0265802220953875,0.1,230.0,8.811218356936466,0.0,0.0,0.0
2010-02-08 06:00:00,2.243214746420431,0.1,230.0,9.753107593132308,0.0,0.0,0.0
2010-02-08 07:00:00,2.2924213237574005,0.1,230.0,9.967049233727828,0.0,0.0,0.0
2010-02-08 08:00:00,2.4642358935032354,0.1,230.0,10.71406910218798,0.0,0.0,0.0
2010-02-08 09:00:00,2.396526547600064,0.1,230.0,10.41968064173941,0.0,0.0,0.0
2010-02-08 10:00:00,2.4621714621303776,0.1,230.0,10.705093313610337,0.0,0.0,0.0
2010-02-08 11:00:00,2.2801594782735717,0.1,230.0,9.913736862059006,0.0,0.0,0.0
2010-02-08 12:00:00,2.1064712180374032,0.1,230.0,9.1585705132061,0.0,0.0,0.0
2010-02-08 13:00:00,2.1377664611949068,0.1,230.0,9.294636787803942,0.0,0.0,0.0
2010-02-08 14:00:00,1.900459436766149,0.1,230.0,8.26286711637456,0.0,0.0,0.0
2010-02-08 15:00:00,1.6341492453781181,0.1,230.0,7.104996719035296,0.0,0.0,0.0
2010-02-08 16:00:00,1.321666799307949,0.1,230.0,5.746377388295429,0.0,0.0,0.0
2010-02-08 17:00:00,0.930220802508346,0.1,230.0,4.044438271775418,0.0,0.0,0.0
2010-02-08 18:00:00,0.5984481747320967,0.1,230.0,2.6019485857917246,0.0,0.0,0.0
2010-02-08 19:00:00,0.7666147143446176,0.1,230.0,3.3331074536722505,0.0,0.0,0.0
2010-02-08 20:00:00,0.5621551055106396,0.1,230.0,2.444152632654955,0.0,0.0,0.0
2010-02-08 21:00:00,0.3835642006844752,0.1,230.0,1.667670437758588,0.0,0.0,0.0
2010-02-08 22:00:00,0.6464225330916671,0.1,230.0,2.8105327525724655,0.0,0.0,0.0
2010-02-08 23:00:00,0.4532088585850892,0.1,230.0,1.97047329819604,0.0,0.0,0.0
2010-02-09 00:00:00,0.7692803021886553,0.1,230.0,3.3446969660376316,0.0,0.0,0.0
2010-02-09 01:00:00,1.1112308028041633,0.1,230.0,4.831438273061579,0.0,0.0,0.0
2010-02-09 02:00:00,1.1000006382222387,0.1,230.0,4.782611470531473,0.0,0.0,0.0
2010-02-09 03:00:00,1.4306573630108776,0.1,230.0,6.22024940439512,0.0,0.0,0.0
2010-02-09 04:00:00,1.7932102649215165,0.1,230.0,7.796566369223984,0.0,0.0,0.0
2010-02-09 05:00:00,1.934830722037496,0.1,230.0,8.412307487119548,0.0,0.0,0.0
2010-02-09 06:00:00,2.142172846740655,0.1,230.0,9.313794985828933,0.0,0.0,0.0
2010-02-09 07:00:00,2.386047466068512,0.1,230.0,10.374119417689181,0.0,0.0,0.0
2010-02-09 08:00:00,2.406050852351296,0.1,230.0,10.461090662396938,0.0,0.0,0.0
2010-02-09 09:00:00,2.5956155304812483,0.1,230.0,11.285284915135861,0.0,0.0,0.0
2010-02-09 10:00:00,2.5099892229295504,0.1,230.0,10.912996621432828,0.0,0.0,0.0
2010-02-09 11:00:00,2.506160594807472,0.1,230.0,10.8963504122064,0.0,0.0,0.0
2010-02-09 12:00:00,2.1495806918196956,0.1,230.0,9.346003007911719,0.0,0.0,0.0
2010-02-09 13:00:00,2.1380480285436128,0.1,230.0,9.295860993667882,0.0,0.0,0.0
2010-02-09 14:00:00,1.8291543869627929,0.1,230.0,7.952845160707795,0.0,0.0,0.0
2010-02-09 15:00:00,1.3420645145307182,0.1,230.0,5.835063106655297,0.0,0.0,0.0
2010-02-09 16:00:00,1.3564989041538296,0.1,230.0,5.897821322407954,0.0,0.0,0.0
2010-02-09 17:00:00,0.9610558771416952,0.1,230.0,4.178503813659544,0.0,0.0,0.0
2010-02-09 18:00:00,0.8698868635457757,0.1,230.0,3.7821167980251116,0.0,0.0,0.0
2010-02-09 19:00:00,0.5462522116366593,0.1,230.0,2.375009615811562,0.0,0.0,0.0
2010-02-09 20:00:00,0.5640433610716722,0.1,230.0,2.452362439442053,0.0,0.0,0.0
2010-02-09 21:00:00,0.5793375148846465,0.1,230.0,2.518858760368028,0.0,0.0,0.0
2010-02-09 22:00:00,0.513504263583196,0.1,230.0,2.2326272329704175,0.0,0.0,0.0
2010-02-09 23:00:00,0.6652259892980142,0.1,230.0,2.892286909991366,0.0,0.0,0.0
2010-02-10 00:00:00,0.7251019051219716,0.1,230.0,3.152616978791181,0.0,0.0,0.0
2010-02-10 01:00:00,1.0670913439456275,0.1,230.0,4.639527582372294,0.0,0.0,0.0
2010-02-10 02:00:00,1.229618436971044,0.1,230.0,5.3461671172654075,0.0,0.0,0.0
2010-02-10 03:00:00,1.330162940922169,0.1,230.0,5.7833171344442125,0.0,0.0,0.0
2010-02-10 04:00:00,1.9242828677815174,0.1,230.0,8.366447251223988,0.0,0.0,0.0
2010-02-10 05:00:00,2.135976482072588,0.1,230.0,9.286854269880818,0.0,0.0,0.0
2010-02-10 06:00:00,2.1798095674624007,0.1,230.0,9.477432902010436,0.0,0.0,0.0
2010-02-10 07:00:00,2.494113554879282,0.1,230.0,10.84397197773601,0.0,0.0,0.0
2010-02-10 08:00:00,2.403935548298323,0.1,230.0,10.451893688253577,0.0,0.0,0.0
2010-02-10 09:00:00,2.4277613041054833,0.1,230.0,10.555483930893406,0.0,0.0,0.0
2010-02-10 10:00:00,2.620588863412212,0.1,230.0,11.393864623531357,0.0,0.0,0.0
2010-02-10 11:00:00,2.3834476571878604,0.1,230.0,10.362815900816784,0.0,0.0,0.0
2010-02-10 12:00:00,2.2654754381576843,0.1,230.0,9.849893209381236,0.0,0.0,0.0
2010-02-10 13:00:00,2.1098439435288583,0.1,230.0,9.173234537081992,0.0,0.0,0.0
2010-02-10 14:00:00,1.7267698090257952,0.1,230.0,7.507694821851284,0.0,0.0,0.0
2010-02-10 15:00:00,1.711773452711495,0.1,230.0,7.442493272658673,0.0,0.0,0.0
2010-02-10 16:00:00,1.3563846415504115,0.1,230.0,5.89732452848005,0.0,0.0,0.0
2010-02-10 17:00:00,0.948174675033398,0.1,230.0,4.12249858710173,0.0,0.0,0.0
2010-02-10 18:00:00,0.9319076827581693,0.1,230.0,4.051772533731171,0.0,0.0,0.0
2010-02-10 19:00:00,0.7828517701260335,0.1,230.0,3.4037033483740586,0.0,0.0,0.0
2010-02-10 20:00:00,0.4414957518821171,0.1,230.0,1.9195467473135526,0.0,0.0,0.0
2010-02-10 21:00:00,0.4459815844856502,0.1,230.0,1.9390503673289137,0.0,0.0,0.0
2010-02-10 22:00:00,0.6252341592153934,0.1,230.0,2.7184093878930145,0.0,0.0,0.0
2010-02-10 23:00:00,0.5258989976383335,0.1,230.0,2.2865173810362327,0.0,0.0,0.0
2010-02-11 00:00:00,0.7197146518543135,0.1,230.0,3.129194138497015,0.0,0.0,0.0
2010-02-11 01:00:00,1.15734609932572,0.1,230.0,5.03193956228574,0.0,0.0,0.0
2010-02-11 02:00:00,1.3422836091954253,0.1,230.0,5.836015692154023,0.0,0.0,0.0
2010-02-11 03:00:00,1.4034061065138954,0.1,230.0,6.101765680495197,0.0,0.0,0.0
2010-02-11 04:00:00,1.653646837868896,0.1,230.0,7.189768860299548,0.0,0.0,0.0
2010-02-11 05:00:00,2.0856551719041594,0.1,230.0,9.068065964800693,0.0,0.0,0.0
2010-02-11 06:00:00,2.293968941721553,0.1,230.0,9.973778007485015,0.0,0.0,0.0
2010-02-11 07:00:00,2.3800589889461343,0.1,230.0,10.348082560635367,0.0,0.0,0.0
2010-02-11 08:00:00,2.483835577074699,0.1,230.0,10.799285117716083,0.0,0.0,0.0
2010-02-11 09:00:00,2.6203881767187798,0.1,230.0,11.392992072690348,0.0,0.0,0.0
2010-02-11 10:00:00,2.603831009430649,0.1,230.0,11.32100438882891,0.0,0.0,0.0
2010-02-11 11:00:00,2.396986425377486,0.1,230.0,10.421680110336897,0.0,0.0,0.0
2010-02-11 12:00:00,2.1176526848459307,0.1,230.0,9.207185586286656,0.0,0.0,0.0
2010-02-11 13:00:00,1.9381617220846172,0.1,230.0,8.426790096020074,0.0,0.0,0.0
2010-02-11 14:00:00,1.4984791803004676,0.1,230.0,6.515126870871598,0.0,0.0,0.0
2010-02-11 15:00:00,1.6651321846505613,0.1,230.0,7.239705150654615,0.0,0.0,0.0
2010-02-11 16:00:00,1.1753655150029754,0.1,230.0,5.110284847839023,0.0,0.0,0.0
2010-02-11 17:00:00,1.1444951559340417,0.1,230.0,4.976065895365399,0.0,0.0,0.0
2010-02-11 18:00:00,0.7891192893819912,0.1,230.0,3.4309534320956137,0.0,0.0,0.0
2010-02-11 19:00:00,0.5133630583277794,0.1,230.0,2.2320132970773017,0.0,0.0,0.0
2010-02-11 20:00:00,0.475250552535865,0.1,230.0,2.066306750155935,0.0,0.0,0.0
2010-02-11 21:00:00,0.34565780970547877,0.1,230.0,1.5028600421977338,0.0,0.0,0.0
2010-02-11 22:00:00,0.7273423271783583,0.1,230.0,3.1623579442537317,0.0,0.0,0.0
2010-02-11 23:00:00,0.5518752395552124,0.1,230.0,2.3994575632835327,0.0,0.0,0.0
2010-02-12 00:00:00,0.7835602325447232,0.1,230.0,3.4067836197596657,0.0,0.0,0.0
2010-02-12 01:00:00,1.0308844878394936,0.1,230.0,4.4821064688673635,0.0,0.0,0.0
2010-02-12 02:00:00,1.2665363154511597,0.1,230.0,5.506679632396346,0.0,0.0,0.0
2010-02-12 03:00:00,1.5365615527929382,0.1,230.0,6.680702403447557,0.0,0.0,0.0
2010-02-12 04:00:00,1.8653947276192417,0.1,230.0,8.110411859214095,0.0,0.0,0.0
2010-02-12 05:00:00,1.946226704259951,0.1,230.0,8.46185523591283,0.0,0.0,0.0
2010-02-12 06:00:00,2.043910447908634,0.1,230.0,8.886567164820148,0.0,0.0,0.0
2010-02-12 07:00:00,2.234309076180914,0.1,230.0,9.714387287743104,0.0,0.0,0.0
2010-02-12 08:00:00,2.5666595800917933,0.1,230.0,11.159389478659971,0.0,0.0,0.0
2010-02-12 09:00:00,2.5299642969948475,0.1,230.0,10.999844769542817,0.0,0.0,0.0
2010-02-12 10:00:00,2.3610655887091143,0.1,230.0,10.265502559604846,0.0,0.0,0.0
2010-02-12 11:00:00,2.3384972182811596,0.1,230.0,10.167379209918087,0.0,0.0,0.0
2010-02-12 12:00:00,2.233310857721061,0.1,230.0,9.710047207482873,0.0,0.0,0.0
2010-02-12 13:00:00,2.0320213936697358,0.1,230.0,8.834875624651024,0.0,0.0,0.0
2010-02-12 14:00:00,1.8036044978946024,0.1,230.0,7.841758686498271,0.0,0.0,0.0
2010-02-12 15:00:00,1.423093975340549,0.1,230.0,6.1873651101763,0.0,0.0,0.0
2010-02-12 16:00:00,1.1524792035951144,0.1,230.0,5.0107791460657145,0.0,0.0,0.0
2010-02-12 17:00:00,0.9637647480130125,0.1,230.0,4.190281513100055,0.0,0.0,0.0
2010-02-12 18:00:00,0.6526324902614162,0.1,230.0,2.8375325663539837,0.0,0.0,0.0
2010-02-12 19:00:00,0.49829949701669096,0.1,230.0,2.1665195522464824,0.0,0.0,0.0
2010-02-12 20:00:00,0.6359052408154067,0.1,230.0,2.764805394849594,0.0,0.0,0.0
2010-02-12 21:00:00,0.25194180573588154,0.1,230.0,1.095399155373398,0.0,0.0,0.0
2010-02-12 22:00:00,0.5466242816664346,0.1,230.0,2.376627311593194,0.0,0.0,0.0
2010-02-12 23:00:00,0.6897057732723986,0.1,230.0,2.9987207533582545,0.0,0.0,0.0
2010-02-13 00:00:00,0.9628907157385778,0.1,230.0,4.186481372776425,0.0,0.0,0.0
2010-02-13 01:00:00,1.2594202448315486,0.1,230.0,5.475740194919776,0.0,0.0,0.0
2010-02-13 02:00:00,1.6722415168236933,0.1,230.0,7.270615290537797,0.0,0.0,0.0
2010-02-13 03:00:00,1.8300437954681128,0.1,230.0,7.956712154209186,0.0,0.0,0.0
2010-02-13 04:00:00,2.410134442433997,0.1,230.0,10.478845401886945,0.0,0.0,0.0
2010-02-13 05:00:00,2.5871682181146984,0.1,230.0,11.248557470063906,0.0,0.0,0.0
2010-02-13 06:00:00,3.043050567879123,0.1,230.0,13.230654642952707,0.0,0.0,0.0
2010-02-13 07:00:00,2.859911990870935,0.1,230.0,12.434399960308413,0.0,0.0,0.0
2010-02-13 08:00:00,3.2197869633343936,0.1,230.0,13.999073753627798,0.0,0.0,0.0
2010-02-13 09:00:00,3.300085485530265,0.1,230.0,14.348197763175065,0.0,0.0,0.0
2010-02-13 10:00:00,3.1899352404594508,0.1,230.0,13.869283654171525,0.0,0.0,0.0
2010-02-13 11:00:00,3.0688254488173814,0.1,230.0,13.342719342684267,0.0,0.0,0.0
2010-02-13 12:00:00,2.8596541944421845,0.1,230.0,12.433279106270367,0.0,0.0,0.0
2010-02-13 13:00:00,2.6143465807813904,0.1,230.0,11.366724264266916,0.0,0.0,0.0
2010-02-13 14:00:00,2.300200387587065,0.1,230.0,10.000871250378543,0.0,0.0,0.0
2010-02-13 15:00:00,1.9727878125730876,0.1,230.0,8.577338315535163,0.0,0.0,0.0
2010-02-13 16:00:00,1.6465779089656463,0.1,230.0,7.159034386807157,0.0,0.0,0.0
2010-02-13 17:00:00,1.3262710427727697,0.1,230.0,5.766395838142477,0.0,0.0,0.0
2010-02-13 18:00:00,1.003284321923555,0.1,230.0,4.362105747493717,0.0,0.0,0.0
2010-02-13 19:00:00,0.8831031311548713,0.1,230.0,3.8395788311081356,0.0,0.0,0.0
2010-02-13 20:00:00,0.7239523814718783,0.1,230.0,3.147619049877732,0.0,0.0,0.0
2010-02-13 21:00:00,0.7110358325920847,0.1,230.0,3.091460141704716,0.0,0.0,0.0
2010-02-13 22:00:00,0.57205928377514,0.1,230.0,2.4872142772832175,0.0,0.0,0.0
2010-02-13 23:00:00,0.9001763903028025,0.1,230.0,3.9138103926208805,0.0,0.0,0.0
2010-02-14 00:00:00,0.8400385063417383,0.1,230.0,3.6523413319206015,0.0,0.0,0.0
2010-02-14 01:00:00,1.210689293784552,0.1,230.0,5.263866494715443,0.0,0.0,0.0
2010-02-14 02:00:00,1.687357267140625,0.1,230.0,7.336335944089674,0.0,0.0,0.0
2010-02-14 03:00:00,2.0843071278808973,0.1,230.0,9.06220490382999,0.0,0.0,0.0
2010-02-14 04:00:00,2.1956418967322646,0.1,230.0,9.546269116227238,0.0,0.0,0.0
2010-02-14 05:00:00,2.7629355321531364,0.1,230.0,12.012763183274506,0.0,0.0,0.0
2010-02-14 06:00:00,2.749373524384596,0.1,230.0,11.953797932106939,0.0,0.0,0.0
2010-02-14 07:00:00,3.1127267461968198,0.1,230.0,13.533594548681826,0.0,0.0,0.0
2010-02-14 08:00:00,3.1101808776292392,0.1,230.0,13.522525554909736,0.0,0.0,0.0
2010-02-14 09:00:00,3.2391807015017386,0.1,230.0,14.083394354355384,0.0,0.0,0.0
2010-02-14 10:00:00,3.2170749671604,0.1,230.0,13.987282465914783,0.0,0.0,0.0
2010-02-14 11:00:00,2.981072044786012,0.1,230.0,12.961182803417444,0.0,0.0,0.0
2010-02-14 12:00:00,2.808845729624578,0.1,230.0,12.212372737498164,0.0,0.0,0.0
2010-02-14 13:00:00,2.5679007509039047,0.1,230.0,11.164785873495237,0.0,0.0,0.0
2010-02-14 14:00:00,2.3046601244397613,0.1,230.0,10.020261410607658,0.0,0.0,0.0
2010-02-14 15:00:00,1.8779335598231748,0.1,230.0,8.164928520970326,0.0,0.0,0.0
2010-02-14 16:00:00,1.5089025420069824,0.1,230.0,6.560445834812967,0.0,0.0,0.0
2010-02-14 17:00:00,1.4192863524352082,0.1,230.0,6.170810227979166,0.0,0.0,0.0
2010-02-14 18:00:00,1.0823086873855916,0.1,230.0,4.705689945154746,0.0,0.0,0.0
2010-02-14 19:00:00,0.7428659501220899,0.1,230.0,3.229851957052565,0.0,0.0,0.0
2010-02-14 20:00:00,0.5919497400296607,0.1,230.0,2.57369452186809,0.0,0.0,0.0
2010-02-14 21:00:00,0.7318273305382772,0.1,230.0,3.181857958862075,0.0,0.0,0.0
2010-02-14 22:00:00,0.46854376273820464,0.1,230.0,2.037146794513933,0.0,0.0,0.0
2010-02-14 23:00:00,0.8607645883144774,0.1,230.0,3.7424547318020758,0.0,0.0,0.0
2010-02-15 00:00:00,0.8965482424634832,0.1,230.0,3.898035836797753,0.0,0.0,0.0
2010-02-15 01:00:00,0.9615901431439006,0.1,230.0,4.180826709321307,0.0,0.0,0.0
2010-02-15 02:00:00,1.278398060781613,0.1,230.0,5.558252438180926,0.0,0.0,0.0
2010-02-15 03:00:00,1.5153045528863789,0.1,230.0,6.588280664723386,0.0,0.0,0.0
2010-02-15 04:00:00,1.642832664483688,0.1,230.0,7.1427507151464695,0.0,0.0,0.0
2010-02-15 05:00:00,2.070619557273043,0.1,230.0,9.0026937272741,0.0,0.0,0.0
2010-02-15 06:00:00,2.0150142178016,0.1,230.0,8.760931381746088,0.0,0.0,0.0
2010-02-15 07:00:00,2.439986199098162,0.1,230.0,10.608635648252879,0.0,0.0,0.0
2010-02-15 08:00:00,2.514351833594512,0.1,230.0,10.931964493889184,0.0,0.0,0.0
2010-02-15 09:00:00,2.421203045162051,0.1,230.0,10.526969761574136,0.0,0.0,0.0
2010-02-15 10:00:00,2.430468819793532,0.1,230.0,10.567255738232747,0.0,0.0,0.0
2010-02-15 11:00:00,2.3288261261710606,0.1,230.0,10.125330983352436,0.0,0.0,0.0
2010-02-15 12:00:00,2.3180320808247163,0.1,230.0,10.078400351411812,0.0,0.0,0.0
2010-02-15 13:00:00,2.1455344955228224,0.1,230.0,9.328410850099228,0.0,0.0,0.0
2010-02-15 14:00:00,1.6730648511355912,0.1,230.0,7.274195004937353,0.0,0.0,0.0
2010-02-15 15:00:00,1.631528469296837,0.1,230.0,7.093602040421031,0.0,0.0,0.0
2010-02-15 16:00:00,1.2820342100312818,0.1,230.0,5.574061782744704,0.0,0.0,0.0
2010-02-15 17:00:00,1.1444428059337681,0.1,230.0,4.975838286668557,0.0,0.0,0.0
2010-02-15 18:00:00,0.67103114647092,0.1,230.0,2.917526723786609,0.0,0.0,0.0
2010-02-15 19:00:00,0.6020950549511606,0.1,230.0,2.6178045867441764,0.0,0.0,0.0
2010-02-15 20:00:00,0.4984788402569472,0.1,230.0,2.167299305464988,0.0,0.0,0.0
2010-02-15 21:00:00,0.33723342136045387,0.1,230.0,1.466232266784582,0.0,0.0,0.0
2010-02-15 22:00:00,0.6173064061573466,0.1,230.0,2.6839408963362894,0.0,0.0,0.0
2010-02-15 23:00:00,0.9318949711325917,0.1,230.0,4.051717265793877,0.0,0.0,0.0
2010-02-16 00:00:00,0.6781511795369667,0.1,230.0,2.9484833892911593,0.0,0.0,0.0
2010-02-16 01:00:00,0.9748011302764483,0.1,230.0,4.238265783810645,0.0,0.0,0.0
2010-02-16 02:00:00,1.2622489512650024,0.1,230.0,5.488038918543489,0.0,0.0,0.0
2010-02-16 03:00:00,1.537961332616736,0.1,230.0,6.6867884026814615,0.0,0.0,0.0
2010-02-16 04:00:00,1.6912302542330142,0.1,230.0,7.35317501840441,0.0,0.0,0.0
2010-02-16 05:00:00,1.9605558633626465,0.1,230.0,8.52415592766368,0.0,0.0,0.0
2010-02-16 06:00:00,1.9803091147465182,0.1,230.0,8.610039629332688,0.0,0.0,0.0
2010-02-16 07:00:00,2.282019564356453,0.1,230.0,9.921824192854144,0.0,0.0,0.0
2010-02-16 08:00:00,2.505698014515937,0.1,230.0,10.894339193547554,0.0,0.0,0.0
2010-02-16 09:00:00,2.6151238810906094,0.1,230.0,11.370103830828736,0.0,0.0,0.0
2010-02-16 10:00:00,2.5173337254709383,0.1,230.0,10.944929241177991,0.0,0.0,0.0
2010-02-16 11:00:00,2.4221527739170527,0.1,230.0,10.531099017030664,0.0,0.0,0.0
2010-02-16 12:00:00,2.2281962306683765,0.1,230.0,9.687809698558159,0.0,0.0,0.0
2010-02-16 13:00:00,2.039600134738981,0.1,230.0,8.867826672778177,0.0,0.0,0.0
2010-02-16 14:00:00,1.6707892977169636,0.1,230.0,7.264301294421581,0.0,0.0,0.0
2010-02-16 15:00:00,1.4235636264754838,0.1,230.0,6.189407071632539,0.0,0.0,0.0
2010-02-16 16:00:00,1.3471512670182921,0.1,230.0,5.857179421818661,0.0,0.0,0.0
2010-02-16 17:00:00,0.9058848817530525,0.1,230.0,3.9386299206654454,0.0,0.0,0.0
2010-02-16 18:00:00,0.871574964909818,0.1,230.0,3.789456369173122,0.0,0.0,0.0
2010-02-16 19:00:00,0.43736755900940993,0.1,230.0,1.9015980826496084,0.0,0.0,0.0
2010-02-16 20:00:00,0.4583954415279705,0.1,230.0,1.993023658817263,0.0,0.0,0.0
2010-02-16 21:00:00,0.5023525653554093,0.1,230.0,2.1841415885017796,0.0,0.0,0.0
2010-02-16 22:00:00,0.5568271647444847,0.1,230.0,2.420987672802107,0.0,0.0,0.0
2010-02-16 23:00:00,0.5752992513567399,0.1,230.0,2.5013010928553907,0.0,0.0,0.0
2010-02-17 00:00:00,0.8144180449067276,0.1,230.0,3.5409480213335986,0.0,0.0,0.0
2010-02-17 01:00:00,1.0659328167414635,0.1,230.0,4.634490507571581,0.0,0.0,0.0
2010-02-17 02:00:00,1.1983998944497583,0.1,230.0,5.210434323694601,0.0,0.0,0.0
2010-02-17 03:00:00,1.4581200195210717,0.1,230.0,6.339652258787268,0.0,0.0,0.0
2010-02-17 04:00:00,1.6682219951893806,0.1,230.0,7.253139109519046,0.0,0.0,0.0
2010-02-17 05:00:00,2.110036098506209,0.1,230.0,9.174069993505256,0.0,0.0,0.0
2010-02-17 06:00:00,2.3351437170024907,0.1,230.0,10.152798769576046,0.0,0.0,0.0
2010-02-17 07:00:00,2.23814072371683,0.1,230.0,9.731046624855782,0.0,0.0,0.0
2010-02-17 08:00:00,2.4838132114384015,0.1,230.0,10.799187875819138,0.0,0.0,0.0
2010-02-17 09:00:00,2.4631567433034425,0.1,230.0,10.709377144797577,0.0,0.0,0.0
2010-02-17 10:00:00,2.4350052971124363,0.1,230.0,10.586979552662767,0.0,0.0,0.0
2010-02-17 11:00:00,2.4012288340994408,0.1,230.0,10.440125365649743,0.0,0.0,0.0
2010-02-17 12:00:00,2.2178964824558083,0.1,230.0,9.643028184590472,0.0,0.0,0.0
2010-02-17 13:00:00,1.9591276525234858,0.1,230.0,8.517946315319502,0.0,0.0,0.0
2010-02-17 14:00:00,1.7092580792107122,0.1,230.0,7.431556866133531,0.0,0.0,0.0
2010-02-17 15:00:00,1.4369634650114163,0.1,230.0,6.24766723918007,0.0,0.0,0.0
2010-02-17 16:00:00,1.039383119160536,0.1,230.0,4.519057039828418,0.0,0.0,0.0
2010-02-17 17:00:00,1.032321046064161,0.1,230.0,4.488352374192004,0.0,0.0,0.0
2010-02-17 18:00:00,0.8798039828366265,0.1,230.0,3.825234707985333,0.0,0.0,0.0
2010-02-17 19:00:00,0.7739324705595245,0.1,230.0,3.364923785041411,0.0,0.0,0.0
2010-02-17 20:00:00,0.4558944567109195,0.1,230.0,1.9821498117866065,0.0,0.0,0.0
2010-02-17 21:00:00,0.4388211594662236,0.1,230.0,1.9079180846357546,0.0,0.0,0.0
2010-02-17 22:00:00,0.5670526709187043,0.1,230.0,2.4654463952987142,0.0,0.0,0.0
2010-02-17 23:00:00,0.3481717876497827,0.1,230.0,1.5137903810860116,0.0,0.0,0.0
2010-02-18 00:00:00,0.7182464535308637,0.1,230.0,3.1228106675254943,0.0,0.0,0.0
2010-02-18 01:00:00,0.9356525263027714,0.1,230.0,4.0680544621859624,0.0,0.0,0.0
2010-02-18 02:00:00,1.133815818826962,0.1,230.0,4.9296339948998344,0.0,0.0,0.0
2010-02-18 03:00:00,1.4626745618397683,0.1,230.0,6.359454616694645,0.0,0.0,0.0
2010-02-18 04:00:00,1.7017116063419808,0.1,230.0,7.3987461145303515,0.0,0.0,0.0
2010-02-18 05:00:00,1.8555778368638558,0.1,230.0,8.067729725495026,0.0,0.0,0.0
2010-02-18 06:00:00,2.0218119927910263,0.1,230.0,8.790486925178376,0.0,0.0,0.0
2010-02-18 07:00:00,2.4159840030129747,0.1,230.0,10.504278273969456,0.0,0.0,0.0
2010-02-18 08:00:00,2.481135767219716,0.1,230.0,10.787546813998764,0.0,0.0,0.0
2010-02-18 09:00:00,2.5316563024465037,0.1,230.0,11.007201314984798,0.0,0.0,0.0
2010-02-18 10:00:00,2.351146121707634,0.1,230.0,10.222374442207103,0.0,0.0,0.0
2010-02-18 11:00:00,2.208986604895408,0.1,230.0,9.604289586501773,0.0,0.0,0.0
2010-02-18 12:00:00,2.1757669450813895,0.1,230.0,9.459856282962564,0.0,0.0,0.0
2010-02-18 13:00:00,2.224417666905615,0.1,230.0,9.671381160459196,0.0,0.0,0.0
2010-02-18 14:00:00,1.5770193716673124,0.1,230.0,6.856605963770924,0.0,0.0,0.0
2010-02-18 15:00:00,1.2805161042456024,0.1,230.0,5.567461322806967,0.0,0.0,0.0
2010-02-18 16:00:00,1.2217000269470848,0.1,230.0,5.31173924759602,0.0,0.0,0.0
2010-02-18 17:00:00,1.0373006396637137,0.1,230.0,4.51000278114658,0.0,0.0,0.0
2010-02-18 18:00:00,0.6825411983545524,0.1,230.0,2.967570427628489,0.0,0.0,0.0
2010-02-18 19:00:00,0.6611414870072043,0.1,230.0,2.8745282043791494,0.0,0.0,0.0
2010-02-18 20:00:00,0.6570014382410291,0.1,230.0,2.8565279923523,0.0,0.0,0.0
2010-02-18 21:00:00,0.45261414889252705,0.1,230.0,1.9678876038805524,0.0,0.0,0.0
2010-02-18 22:00:00,0.6512480562476648,0.1,230.0,2.831513288033325,0.0,0.0,0.0
2010-02-18 23:00:00,0.5755105999802982,0.1,230.0,2.5022199999143395,0.0,0.0,0.0
2010-02-19 00:00:00,0.8380187255397762,0.1,230.0,3.6435596762598963,0.0,0.0,0.0
2010-02-19 01:00:00,0.8419814747547789,0.1,230.0,3.6607890206729516,0.0,0.0,0.0
2010-02-19 02:00:00,1.1928676636189977,0.1,230.0,5.186381146169555,0.0,0.0,0.0
2010-02-19 03:00:00,1.5431084254171543,0.1,230.0,6.709167067031106,0.0,0.0,0.0
2010-02-19 04:00:00,1.5841343819365163,0.1,230.0,6.887540791028332,0.0,0.0,0.0
2010-02-19 05:00:00,1.7886156856144453,0.1,230.0,7.77658993745411,0.0,0.0,0.0
2010-02-19 06:00:00,2.30561085807528,0.1,230.0,10.024395035109912,0.0,0.0,0.0
2010-02-19 07:00:00,2.4158985828366366,0.1,230.0,10.50390688189842,0.0,0.0,0.0
2010-02-19 08:00:00,2.381128376451984,0.1,230.0,10.352732071530365,0.0,0.0,0.0
2010-02-19 09:00:00,2.483882797520861,0.1,230.0,10.799490424003743,0.0,0.0,0.0
2010-02-19 10:00:00,2.501843886767007,0.1,230.0,10.877582116378292,0.0,0.0,0.0
2010-02-19 11:00:00,2.2682314519826914,0.1,230.0,9.861875878185614,0.0,0.0,0.0
2010-02-19 12:00:00,2.1752524491792156,0.1,230.0,9.45761934425746,0.0,0.0,0.0
2010-02-19 13:00:00,2.075313323285991,0.1,230.0,9.023101405591264,0.0,0.0,0.0
2010-02-19 14:00:00,1.7276604610892519,0.1,230.0,7.511567222127182,0.0,0.0,0.0
2010-02-19 15:00:00,1.5830220349435864,0.1,230.0,6.882704499754724,0.0,0.0,0.0
2010-02-19 16:00:00,1.214137357638282,0.1,230.0,5.278858076688182,0.0,0.0,0.0
2010-02-19 17:00:00,0.8996791085068162,0.1,230.0,3.9116482978557228,0.0,0.0,0.0
2010-02-19 18:00:00,0.899658689075337,0.1,230.0,3.9115595177188562,0.0,0.0,0.0
2010-02-19 19:00:00,0.6753120772650997,0.1,230.0,2.9361394663699985,0.0,0.0,0.0
2010-02-19 20:00:00,0.6127406434113288,0.1,230.0,2.6640897539622994,0.0,0.0,0.0
2010-02-19 21:00:00,0.4774413110440089,0.1,230.0,2.0758317871478646,0.0,0.0,0.0
2010-02-19 22:00:00,0.4173507104145774,0.1,230.0,1.8145683061503366,0.0,0.0,0.0
2010-02-19 23:00:00,0.4726587500586765,0.1,230.0,2.055038043733376,0.0,0.0,0.0
2010-02-20 00:00:00,1.0644433021559674,0.1,230.0,4.6280143571998575,0.0,0.0,0.0
2010-02-20 01:00:00,1.3652575935993805,0.1,230.0,5.9359025808668715,0.0,0.0,0.0
2010-02-20 02:00:00,1.5955444863649262,0.1,230.0,6.93714994071707,0.0,0.0,0.0
2010-02-20 03:00:00,1.9194991787156093,0.1,230.0,8.345648603111345,0.0,0.0,0.0
2010-02-20 04:00:00,2.2908198286430763,0.1,230.0,9.960086211491635,0.0,0.0,0.0
2010-02-20 05:00:00,2.4817280357861353,0.1,230.0,10.790121894722327,0.0,0.0,0.0
2010-02-20 06:00:00,2.7190731329820563,0.1,230.0,11.822057099921985,0.0,0.0,0.0
2010-02-20 07:00:00,3.0558568708778533,0.1,230.0,13.286334221208058,0.0,0.0,0.0
2010-02-20 08:00:00,3.1360955851941528,0.1,230.0,13.635198196496315,0.0,0.0,0.0
2010-02-20 09:00:00,3.0095011405311087,0.1,230.0,13.08478756752656,0.0,0.0,0.0
2010-02-20 10:00:00,3.3240832343606233,0.1,230.0,14.452535801567928,0.0,0.0,0.0
2010-02-20 11:00:00,2.9477427731566532,0.1,230.0,12.816272926768058,0.0,0.0,0.0
2010-02-20 12:00:00,2.990813018471596,0.1,230.0,13.003534862919983,0.0,0.0,0.0
2010-02-20 13:00:00,2.5363386271436177,0.1,230.0,11.02755924845051,0.0,0.0,0.0
2010-02-20 14:00:00,2.3091136856858028,0.1,230.0,10.039624720373055,0.0,0.0,0.0
2010-02-20 15:00:00,2.119186462259439,0.1,230.0,9.213854183736693,0.0,0.0,0.0
2010-02-20 16:00:00,1.6643547806225325,0.1,230.0,7.236325133141445,0.0,0.0,0.0
2010-02-20 17:00:00,1.2755847367594133,0.1,230.0,5.546020594606145,0.0,0.0,0.0
2010-02-20 18:00:00,1.0383692033428173,0.1,230.0,4.5146487101861625,0.0,0.0,0.0
2010-02-20 19:00:00,0.773953049658143,0.1,230.0,3.3650132593832307,0.0,0.0,0.0
2010-02-20 20:00:00,0.6878139328666184,0.1,230.0,2.9904953602896454,0.0,0.0,0.0
2010-02-20 21:00:00,0.6973618526301767,0.1,230.0,3.032008054913812,0.0,0.0,0.0
2010-02-20 22:00:00,0.8994463502741158,0.1,230.0,3.9106363055396343,0.0,0.0,0.0
2010-02-20 23:00:00,0.7996945927019992,0.1,230.0,3.476933011747822,0.0,0.0,0.0
2010-02-21 00:00:00,1.0820089707372944,0.1,230.0,4.704386829292584,0.0,0.0,0.0
2010-02-21 01:00:00,1.3608212582518187,0.1,230.0,5.916614166312255,0.0,0.0,0.0
2010-02-21 02:00:00,1.4946695781243455,0.1,230.0,6.498563383149328,0.0,0.0,0.0
2010-02-21 03:00:00,2.042835872669064,0.1,230.0,8.881895098561147,0.0,0.0,0.0
2010-02-21 04:00:00,2.3202254356310767,0.1,230.0,10.087936676656856,0.0,0.0,0.0
2010-02-21 05:00:00,2.80317288335385,0.1,230.0,12.187708188495,0.0,0.0,0.0
2010-02-21 06:00:00,2.9350833303314587,0.1,230.0,12.761231871006343,0.0,0.0,0.0
2010-02-21 07:00:00,3.188984418221761,0.1,230.0,13.865149644442438,0.0,0.0,0.0
2010-02-21 08:00:00,3.189649719341911,0.1,230.0,13.868042258008309,0.0,0.0,0.0
2010-02-21 09:00:00,3.133628232371538,0.1,230.0,13.624470575528425,0.0,0.0,0.0
2010-02-21 10:00:00,3.008931834592665,0.1,230.0,13.082312324315934,0.0,0.0,0.0
2010-02-21 11:00:00,3.098475620256254,0.1,230.0,13.47163313154893,0.0,0.0,0.0
2010-02-21 12:00:00,2.8265902047330065,0.1,230.0,12.289522629273941,0.0,0.0,0.0
2010-02-21 13:00:00,2.7061541845174406,0.1,230.0,11.76588775877148,0.0,0.0,0.0
2010-02-21 14:00:00,2.266964988561048,0.1,230.0,9.856369515482816,0.0,0.0,0.0
2010-02-21 15:00:00,1.882701272432435,0.1,230.0,8.185657706227978,0.0,0.0,0.0
2010-02-21 16:00:00,1.5018444029168732,0.1,230.0,6.529758273551622,0.0,0.0,0.0
2010-02-21 17:00:00,1.3434911417795514,0.1,230.0,5.841265833824137,0.0,0.0,0.0
2010-02-21 18:00:00,1.0202180303291595,0.1,230.0,4.43573056664852,0.0,0.0,0.0
2010-02-21 19:00:00,0.9797018575918254,0.1,230.0,4.2595732938775015,0.0,0.0,0.0
2010-02-21 20:00:00,0.8928700004028629,0.1,230.0,3.8820434800124475,0.0,0.0,0.0
2010-02-21 21:00:00,0.7242071788404515,0.1,230.0,3.1487268645237023,0.0,0.0,0.0
2010-02-21 22:00:00,0.793196113594263,0.1,230.0,3.4486787547576654,0.0,0.0,0.0
2010-02-21 23:00:00,0.7664240183342335,0.1,230.0,3.3322783405836236,0.0,0.0,0.0
2010-02-22 00:00:00,0.7201905720232769,0.1,230.0,3.131263356622943,0.0,0.0,0.0
2010-02-22 01:00:00,1.0727779348868955,0.1,230.0,4.664251890812589,0.0,0.0,0.0
2010-02-22 02:00:00,1.2428120253763193,0.1,230.0,5.403530545114432,0.0,0.0,0.0
2010-02-22 03:00:00,1.6550685490702404,0.1,230.0,7.195950213348871,0.0,0.0,0.0
2010-02-22 04:00:00,1.725107196759086,0.1,230.0,7.500466072865591,0.0,0.0,0.0
2010-02-22 05:00:00,2.073568291376552,0.1,230.0,9.015514310332836,0.0,0.0,0.0
2010-02-22 06:00:00,2.2076034467741494,0.1,230.0,9.598275855539779,0.0,0.0,0.0
2010-02-22 07:00:00,2.32260679491362,0.1,230.0,10.098290412667914,0.0,0.0,0.0
2010-02-22 08:00:00,2.477058214191303,0.1,230.0,10.769818322570881,0.0,0.0,0.0
2010-02-22 09:00:00,2.5786460952714285,0.1,230.0,11.211504762049689,0.0,0.0,0.0
2010-02-22 10:00:00,2.385340784808484,0.1,230.0,10.371046890471671,0.0,0.0,0.0
2010-02-22 11:00:00,2.355489878500135,0.1,230.0,10.241260341304933,0.0,0.0,0.0
2010-02-22 12:00:00,2.219148316182372,0.1,230.0,9.648470939923357,0.0,0.0,0.0
2010-02-22 13:00:00,2.1298481239998313,0.1,230.0,9.260209234781875,0.0,0.0,0.0
2010-02-22 14:00:00,1.7230666663930834,0.1,230.0,7.4915942017090575,0.0,0.0,0.0
2010-02-22 15:00:00,1.3196421657102553,0.1,230.0,5.737574633522849,0.0,0.0,0.0
2010-02-22 16:00:00,1.1631657746941864,0.1,230.0,5.057242498670376,0.0,0.0,0.0
2010-02-22 17:00:00,1.0877923629435766,0.1,230.0,4.729532012798159,0.0,0.0,0.0
2010-02-22 18:00:00,0.7525575278079978,0.1,230.0,3.2719892513391207,0.0,0.0,0.0
2010-02-22 19:00:00,0.6334709275024488,0.1,230.0,2.7542214239236906,0.0,0.0,0.0
2010-02-22 20:00:00,0.6037894614023602,0.1,230.0,2.6251715713146093,0.0,0.0,0.0
2010-02-22 21:00:00,0.570415659509609,0.1,230.0,2.480068084824387,0.0,0.0,0.0
2010-02-22 22:00:00,0.4410533628152158,0.1,230.0,1.9176233165878946,0.0,0.0,0.0
2010-02-22 23:00:00,0.5601810786364014,0.1,230.0,2.435569907114789,0.0,0.0,0.0
2010-02-23 00:00:00,0.8893466670732963,0.1,230.0,3.8667246394491146,0.0,0.0,0.0
2010-02-23 01:00:00,1.0952651772445832,0.1,230.0,4.762022509759057,0.0,0.0,0.0
2010-02-23 02:00:00,1.1800209551425567,0.1,230.0,5.130525891924159,0.0,0.0,0.0
2010-02-23 03:00:00,1.5731810399908346,0.1,230.0,6.839917565177541,0.0,0.0,0.0
2010-02-23 04:00:00,1.6379175909046164,0.1,230.0,7.121380830020072,0.0,0.0,0.0
2010-02-23 05:00:00,2.1079214343413577,0.1,230.0,9.164875801484165,0.0,0.0,0.0
2010-02-23 06:00:00,2.0395252011331673,0.1,230.0,8.867500874492032,0.0,0.0,0.0
2010-02-23 07:00:00,2.2455786700540905,0.1,230.0,9.763385521974307,0.0,0.0,0.0
2010-02-23 08:00:00,2.4145194457474783,0.1,230.0,10.497910633684688,0.0,0.0,0.0
2010-02-23 09:00:00,2.624762935462411,0.1,230.0,11.412012762880048,0.0,0.0,0.0
2010-02-23 10:00:00,2.524582305115621,0.1,230.0,10.976444804850525,0.0,0.0,0.0
2010-02-23 11:00:00,2.3714996607157075,0.1,230.0,10.310868090068295,0.0,0.0,0.0
2010-02-23 12:00:00,2.0759260182070585,0.1,230.0,9.025765296552429,0.0,0.0,0.0
2010-02-23 13:00:00,2.209800645833237,0.1,230.0,9.607828894927117,0.0,0.0,0.0
2010-02-23 14:00:00,2.011537347039225,0.1,230.0,8.745814552344457,0.0,0.0,0.0
2010-02-23 15:00:00,1.4764118508932274,0.1,230.0,6.419181960405337,0.0,0.0,0.0
2010-02-23 16:00:00,1.109388892165881,0.1,230.0,4.8234299659386135,0.0,0.0,0.0
2010-02-23 17:00:00,1.0687552274163619,0.1,230.0,4.646761858332008,0.0,0.0,0.0
2010-02-23 18:00:00,0.7609658612289159,0.1,230.0,3.3085472227344166,0.0,0.0,0.0
2010-02-23 19:00:00,0.6843116801790986,0.1,230.0,2.9752681746917333,0.0,0.0,0.0
2010-02-23 20:00:00,0.4318320592616406,0.1,230.0,1.8775306924419157,0.0,0.0,0.0
2010-02-23 21:00:00,0.708591712445618,0.1,230.0,3.080833532372252,0.0,0.0,0.0
2010-02-23 22:00:00,0.6108473276016495,0.1,230.0,2.655857946094128,0.0,0.0,0.0
2010-02-23 23:00:00,0.7068157884715409,0.1,230.0,3.0731121237893086,0.0,0.0,0.0
2010-02-24 00:00:00,0.8183923015958917,0.1,230.0,3.5582273982430075,0.0,0.0,0.0
2010-02-24 01:00:00,0.8250672977683869,0.1,230.0,3.5872491207321175,0.0,0.0,0.0
2010-02-24 02:00:00,1.2489014873604458,0.1,230.0,5.430006466784547,0.0,0.0,0.0
2010-02-24 03:00:00,1.3922440674911312,0.1,230.0,6.053235076048396,0.0,0.0,0.0
2010-02-24 04:00:00,1.834620002065192,0.1,230.0,7.9766087046312695,0.0,0.0,0.0
2010-02-24 05:00:00,1.7022216808324586,0.1,230.0,7.400963829706342,0.0,0.0,0.0
2010-02-24 06:00:00,2.2249421732531784,0.1,230.0,9.673661622839905,0.0,0.0,0.0
2010-02-24 07:00:00,2.430244794131305,0.1,230.0,10.56628171361437,0.0,0.0,0.0
2010-02-24 08:00:00,2.4622786234822707,0.1,230.0,10.705559232531611,0.0,0.0,0.0
2010-02-24 09:00:00,2.535340114967853,0.1,230.0,11.023217891164578,0.0,0.0,0.0
2010-02-24 10:00:00,2.5231380686976688,0.1,230.0,10.97016551607682,0.0,0.0,0.0
2010-02-24 11:00:00,2.4587828298519,0.1,230.0,10.690360129790868,0.0,0.0,0.0
2010-02-24 12:00:00,2.2039387829580774,0.1,230.0,9.582342534600336,0.0,0.0,0.0
2010-02-24 13:00:00,2.0798022430919114,0.1,230.0,9.042618448225701,0.0,0.0,0.0
2010-02-24 14:00:00,1.8397162718391467,0.1,230.0,7.998766399300638,0.0,0.0,0.0
2010-02-24 15:00:00,1.5867770615089767,0.1,230.0,6.899030702212942,0.0,0.0,0.0
2010-02-24 16:00:00,1.3683534788442895,0.1,230.0,5.94936295149691,0.0,0.0,0.0
2010-02-24 17:00:00,0.9939962114066767,0.1,230.0,4.321722658289898,0.0,0.0,0.0
2010-02-24 18:00:00,0.8143086417394417,0.1,230.0,3.5404723553888773,0.0,0.0,0.0
2010-02-24 19:00:00,0.6478644420318639,0.1,230.0,2.8168019218776688,0.0,0.0,0.0
2010-02-24 20:00:00,0.501616655168931,0.1,230.0,2.180941978995352,0.0,0.0,0.0
2010-02-24 21:00:00,0.583455918801266,0.1,230.0,2.5367648643533305,0.0,0.0,0.0
2010-02-24 22:00:00,0.5005135671151059,0.1,230.0,2.176145943978721,0.0,0.0,0.0
2010-02-24 23:00:00,0.5711180427639183,0.1,230.0,2.4831219250605145,0.0,0.0,0.0
2010-02-25 00:00:00,0.8831386791381269,0.1,230.0,3.8397333875570734,0.0,0.0,0.0
2010-02-25 01:00:00,0.8850252557566733,0.1,230.0,3.847935894594232,0.0,0.0,0.0
2010-02-25 02:00:00,1.1792983116094076,0.1,230.0,5.127383963519163,0.0,0.0,0.0
2010-02-25 03:00:00,1.4409432160721916,0.1,230.0,6.264970504661702,0.0,0.0,0.0
2010-02-25 04:00:00,1.8139463409041596,0.1,230.0,7.886723221322433,0.0,0.0,0.0
2010-02-25 05:00:00,2.0525688558058635,0.1,230.0,8.924212416547233,0.0,0.0,0.0
2010-02-25 06:00:00,2.3748818798581497,0.1,230.0,10.325573390687607,0.0,0.0,0.0
2010-02-25 07:00:00,2.2542944042619286,0.1,230.0,9.801280018530125,0.0,0.0,0.0
2010-02-25 08:00:00,2.4947397501411808,0.1,230.0,10.84669456583122,0.0,0.0,0.0
2010-02-25 09:00:00,2.5358770233609933,0.1,230.0,11.02555227548258,0.0,0.0,0.0
2010-02-25 10:00:00,2.4999269855186963,0.1,230.0,10.869247763124767,0.0,0.0,0.0
2010-02-25 11:00:00,2.262068976210196,0.1,230.0,9.835082505261722,0.0,0.0,0.0
2010-02-25 12:00:00,2.1943363156518125,0.1,230.0,9.54059267674701,0.0,0.0,0.0
2010-02-25 13:00:00,2.113686313228713,0.1,230.0,9.189940492298753,0.0,0.0,0.0
2010-02-25 14:00:00,1.7799161612283105,0.1,230.0,7.738765918383959,0.0,0.0,0.0
2010-02-25 15:00:00,1.5252532150758416,0.1,230.0,6.63153571772105,0.0,0.0,0.0
2010-02-25 16:00:00,1.217610177319782,0.1,230.0,5.293957292694705,0.0,0.0,0.0
2010-02-25 17:00:00,0.9691007693028992,0.1,230.0,4.2134816056647795,0.0,0.0,0.0
2010-02-25 18:00:00,0.6771788534532301,0.1,230.0,2.9442558845792615,0.0,0.0,0.0
2010-02-25 19:00:00,0.6921645949653977,0.1,230.0,3.009411282458251,0.0,0.0,0.0
2010-02-25 20:00:00,0.5210430033437389,0.1,230.0,2.265404362364082,0.0,0.0,0.0
2010-02-25 21:00:00,0.40278186349752404,0.1,230.0,1.751225493467496,0.0,0.0,0.0
2010-02-25 22:00:00,0.6033729952453214,0.1,230.0,2.6233608488927014,0.0,0.0,0.0
2010-02-25 23:00:00,0.5613906328625109,0.1,230.0,2.440828838532656,0.0,0.0,0.0
2010-02-26 00:00:00,0.6929651906299967,0.1,230.0,3.012892133173899,0.0,0.0,0.0
2010-02-26 01:00:00,1.0772151476560436,0.1,230.0,4.683544120243668,0.0,0.0,0.0
2010-02-26 02:00:00,1.3314703739764526,0.1,230.0,5.789001625984577,0.0,0.0,0.0
2010-02-26 03:00:00,1.604347644493294,0.1,230.0,6.975424541275191,0.0,0.0,0.0
2010-02-26 04:00:00,1.7237857300876462,0.1,230.0,7.494720565598462,0.0,0.0,0.0
2010-02-26 05:00:00,1.9348905883556415,0.1,230.0,8.41256777545931,0.0,0.0,0.0
2010-02-26 06:00:00,2.3135424933560413,0.1,230.0,10.058880405895831,0.0,0.0,0.0
2010-02-26 07:00:00,2.2242807982490556,0.1,230.0,9.670786079343719,0.0,0.0,0.0
2010-02-26 08:00:00,2.4885753933437846,0.1,230.0,10.819893014538193,0.0,0.0,0.0
2010-02-26 09:00:00,2.657527303029823,0.1,230.0,11.554466534912274,0.0,0.0,0.0
2010-02-26 10:00:00,2.3999463047252942,0.1,230.0,10.43454915097954,0.0,0.0,0.0
2010-02-26 11:00:00,2.360683666990113,0.1,230.0,10.263842030391794,0.0,0.0,0.0
2010-02-26 12:00:00,2.239846477701792,0.1,230.0,9.73846294652953,0.0,0.0,0.0
2010-02-26 13:00:00,1.9786068443039986,0.1,230.0,8.602638453495645,0.0,0.0,0.0
2010-02-26 14:00:00,1.6108596557031738,0.1,230.0,7.00373763349206,0.0,0.0,0.0
2010-02-26 15:00:00,1.4583340781859884,0.1,230.0,6.340582948634732,0.0,0.0,0.0
2010-02-26 16:00:00,1.3408003766396464,0.1,230.0,5.829566854954984,0.0,0.0,0.0
2010-02-26 17:00:00,0.9911334646143507,0.1,230.0,4.309275933105873,0.0,0.0,0.0
2010-02-26 18:00:00,0.7813283969511593,0.1,230.0,3.397079986744171,0.0,0.0,0.0
2010-02-26 19:00:00,0.6526148873814869,0.1,230.0,2.837456032093421,0.0,0.0,0.0
2010-02-26 20:00:00,0.6451088248010176,0.1,230.0,2.8048209773957287,0.0,0.0,0.0
2010-02-26 21:00:00,0.643950948684508,0.1,230.0,2.799786733410904,0.0,0.0,0.0
2010-02-26 22:00:00,0.4782774973257306,0.1,230.0,2.0794673796770895,0.0,0.0,0.0
2010-02-26 23:00:00,0.5502651832867288,0.1,230.0,2.392457318637951,0.0,0.0,0.0
2010-02-27 00:00:00,1.0567226694324083,0.1,230.0,4.594446388836558,0.0,0.0,0.0
2010-02-27 01:00:00,1.4926234256836153,0.1,230.0,6.489667068189632,0.0,0.0,0.0
2010-02-27 02:00:00,1.5923764064079828,0.1,230.0,6.923375680034708,0.0,0.0,0.0
2010-02-27 03:00:00,2.143012082066734,0.1,230.0,9.317443835072757,0.0,0.0,0.0
2010-02-27 04:00:00,2.317857702869834,0.1,230.0,10.077642186390584,0.0,0.0,0.0
2010-02-27 05:00:00,2.543063260906958,0.1,230.0,11.056796786551992,0.0,0.0,0.0
2010-02-27 06:00:00,2.821876622844195,0.1,230.0,12.26902879497476,0.0,0.0,0.0
2010-02-27 07:00:00,2.9526751127620745,0.1,230.0,12.837717881574237,0.0,0.0,0.0
2010-02-27 08:00:00,3.245884794860087,0.1,230.0,14.112542586348203,0.0,0.0,0.0
2010-02-27 09:00:00,3.1862159752160637,0.1,230.0,13.853112935722017,0.0,0.0,0.0
2010-02-27 10:00:00,3.282598403634507,0.1,230.0,14.272166972323943,0.0,0.0,0.0
2010-02-27 11:00:00,3.2235749413812966,0.1,230.0,14.015543223396941,0.0,0.0,0.0
2010-02-27 12:00:00,2.8546928146858552,0.1,230.0,12.411707889938501,0.0,0.0,0.0
2010-02-27 13:00:00,2.6818042952969905,0.1,230.0,11.660018675204306,0.0,0.0,0.0
2010-02-27 14:00:00,2.367179884558148,0.1,230.0,10.292086454600645,0.0,0.0,0.0
2010-02-27 15:00:00,1.8608053977710608,0.1,230.0,8.090458251178525,0.0,0.0,0.0
2010-02-27 16:00:00,1.639334659928685,0.1,230.0,7.127541999689935,0.0,0.0,0.0
2010-02-27 17:00:00,1.2812005521181902,0.1,230.0,5.570437183122566,0.0,0.0,0.0
2010-02-27 18:00:00,0.9408973579558211,0.1,230.0,4.090858078068788,0.0,0.0,0.0
2010-02-27 19:00:00,0.7087612895506203,0.1,230.0,3.0815708241331317,0.0,0.0,0.0
2010-02-27 20:00:00,0.5793363707318299,0.1,230.0,2.5188537857905646,0.0,0.0,0.0
2010-02-27 21:00:00,0.6359696442210778,0.1,230.0,2.76508540965686,0.0,0.0,0.0
2010-02-27 22:00:00,0.7640845838419236,0.1,230.0,3.322106886269233,0.0,0.0,0.0
2010-02-27 23:00:00,0.7681415943508321,0.1,230.0,3.339746062394922,0.0,0.0,0.0
2010-02-28 00:00:00,1.0230747256170876,0.1,230.0,4.448150980943859,0.0,0.0,0.0
2010-02-28 01:00:00,1.250209356279971,0.1,230.0,5.435692853391178,0.0,0.0,0.0
2010-02-28 02:00:00,1.6892139760393972,0.1,230.0,7.3444085914756405,0.0,0.0,0.0
2010-02-28 03:00:00,1.9196580230812792,0.1,230.0,8.346339230788171,0.0,0.0,0.0
2010-02-28 04:00:00,2.090389885995289,0.1,230.0,9.088651678240387,0.0,0.0,0.0
2010-02-28 05:00:00,2.574743001398447,0.1,230.0,11.194534788688898,0.0,0.0,0.0
2010-02-28 06:00:00,2.8735199747265714,0.1,230.0,12.493565107506832,0.0,0.0,0.0
2010-02-28 07:00:00,3.0888876007061623,0.1,230.0,13.429946090026792,0.0,0.0,0.0
2010-02-28 08:00:00,3.193515306574686,0.1,230.0,13.884849159020375,0.0,0.0,0.0
2010-02-28 09:00:00,3.1967803551648717,0.1,230.0,13.899045022455963,0.0,0.0,0.0
2010-02-28 10:00:00,3.2888982456231015,0.1,230.0,14.299557589665659,0.0,0.0,0.0
2010-02-28 11:00:00,3.038360310785824,0.1,230.0,13.21026222080793,0.0,0.0,0.0
2010-02-28 12:00:00,2.835437784166856,0.1,230.0,12.327990365942853,0.0,0.0,0.0
2010-02-28 13:00:00,2.6112242360807603,0.1,230.0,11.353148852525045,0.0,0.0,0.0
2010-02-28 14:00:00,2.2434011522807498,0.1,230.0,9.753918053394564,0.0,0.0,0.0
2010-02-28 15:00:00,1.8885319550941067,0.1,230.0,8.211008500409159,0.0,0.0,0.0
2010-02-28 16:00:00,1.699683975819345,0.1,230.0,7.389930329649326,0.0,0.0,0.0
2010-02-28 17:00:00,1.388287927924123,0.1,230.0,6.036034469235317,0.0,0.0,0.0
2010-02-28 18:00:00,1.1075524640027343,0.1,230.0,4.815445495664062,0.0,0.0,0.0
2010-02-28 19:00:00,1.0488905587561166,0.1,230.0,4.560393733722246,0.0,0.0,0.0
2010-02-28 20:00:00,0.6524373325012541,0.1,230.0,2.8366840543532787,0.0,0.0,0.0
2010-02-28 21:00:00,0.5045221423548889,0.1,230.0,2.1935745319777777,0.0,0.0,0.0
2010-02-28 22:00:00,0.839980860894361,0.1,230.0,3.6520906995407,0.0,0.0,0.0
2010-02-28 23:00:00,0.7090944414644744,0.1,230.0,3.0830193107151063,0.0,0.0,0.0
2010-03-01 00:00:00,0.7516095739850135,0.1,230.0,3.26786771297832,0.0,0.0,0.0
2010-03-01 01:00:00,1.0318616882457012,0.1,230.0,4.486355166285658,0.0,0.0,0.0
2010-03-01 02:00:00,1.2779935251573071,0.1,230.0,5.556493587640466,0.0,0.0,0.0
2010-03-01 03:00:00,1.6268263674588443,0.1,230.0,7.07315811938628,0.0,0.0,0.0
2010-03-01 04:00:00,1.6532581260644221,0.1,230.0,7.188078808975749,0.0,0.0,0.0
2010-03-01 05:00:00,1.947006468476354,0.1,230.0,8.465245515114583,0.0,0.0,0.0
2010-03-01 06:00:00,2.1477580145471857,0.1,230.0,9.338078324118198,0.0,0.0,0.0
2010-03-01 07:00:00,2.4465400272058155,0.1,230.0,10.637130553068763,0.0,0.0,0.0
2010-03-01 08:00:00,2.4024555185046674,0.1,230.0,10.44545877610725,0.0,0.0,0.0
2010-03-01 09:00:00,2.4764313664224007,0.1,230.0,10.767092897488698,0.0,0.0,0.0
2010-03-01 10:00:00,2.404130980895517,0.1,230.0,10.452743395197901,0.0,0.0,0.0
2010-03-01 11:00:00,2.4798760809331535,0.1,230.0,10.782069917100667,0.0,0.0,0.0
2010-03-01 12:00:00,2.105075275819402,0.1,230.0,9.15250119921479,0.0,0.0,0.0
2010-03-01 13:00:00,1.9980196038846003,0.1,230.0,8.687041756020001,0.0,0.0,0.0
2010-03-01 14:00:00,1.797212511928758,0.1,230.0,7.813967443168513,0.0,0.0,0.0
2010-03-01 15:00:00,1.4726917141268177,0.1,230.0,6.403007452725294,0.0,0.0,0.0
2010-03-01 16:00:00,1.2988919210340861,0.1,230.0,5.64735617840907,0.0,0.0,0.0
2010-03-01 17:00:00,0.9554065136274809,0.1,230.0,4.153941363597743,0.0,0.0,0.0
2010-03-01 18:00:00,0.7623963937368052,0.1,230.0,3.314766929290457,0.0,0.0,0.0
2010-03-01 19:00:00,0.627046493108767,0.1,230.0,2.7262891004728997,0.0,0.0,0.0
2010-03-01 20:00:00,0.4816715143737872,0.1,230.0,2.0942239755382053,0.0,0.0,0.0
2010-03-01 21:00:00,0.5960121380568291,0.1,230.0,2.591357121986213,0.0,0.0,0.0
2010-03-01 22:00:00,0.5259028010606869,0.1,230.0,2.2865339176551602,0.0,0.0,0.0
2010-03-01 23:00:00,0.6107487699740372,0.1,230.0,2.6554294346697267,0.0,0.0,0.0
2010-03-02 00:00:00,0.7376431572962234,0.1,230.0,3.207144162157493,0.0,0.0,0.0
2010-03-02 01:00:00,1.1590123508172785,0.1,230.0,5.039184133988168,0.0,0.0,0.0
2010-03-02 02:00:00,1.2476677459620549,0.1,230.0,5.424642373748064,0.0,0.0,0.0
2010-03-02 03:00:00,1.5636637002408533,0.1,230.0,6.798537827134145,0.0,0.0,0.0
2010-03-02 04:00:00,1.686300861150298,0.1,230.0,7.331742874566513,0.0,0.0,0.0
2010-03-02 05:00:00,1.8746983950175768,0.1,230.0,8.150862587032943,0.0,0.0,0.0
2010-03-02 06:00:00,2.196091422777272,0.1,230.0,9.548223577292486,0.0,0.0,0.0
2010-03-02 07:00:00,2.416894367144211,0.1,230.0,10.508236378887874,0.0,0.0,0.0
2010-03-02 08:00:00,2.505156045772635,0.1,230.0,10.891982807707109,0.0,0.0,0.0
2010-03-02 09:00:00,2.4495151716821715,0.1,230.0,10.650065963835528,0.0,0.0,0.0
2010-03-02 10:00:00,2.3974947526639756,0.1,230.0,10.423890228973807,0.0,0.0,0.0
2010-03-02 11:00:00,2.433712033905354,0.1,230.0,10.581356669153713,0.0,0.0,0.0
2010-03-02 12:00:00,2.2021419390871957,0.1,230.0,9.574530169944328,0.0,0.0,0.0
2010-03-02 13:00:00,1.9977961496917749,0.1,230.0,8.686070216051196,0.0,0.0,0.0
2010-03-02 14:00:00,1.8914354520706522,0.1,230.0,8.223632400307183,0.0,0.0,0.0
2010-03-02 15:00:00,1.5137353269645504,0.1,230.0,6.581457943324132,0.0,0.0,0.0
2010-03-02 16:00:00,1.2837837408440946,0.1,230.0,5.581668438452585,0.0,0.0,0.0
2010-03-02 17:00:00,1.010956960671855,0.1,230.0,4.395465046399369,0.0,0.0,0.0
2010-03-02 18:00:00,0.8451988330633841,0.1,230.0,3.6747775350581917,0.0,0.0,0.0
2010-03-02 19:00:00,0.5575854126363191,0.1,230.0,2.424284402766605,0.0,0.0,0.0
2010-03-02 20:00:00,0.5883405511643898,0.1,230.0,2.5580023963669123,0.0,0.0,0.0
2010-03-02 21:00:00,0.5651908958656634,0.1,230.0,2.457351721155058,0.0,0.0,0.0
2010-03-02 22:00:00,0.42625504710344775,0.1,230.0,1.853282813493251,0.0,0.0,0.0
2010-03-02 23:00:00,0.681457745053169,0.1,230.0,2.962859761100735,0.0,0.0,0.0
2010-03-03 00:00:00,0.9596957365999531,0.1,230.0,4.17259015913023,0.0,0.0,0.0
2010-03-03 01:00:00,0.9167662689859056,0.1,230.0,3.9859402999387203,0.0,0.0,0.0
2010-03-03 02:00:00,1.2089578110474475,0.1,230.0,5.256338308901945,0.0,0.0,0.0
2010-03-03 03:00:00,1.4045896677811063,0.1,230.0,6.1069115990482885,0.0,0.0,0.0
2010-03-03 04:00:00,1.6959040667619454,0.1,230.0,7.373495942443241,0.0,0.0,0.0
2010-03-03 05:00:00,1.9078314630951423,0.1,230.0,8.294919404761488,0.0,0.0,0.0
2010-03-03 06:00:00,2.3019991262961845,0.1,230.0,10.008691853461672,0.0,0.0,0.0
2010-03-03 07:00:00,2.254002332800546,0.1,230.0,9.80001014261107,0.0,0.0,0.0
2010-03-03 08:00:00,2.530676493408921,0.1,230.0,11.002941275690961,0.0,0.0,0.0
2010-03-03 09:00:00,2.595071632328618,0.1,230.0,11.282920140559208,0.0,0.0,0.0
2010-03-03 10:00:00,2.6386499493674886,0.1,230.0,11.472391084206473,0.0,0.0,0.0
2010-03-03 11:00:00,2.163170658573309,0.1,230.0,9.405089819883951,0.0,0.0,0.0
2010-03-03 12:00:00,2.3250721970529904,0.1,230.0,10.109009552404306,0.0,0.0,0.0
2010-03-03 13:00:00,2.0004165460690757,0.1,230.0,8.69746324377859,0.0,0.0,0.0
2010-03-03 14:00:00,1.67294772189396,0.1,230.0,7.273685747365043,0.0,0.0,0.0
2010-03-03 15:00:00,1.5962653227223491,0.1,230.0,6.9402840118363,0.0,0.0,0.0
2010-03-03 16:00:00,1.1696027804587612,0.1,230.0,5.085229480255483,0.0,0.0,0.0
2010-03-03 17:00:00,1.0236869331781688,0.1,230.0,4.45081275294856,0.0,0.0,0.0
2010-03-03 18:00:00,0.7499798233028618,0.1,230.0,3.2607818404472253,0.0,0.0,0.0
2010-03-03 19:00:00,0.7164562238019022,0.1,230.0,3.1150270600082703,0.0,0.0,0.0
2010-03-03 20:00:00,0.6364649949385972,0.1,230.0,2.7672391084286834,0.0,0.0,0.0
2010-03-03 21:00:00,0.503315646189462,0.1,230.0,2.1883288964759218,0.0,0.0,0.0
2010-03-03 22:00:00,0.3917465551147147,0.1,230.0,1.7032458918031073,0.0,0.0,0.0
2010-03-03 23:00:00,0.642202650215525,0.1,230.0,2.792185435719674,0.0,0.0,0.0
2010-03-04 00:00:00,0.8027887084150344,0.1,230.0,3.4903856887610187,0.0,0.0,0.0
2010-03-04 01:00:00,1.015093651731466,0.1,230.0,4.4134506597020255,0.0,0.0,0.0
2010-03-04 02:00:00,1.2261122574765102,0.1,230.0,5.330922858593523,0.0,0.0,0.0
2010-03-04 03:00:00,1.5717842616813607,0.1,230.0,6.8338446160059165,0.0,0.0,0.0
2010-03-04 04:00:00,1.9180883611437114,0.1,230.0,8.33951461366831,0.0,0.0,0.0
2010-03-04 05:00:00,2.0575809090352832,0.1,230.0,8.946003952327318,0.0,0.0,0.0
2010-03-04 06:00:00,2.2581859701570317,0.1,230.0,9.818199870247962,0.0,0.0,0.0
2010-03-04 07:00:00,2.2983710031649673,0.1,230.0,9.992917405065077,0.0,0.0,0.0
2010-03-04 08:00:00,2.4235748980882836,0.1,230.0,10.537282165601233,0.0,0.0,0.0
2010-03-04 09:00:00,2.399970783813922,0.1,230.0,10.43465558179966,0.0,0.0,0.0
2010-03-04 10:00:00,2.561843454653457,0.1,230.0,11.138449802841118,0.0,0.0,0.0
2010-03-04 11:00:00,2.4164923489988124,0.1,230.0,10.50648847390788,0.0,0.0,0.0
2010-03-04 12:00:00,2.221751658924087,0.1,230.0,9.659789821409074,0.0,0.0,0.0
2010-03-04 13:00:00,1.8747301649563481,0.1,230.0,8.151000717201514,0.0,0.0,0.0
2010-03-04 14:00:00,1.7822820043935919,0.1,230.0,7.7490521930156175,0.0,0.0,0.0
2010-03-04 15:00:00,1.3130658927206778,0.1,230.0,5.7089821422638165,0.0,0.0,0.0
2010-03-04 16:00:00,1.3153315404592862,0.1,230.0,5.718832784605593,0.0,0.0,0.0
2010-03-04 17:00:00,1.0468601337220582,0.1,230.0,4.551565798791557,0.0,0.0,0.0
2010-03-04 18:00:00,0.8291867799998802,0.1,230.0,3.6051599130429572,0.0,0.0,0.0
2010-03-04 19:00:00,0.6557734057274026,0.1,230.0,2.8511887205539246,0.0,0.0,0.0
2010-03-04 20:00:00,0.48716171898947735,0.1,230.0,2.118094430389032,0.0,0.0,0.0
2010-03-04 21:00:00,0.365164668976638,0.1,230.0,1.5876724738114698,0.0,0.0,0.0
2010-03-04 22:00:00,0.557051532595477,0.1,230.0,2.4219631851977264,0.0,0.0,0.0
2010-03-04 23:00:00,0.6268572217392017,0.1,230.0,2.72546618147479,0.0,0.0,0.0
2010-03-05 00:00:00,0.7137668915328855,0.1,230.0,3.1033343110125458,0.0,0.0,0.0
2010-03-05 01:00:00,0.8966662594497103,0.1,230.0,3.898548954129175,0.0,0.0,0.0
2010-03-05 02:00:00,1.1974208804115067,0.1,230.0,5.206177740919594,0.0,0.0,0.0
2010-03-05 03:00:00,1.6044281729106986,0.1,230.0,6.975774664829125,0.0,0.0,0.0
2010-03-05 04:00:00,1.7319179222585361,0.1,230.0,7.530077922863201,0.0,0.0,0.0
2010-03-05 05:00:00,1.8917321642450173,0.1,230.0,8.224922453239206,0.0,0.0,0.0
2010-03-05 06:00:00,2.327194130375483,0.1,230.0,10.11823534945862,0.0,0.0,0.0
2010-03-05 07:00:00,2.35390728696075,0.1,230.0,10.234379508524999,0.0,0.0,0.0
2010-03-05 08:00:00,2.4184280311968407,0.1,230.0,10.514904483464523,0.0,0.0,0.0
2010-03-05 09:00:00,2.5653411144714315,0.1,230.0,11.153657019441006,0.0,0.0,0.0
2010-03-05 10:00:00,2.459427570794429,0.1,230.0,10.693163351280125,0.0,0.0,0.0
2010-03-05 11:00:00,2.2899693939815493,0.1,230.0,9.956388669484998,0.0,0.0,0.0
2010-03-05 12:00:00,2.340535307104824,0.1,230.0,10.176240465673148,0.0,0.0,0.0
2010-03-05 13:00:00,1.9691457179540635,0.1,230.0,8.561503121539406,0.0,0.0,0.0
2010-03-05 14:00:00,1.7865601965139521,0.1,230.0,7.767653028321531,0.0,0.0,0.0
2010-03-05 15:00:00,1.4457994724099608,0.1,230.0,6.286084662652003,0.0,0.0,0.0
2010-03-05 16:00:00,1.340480033768141,0.1,230.0,5.828174059861483,0.0,0.0,0.0
2010-03-05 17:00:00,0.8836843054666403,0.1,230.0,3.8421056759419145,0.0,0.0,0.0
2010-03-05 18:00:00,0.8087814419942793,0.1,230.0,3.51644105214904,0.0,0.0,0.0
2010-03-05 19:00:00,0.7760993141977314,0.1,230.0,3.3743448443379624,0.0,0.0,0.0
2010-03-05 20:00:00,0.5340732622439907,0.1,230.0,2.322057661930394,0.0,0.0,0.0
2010-03-05 21:00:00,0.5498875126593685,0.1,230.0,2.3908152724320373,0.0,0.0,0.0
2010-03-05 22:00:00,0.568496585194951,0.1,230.0,2.471724283456309,0.0,0.0,0.0
2010-03-05 23:00:00,0.5103503161350649,0.1,230.0,2.2189144179785427,0.0,0.0,0.0
2010-03-06 00:00:00,1.0175244933066918,0.1,230.0,4.4240195361160515,0.0,0.0,0.0
2010-03-06 01:00:00,1.1152609441247021,0.1,230.0,4.84896062662914,0.0,0.0,0.0
2010-03-06 02:00:00,1.8008825876443146,0.1,230.0,7.829924294105715,0.0,0.0,0.0
2010-03-06 03:00:00,1.7875850103470177,0.1,230.0,7.772108740639207,0.0,0.0,0.0
2010-03-06 04:00:00,2.400396440627149,0.1,230.0,10.436506263596302,0.0,0.0,0.0
2010-03-06 05:00:00,2.732793798669827,0.1,230.0,11.881712168129683,0.0,0.0,0.0
2010-03-06 06:00:00,2.815572674135547,0.1,230.0,12.241620322328465,0.0,0.0,0.0
2010-03-06 07:00:00,3.3405005407846025,0.1,230.0,14.523915394715663,0.0,0.0,0.0
2010-03-06 08:00:00,3.122597275204683,0.1,230.0,13.576509892194274,0.0,0.0,0.0
2010-03-06 09:00:00,3.2497025005154403,0.1,230.0,14.12914130658887,0.0,0.0,0.0
2010-03-06 10:00:00,3.2392916866124053,0.1,230.0,14.083876898314804,0.0,0.0,0.0
2010-03-06 11:00:00,2.966756078336473,0.1,230.0,12.898939471028143,0.0,0.0,0.0
2010-03-06 12:00:00,2.987479637054935,0.1,230.0,12.989041900238849,0.0,0.0,0.0
2010-03-06 13:00:00,2.56101653467125,0.1,230.0,11.13485449857065,0.0,0.0,0.0
2010-03-06 14:00:00,2.3166787795790587,0.1,230.0,10.07251643295243,0.0,0.0,0.0
2010-03-06 15:00:00,1.9859239152772126,0.1,230.0,8.634451805553098,0.0,0.0,0.0
2010-03-06 16:00:00,1.6716065474260202,0.1,230.0,7.267854554026175,0.0,0.0,0.0
2010-03-06 17:00:00,1.2764504047175638,0.1,230.0,5.549784368337233,0.0,0.0,0.0
2010-03-06 18:00:00,0.9436381446365781,0.1,230.0,4.102774541898166,0.0,0.0,0.0
2010-03-06 19:00:00,0.6437614257787447,0.1,230.0,2.7989627207771512,0.0,0.0,0.0
2010-03-06 20:00:00,0.6417558557638654,0.1,230.0,2.790242851147241,0.0,0.0,0.0
2010-03-06 21:00:00,0.6196277191019604,0.1,230.0,2.694033561312871,0.0,0.0,0.0
2010-03-06 22:00:00,0.7444282945732694,0.1,230.0,3.236644759014215,0.0,0.0,0.0
2010-03-06 23:00:00,0.9910613464770056,0.1,230.0,4.308962375986981,0.0,0.0,0.0
2010-03-07 00:00:00,1.0864293767870388,0.1,230.0,4.723605986030603,0.0,0.0,0.0
2010-03-07 01:00:00,1.2559795645052063,0.1,230.0,5.460780715240028,0.0,0.0,0.0
2010-03-07 02:00:00,1.500420249410088,0.1,230.0,6.523566301782991,0.0,0.0,0.0
2010-03-07 03:00:00,1.9359980096042253,0.1,230.0,8.417382650453153,0.0,0.0,0.0
2010-03-07 04:00:00,2.225367058354874,0.1,230.0,9.675508949369018,0.0,0.0,0.0
2010-03-07 05:00:00,2.6328683042407106,0.1,230.0,11.447253496698742,0.0,0.0,0.0
2010-03-07 06:00:00,2.941529265888074,0.1,230.0,12.789257677774234,0.0,0.0,0.0
2010-03-07 07:00:00,2.9547787577415563,0.1,230.0,12.846864164093722,0.0,0.0,0.0
2010-03-07 08:00:00,3.270258346308312,0.1,230.0,14.218514549166574,0.0,0.0,0.0
2010-03-07 09:00:00,3.2053615137998923,0.1,230.0,13.936354407825618,0.0,0.0,0.0
2010-03-07 10:00:00,3.247274942861509,0.1,230.0,14.118586708093517,0.0,0.0,0.0
2010-03-07 11:00:00,2.9861459530433074,0.1,230.0,12.983243274101337,0.0,0.0,0.0
2010-03-07 12:00:00,2.8427772002169243,0.1,230.0,12.359900870508367,0.0,0.0,0.0
2010-03-07 13:00:00,2.585694031374434,0.1,230.0,11.242147962497539,0.0,0.0,0.0
2010-03-07 14:00:00,2.3065121011920775,0.1,230.0,10.028313483443815,0.0,0.0,0.0
2010-03-07 15:00:00,1.9494393039124616,0.1,230.0,8.475823060488963,0.0,0.0,0.0
2010-03-07 16:00:00,1.683864336721604,0.1,230.0,7.32114929009393,0.0,0.0,0.0
2010-03-07 17:00:00,1.2421653686025151,0.1,230.0,5.400718993923979,0.0,0.0,0.0
2010-03-07 18:00:00,1.0481563393161335,0.1,230.0,4.5572014752875365,0.0,0.0,0.0
2010-03-07 19:00:00,0.8456651171604458,0.1,230.0,3.6768048572193295,0.0,0.0,0.0
2010-03-07 20:00:00,0.6810491160910486,0.1,230.0,2.9610831134393414,0.0,0.0,0.0
2010-03-07 21:00:00,0.5669049723543886,0.1,230.0,2.4648042276277766,0.0,0.0,0.0
2010-03-07 22:00:00,0.7393253799352743,0.1,230.0,3.214458173631627,0.0,0.0,0.0
2010-03-07 23:00:00,0.7939287665254391,0.1,230.0,3.4518642022845176,0.0,0.0,0.0
2010-03-08 00:00:00,0.8514619392589374,0.1,230.0,3.7020084315605972,0.0,0.0,0.0
2010-03-08 01:00:00,0.7472671554644787,0.1,230.0,3.2489876324542553,0.0,0.0,0.0
2010-03-08 02:00:00,1.4215564149246571,0.1,230.0,6.180680064889813,0.0,0.0,0.0
2010-03-08 03:00:00,1.6264995223207839,0.1,230.0,7.071737053568626,0.0,0.0,0.0
2010-03-08 04:00:00,1.773024075651816,0.1,230.0,7.7088003289209395,0.0,0.0,0.0
2010-03-08 05:00:00,2.0524529476615845,0.1,230.0,8.923708468093846,0.0,0.0,0.0
2010-03-08 06:00:00,2.043134047815018,0.1,230.0,8.88319151223921,0.0,0.0,0.0
2010-03-08 07:00:00,2.3169240586070754,0.1,230.0,10.073582863509024,0.0,0.0,0.0
2010-03-08 08:00:00,2.4304163510893337,0.1,230.0,10.567027613431884,0.0,0.0,0.0
2010-03-08 09:00:00,2.492895261816298,0.1,230.0,10.838675051375208,0.0,0.0,0.0
2010-03-08 10:00:00,2.42851371033889,0.1,230.0,10.558755262343,0.0,0.0,0.0
2010-03-08 11:00:00,2.2940239337436004,0.1,230.0,9.974017103233045,0.0,0.0,0.0
2010-03-08 12:00:00,2.3540554016262636,0.1,230.0,10.235023485331581,0.0,0.0,0.0
2010-03-08 13:00:00,1.9969587774058275,0.1,230.0,8.682429466981858,0.0,0.0,0.0
2010-03-08 14:00:00,1.742890496149665,0.1,230.0,7.577784765868109,0.0,0.0,0.0
2010-03-08 15:00:00,1.5253673412611182,0.1,230.0,6.6320319185266,0.0,0.0,0.0
2010-03-08 16:00:00,1.2746835971973034,0.1,230.0,5.5421025965100155,0.0,0.0,0.0
2010-03-08 17:00:00,0.9924026431827038,0.1,230.0,4.314794100794364,0.0,0.0,0.0
2010-03-08 18:00:00,0.7936686344111747,0.1,230.0,3.450733193092064,0.0,0.0,0.0
2010-03-08 19:00:00,0.7649770924448195,0.1,230.0,3.325987358455737,0.0,0.0,0.0
2010-03-08 20:00:00,0.41293044003825996,0.1,230.0,1.7953497392967825,0.0,0.0,0.0
2010-03-08 21:00:00,0.31828067614641864,0.1,230.0,1.3838290267235591,0.0,0.0,0.0
2010-03-08 22:00:00,0.4073109149485301,0.1,230.0,1.7709170215153485,0.0,0.0,0.0
2010-03-08 23:00:00,0.7689153817936227,0.1,230.0,3.3431103556244466,0.0,0.0,0.0
2010-03-09 00:00:00,0.9714139840097569,0.1,230.0,4.223539060911986,0.0,0.0,0.0
2010-03-09 01:00:00,1.1119022594752668,0.1,230.0,4.834357649892465,0.0,0.0,0.0
2010-03-09 02:00:00,1.295379171900725,0.1,230.0,5.632083356090108,0.0,0.0,0.0
2010-03-09 03:00:00,1.5390944079820423,0.1,230.0,6.691714817313228,0.0,0.0,0.0
2010-03-09 04:00:00,1.9602097770517122,0.1,230.0,8.52265120457266,0.0,0.0,0.0
2010-03-09 05:00:00,2.04174438937979,0.1,230.0,8.877149519042566,0.0,0.0,0.0
2010-03-09 06:00:00,2.061178817372952,0.1,230.0,8.961647032056312,0.0,0.0,0.0
2010-03-09 07:00:00,2.2481018848436984,0.1,230.0,9.774356021059559,0.0,0.0,0.0
2010-03-09 08:00:00,2.403413067633288,0.1,230.0,10.44962203318821,0.0,0.0,0.0
2010-03-09 09:00:00,2.4831007683456683,0.1,230.0,10.796090297155079,0.0,0.0,0.0
2010-03-09 10:00:00,2.4593757056327643,0.1,230.0,10.692937850577238,0.0,0.0,0.0
2010-03-09 11:00:00,2.502299661265461,0.1,230.0,10.87956374463244,0.0,0.0,0.0
2010-03-09 12:00:00,2.2955690945130676,0.1,230.0,9.980735193535077,0.0,0.0,0.0
2010-03-09 13:00:00,1.933379825902942,0.1,230.0,8.40599924305627,0.0,0.0,0.0
2010-03-09 14:00:00,1.8379360051131168,0.1,230.0,7.991026109187464,0.0,0.0,0.0
2010-03-09 15:00:00,1.4465825731803683,0.1,230.0,6.289489448610297,0.0,0.0,0.0
2010-03-09 16:00:00,1.2495527400418431,0.1,230.0,5.432838000181927,0.0,0.0,0.0
2010-03-09 17:00:00,1.017011626608412,0.1,230.0,4.421789680906139,0.0,0.0,0.0
2010-03-09 18:00:00,0.8282161577113452,0.1,230.0,3.6009398161362833,0.0,0.0,0.0
2010-03-09 19:00:00,0.6485376464330981,0.1,230.0,2.819728897535209,0.0,0.0,0.0
2010-03-09 20:00:00,0.4842345063033441,0.1,230.0,2.1053674187101916,0.0,0.0,0.0
2010-03-09 21:00:00,0.31473360146530327,0.1,230.0,1.3684069628926228,0.0,0.0,0.0
2010-03-09 22:00:00,0.5282756582651226,0.1,230.0,2.2968506881092288,0.0,0.0,0.0
2010-03-09 23:00:00,0.4989829379334427,0.1,230.0,2.169491034493229,0.0,0.0,0.0
2010-03-10 00:00:00,0.7081521756252099,0.1,230.0,3.078922502718304,0.0,0.0,0.0
2010-03-10 01:00:00,0.943620033382266,0.1,230.0,4.1026957973142,0.0,0.0,0.0
2010-03-10 02:00:00,1.2738259725722354,0.1,230.0,5.538373793792327,0.0,0.0,0.0
2010-03-10 03:00:00,1.4006781520013472,0.1,230.0,6.08990500870151,0.0,0.0,0.0
2010-03-10 04:00:00,1.7175179253004242,0.1,230.0,7.4674692404366265,0.0,0.0,0.0
2010-03-10 05:00:00,2.0176967665523717,0.1,230.0,8.772594637184225,0.0,0.0,0.0
2010-03-10 06:00:00,2.0777323427251773,0.1,230.0,9.033618881413814,0.0,0.0,0.0
2010-03-10 07:00:00,2.3897649485920667,0.1,230.0,10.390282385182898,0.0,0.0,0.0
2010-03-10 08:00:00,2.393056762723766,0.1,230.0,10.404594620538113,0.0,0.0,0.0
2010-03-10 09:00:00,2.4884307673090396,0.1,230.0,10.819264205691477,0.0,0.0,0.0
2010-03-10 10:00:00,2.2782708699924568,0.1,230.0,9.905525521706334,0.0,0.0,0.0
2010-03-10 11:00:00,2.316855347313622,0.1,230.0,10.073284118754879,0.0,0.0,0.0
2010-03-10 12:00:00,2.3822514141764315,0.1,230.0,10.357614844245354,0.0,0.0,0.0
2010-03-10 13:00:00,1.9600142199086608,0.1,230.0,8.521800956124613,0.0,0.0,0.0
2010-03-10 14:00:00,1.9120274445076997,0.1,230.0,8.31316280220739,0.0,0.0,0.0
2010-03-10 15:00:00,1.465684179538609,0.1,230.0,6.37253991103743,0.0,0.0,0.0
2010-03-10 16:00:00,1.4092378061603932,0.1,230.0,6.127120896349536,0.0,0.0,0.0
2010-03-10 17:00:00,1.0291406130322807,0.1,230.0,4.474524404488177,0.0,0.0,0.0
2010-03-10 18:00:00,0.8864176932458975,0.1,230.0,3.853989970634337,0.0,0.0,0.0
2010-03-10 19:00:00,0.7464312703833123,0.1,230.0,3.245353349492662,0.0,0.0,0.0
2010-03-10 20:00:00,0.5367032502169172,0.1,230.0,2.333492392247466,0.0,0.0,0.0
2010-03-10 21:00:00,0.5237007689361359,0.1,230.0,2.2769598649397214,0.0,0.0,0.0
2010-03-10 22:00:00,0.4658355158964075,0.1,230.0,2.0253718082452496,0.0,0.0,0.0
2010-03-10 23:00:00,0.6333169029444734,0.1,230.0,2.753551751932493,0.0,0.0,0.0
2010-03-11 00:00:00,0.926856504668993,0.1,230.0,4.029810889865187,0.0,0.0,0.0
2010-03-11 01:00:00,1.1180734674634194,0.1,230.0,4.861188988971389,0.0,0.0,0.0
2010-03-11 02:00:00,1.0435493084547516,0.1,230.0,4.537170906325007,0.0,0.0,0.0
2010-03-11 03:00:00,1.660512812577405,0.1,230.0,7.219620924249587,0.0,0.0,0.0
2010-03-11 04:00:00,1.8215018221134558,0.1,230.0,7.91957313962372,0.0,0.0,0.0
2010-03-11 05:00:00,2.037689423054907,0.1,230.0,8.859519230673508,0.0,0.0,0.0
2010-03-11 06:00:00,2.2292743510723048,0.1,230.0,9.692497178575238,0.0,0.0,0.0
2010-03-11 07:00:00,2.259160952065284,0.1,230.0,9.822438922022975,0.0,0.0,0.0
2010-03-11 08:00:00,2.1621700906619243,0.1,230.0,9.400739524617062,0.0,0.0,0.0
2010-03-11 09:00:00,2.516552244101903,0.1,230.0,10.94153149609523,0.0,0.0,0.0
2010-03-11 10:00:00,2.5522265815173535,0.1,230.0,11.096637310945017,0.0,0.0,0.0
2010-03-11 11:00:00,2.336291963571731,0.1,230.0,10.157791145964048,0.0,0.0,0.0
2010-03-11 12:00:00,2.1938589385266067,0.1,230.0,9.538517124028726,0.0,0.0,0.0
2010-03-11 13:00:00,2.1077401253034185,0.1,230.0,9.16408750131921,0.0,0.0,0.0
2010-03-11 14:00:00,1.6772336933851453,0.1,230.0,7.2923204060223705,0.0,0.0,0.0
2010-03-11 15:00:00,1.3933683051901136,0.1,230.0,6.058123066043971,0.0,0.0,0.0
2010-03-11 16:00:00,1.1787378742203882,0.1,230.0,5.1249472792190796,0.0,0.0,0.0
2010-03-11 17:00:00,1.0736237020069224,0.1,230.0,4.667929139160532,0.0,0.0,0.0
2010-03-11 18:00:00,0.8880916477628741,0.1,230.0,3.8612680337516267,0.0,0.0,0.0
2010-03-11 19:00:00,0.47279166409291606,0.1,230.0,2.0556159308387656,0.0,0.0,0.0
2010-03-11 20:00:00,0.4636372505305085,0.1,230.0,2.0158141327413417,0.0,0.0,0.0
2010-03-11 21:00:00,0.38774559399775094,0.1,230.0,1.6858504086858737,0.0,0.0,0.0
2010-03-11 22:00:00,0.6227553073263192,0.1,230.0,2.7076317709839968,0.0,0.0,0.0
2010-03-11 23:00:00,0.5455555228070643,0.1,230.0,2.371980533943758,0.0,0.0,0.0
2010-03-12 00:00:00,0.8669435669722786,0.1,230.0,3.7693198564012116,0.0,0.0,0.0
2010-03-12 01:00:00,0.894570566674476,0.1,230.0,3.889437246410765,0.0,0.0,0.0
2010-03-12 02:00:00,1.3788832290816637,0.1,230.0,5.995144474268104,0.0,0.0,0.0
2010-03-12 03:00:00,1.5262269827305488,0.1,230.0,6.635769490132821,0.0,0.0,0.0
2010-03-12 04:00:00,1.7362809621928175,0.1,230.0,7.549047661707902,0.0,0.0,0.0
2010-03-12 05:00:00,1.9967885452359753,0.1,230.0,8.681689327112936,0.0,0.0,0.0
2010-03-12 06:00:00,2.3756992493420417,0.1,230.0,10.329127171052354,0.0,0.0,0.0
2010-03-12 07:00:00,2.377634251142951,0.1,230.0,10.337540222360655,0.0,0.0,0.0
2010-03-12 08:00:00,2.533571513969014,0.1,230.0,11.015528321604407,0.0,0.0,0.0
2010-03-12 09:00:00,2.4313726109917155,0.1,230.0,10.571185265181372,0.0,0.0,0.0
2010-03-12 10:00:00,2.4175267198151715,0.1,230.0,10.510985738326832,0.0,0.0,0.0
2010-03-12 11:00:00,2.4454915534551054,0.1,230.0,10.632571971543937,0.0,0.0,0.0
2010-03-12 12:00:00,2.385657604706777,0.1,230.0,10.372424368290334,0.0,0.0,0.0
2010-03-12 13:00:00,2.1225762271218263,0.1,230.0,9.228592291834028,0.0,0.0,0.0
2010-03-12 14:00:00,1.778966365087159,0.1,230.0,7.73463636994417,0.0,0.0,0.0
2010-03-12 15:00:00,1.46646713745244,0.1,230.0,6.375944075880174,0.0,0.0,0.0
2010-03-12 16:00:00,1.306263154061944,0.1,230.0,5.679405017660627,0.0,0.0,0.0
2010-03-12 17:00:00,1.1347067107475206,0.1,230.0,4.933507438032699,0.0,0.0,0.0
2010-03-12 18:00:00,0.8121888075966214,0.1,230.0,3.5312556852027015,0.0,0.0,0.0
2010-03-12 19:00:00,0.736752657846352,0.1,230.0,3.203272425418922,0.0,0.0,0.0
2010-03-12 20:00:00,0.6182703844974897,0.1,230.0,2.688132106510825,0.0,0.0,0.0
2010-03-12 21:00:00,0.5519795454059183,0.1,230.0,2.3999110669822534,0.0,0.0,0.0
2010-03-12 22:00:00,0.39438483915484823,0.1,230.0,1.7147166919776011,0.0,0.0,0.0
2010-03-12 23:00:00,0.8636606599514396,0.1,230.0,3.7550463476149547,0.0,0.0,0.0
2010-03-13 00:00:00,1.1865663209728976,0.1,230.0,5.158984004229989,0.0,0.0,0.0
2010-03-13 01:00:00,1.2308192014694295,0.1,230.0,5.351387832475781,0.0,0.0,0.0
2010-03-13 02:00:00,1.9185252754654982,0.1,230.0,8.34141424115434,0.0,0.0,0.0
2010-03-13 03:00:00,2.0089739183889064,0.1,230.0,8.73466921038655,0.0,0.0,0.0
2010-03-13 04:00:00,2.3520870915510335,0.1,230.0,10.226465615439276,0.0,0.0,0.0
2010-03-13 05:00:00,2.643557722885136,0.1,230.0,11.493729229935374,0.0,0.0,0.0
2010-03-13 06:00:00,2.9397659729223355,0.1,230.0,12.78159118661885,0.0,0.0,0.0
2010-03-13 07:00:00,3.0488888851357716,0.1,230.0,13.256038631025094,0.0,0.0,0.0
2010-03-13 08:00:00,3.2061382523566566,0.1,230.0,13.939731531985464,0.0,0.0,0.0
2010-03-13 09:00:00,3.286757953385098,0.1,230.0,14.290251971239556,0.0,0.0,0.0
2010-03-13 10:00:00,3.055309819341493,0.1,230.0,13.28395573626736,0.0,0.0,0.0
2010-03-13 11:00:00,3.202739969676258,0.1,230.0,13.924956389896774,0.0,0.0,0.0
2010-03-13 12:00:00,2.8878847659976903,0.1,230.0,12.55602072172909,0.0,0.0,0.0
2010-03-13 13:00:00,2.596689538045466,0.1,230.0,11.289954513241158,0.0,0.0,0.0
2010-03-13 14:00:00,2.2539815615309045,0.1,230.0,9.799919832743063,0.0,0.0,0.0
2010-03-13 15:00:00,1.9134931140127982,0.1,230.0,8.319535278316515,0.0,0.0,0.0
2010-03-13 16:00:00,1.5093114590594279,0.1,230.0,6.56222373504099,0.0,0.0,0.0
2010-03-13 17:00:00,1.4934929056054576,0.1,230.0,6.493447415675902,0.0,0.0,0.0
2010-03-13 18:00:00,0.9931981710336939,0.1,230.0,4.3182529175378,0.0,0.0,0.0
2010-03-13 19:00:00,0.9844748674332872,0.1,230.0,4.28032551057951,0.0,0.0,0.0
2010-03-13 20:00:00,0.8015747929963292,0.1,230.0,3.485107795636214,0.0,0.0,0.0
2010-03-13 21:00:00,0.6625524955259248,0.1,230.0,2.88066302402576,0.0,0.0,0.0
2010-03-13 22:00:00,0.7709177432904166,0.1,230.0,3.3518162751757243,0.0,0.0,0.0
2010-03-13 23:00:00,0.8622788086258738,0.1,230.0,3.7490382983733643,0.0,0.0,0.0
2010-03-14 00:00:00,1.0771345987349652,0.1,230.0,4.683193907543327,0.0,0.0,0.0
2010-03-14 01:00:00,1.4663168692729023,0.1,230.0,6.37529073596914,0.0,0.0,0.0
2010-03-14 02:00:00,1.68268507141411,0.1,230.0,7.316022049626564,0.0,0.0,0.0
2010-03-14 03:00:00,2.009191364098185,0.1,230.0,8.735614626513847,0.0,0.0,0.0
2010-03-14 04:00:00,2.2409157303683647,0.1,230.0,9.743111871166803,0.0,0.0,0.0
2010-03-14 05:00:00,2.466889274215911,0.1,230.0,10.725605540069179,0.0,0.0,0.0
2010-03-14 06:00:00,2.9291728802032764,0.1,230.0,12.735534261753376,0.0,0.0,0.0
2010-03-14 07:00:00,3.2676775233381052,0.1,230.0,14.207293579730893,0.0,0.0,0.0
2010-03-14 08:00:00,3.218125349504757,0.1,230.0,13.991849345672856,0.0,0.0,0.0
2010-03-14 09:00:00,3.433966040006908,0.1,230.0,14.930287130464817,0.0,0.0,0.0
2010-03-14 10:00:00,3.2100200127817495,0.1,230.0,13.956608751225,0.0,0.0,0.0
2010-03-14 11:00:00,3.107300079296883,0.1,230.0,13.510000344769056,0.0,0.0,0.0
2010-03-14 12:00:00,2.8102383213963447,0.1,230.0,12.218427484331935,0.0,0.0,0.0
2010-03-14 13:00:00,2.607963713674617,0.1,230.0,11.338972668150507,0.0,0.0,0.0
2010-03-14 14:00:00,2.389190901506613,0.1,230.0,10.387786528289622,0.0,0.0,0.0
2010-03-14 15:00:00,1.9233502503378388,0.1,230.0,8.362392392773213,0.0,0.0,0.0
2010-03-14 16:00:00,1.5912490965007489,0.1,230.0,6.918474332611952,0.0,0.0,0.0
2010-03-14 17:00:00,1.2326475449054395,0.1,230.0,5.35933715176278,0.0,0.0,0.0
2010-03-14 18:00:00,0.8671970636581282,0.1,230.0,3.770422015904905,0.0,0.0,0.0
2010-03-14 19:00:00,0.8113910928790521,0.1,230.0,3.5277873603437047,0.0,0.0,0.0
2010-03-14 20:00:00,0.7809420488746053,0.1,230.0,3.395400212498284,0.0,0.0,0.0
2010-03-14 21:00:00,0.5527143243272987,0.1,230.0,2.403105757944777,0.0,0.0,0.0
2010-03-14 22:00:00,0.40009978252332506,0.1,230.0,1.7395642718405437,0.0,0.0,0.0
2010-03-14 23:00:00,0.8056903832112431,0.1,230.0,3.5030016661358396,0.0,0.0,0.0
2010-03-15 00:00:00,0.8415117267093593,0.1,230.0,3.6587466378667792,0.0,0.0,0.0
2010-03-15 01:00:00,1.0958950741094355,0.1,230.0,4.7647611917801544,0.0,0.0,0.0
2010-03-15 02:00:00,1.1743064046496778,0.1,230.0,5.105680020215991,0.0,0.0,0.0
2010-03-15 03:00:00,1.3847757910086216,0.1,230.0,6.0207643087331375,0.0,0.0,0.0
2010-03-15 04:00:00,1.7568232666307335,0.1,230.0,7.638362028829277,0.0,0.0,0.0
2010-03-15 05:00:00,2.291621976954394,0.1,230.0,9.963573812845192,0.0,0.0,0.0
2010-03-15 06:00:00,2.271153573841782,0.1,230.0,9.874580755833835,0.0,0.0,0.0
2010-03-15 07:00:00,2.350836967500224,0.1,230.0,10.221030293479235,0.0,0.0,0.0
2010-03-15 08:00:00,2.5386077920726557,0.1,230.0,11.03742518292459,0.0,0.0,0.0
2010-03-15 09:00:00,2.3954449842425376,0.1,230.0,10.41497819235886,0.0,0.0,0.0
2010-03-15 10:00:00,2.554879196021223,0.1,230.0,11.108170417483578,0.0,0.0,0.0
2010-03-15 11:00:00,2.4812166144223897,0.1,230.0,10.787898323575607,0.0,0.0,0.0
2010-03-15 12:00:00,2.1832831436078606,0.1,230.0,9.492535406990697,0.0,0.0,0.0
2010-03-15 13:00:00,1.9268597816020336,0.1,230.0,8.377651224356667,0.0,0.0,0.0
2010-03-15 14:00:00,1.8088516462502453,0.1,230.0,7.8645723750010665,0.0,0.0,0.0
2010-03-15 15:00:00,1.4093941934642367,0.1,230.0,6.127800841148855,0.0,0.0,0.0
2010-03-15 16:00:00,1.2840250463293998,0.1,230.0,5.582717592736521,0.0,0.0,0.0
2010-03-15 17:00:00,0.9746066728202281,0.1,230.0,4.237420316609687,0.0,0.0,0.0
2010-03-15 18:00:00,0.5847710052210906,0.1,230.0,2.5424826313960462,0.0,0.0,0.0
2010-03-15 19:00:00,0.686166469703564,0.1,230.0,2.9833324769720173,0.0,0.0,0.0
2010-03-15 20:00:00,0.6281523013492856,0.1,230.0,2.7310969623881984,0.0,0.0,0.0
2010-03-15 21:00:00,0.6172421904526627,0.1,230.0,2.6836616976202725,0.0,0.0,0.0
2010-03-15 22:00:00,0.37922183406987064,0.1,230.0,1.648790582912481,0.0,0.0,0.0
2010-03-15 23:00:00,0.5619748448649763,0.1,230.0,2.443368890717288,0.0,0.0,0.0
2010-03-16 00:00:00,0.9356157707526187,0.1,230.0,4.067894655446168,0.0,0.0,0.0
2010-03-16 01:00:00,0.9433147372834834,0.1,230.0,4.101368422971667,0.0,0.0,0.0
2010-03-16 02:00:00,1.032800079630561,0.1,230.0,4.490435128828526,0.0,0.0,0.0
2010-03-16 03:00:00,1.4425094010125583,0.1,230.0,6.2717800044024274,0.0,0.0,0.0
2010-03-16 04:00:00,1.6862896695830993,0.1,230.0,7.331694215578692,0.0,0.0,0.0
2010-03-16 05:00:00,1.9729364842067727,0.1,230.0,8.57798471394249,0.0,0.0,0.0
2010-03-16 06:00:00,2.492324811600807,0.1,230.0,10.836194833046987,0.0,0.0,0.0
2010-03-16 07:00:00,2.417968374124189,0.1,230.0,10.512905974452996,0.0,0.0,0.0
2010-03-16 08:00:00,2.242321270512447,0.1,230.0,9.749222915271508,0.0,0.0,0.0
2010-03-16 09:00:00,2.4719131949443476,0.1,230.0,10.747448673671077,0.0,0.0,0.0
2010-03-16 10:00:00,2.5630406032550743,0.1,230.0,11.143654796761194,0.0,0.0,0.0
2010-03-16 11:00:00,2.388514478286956,0.1,230.0,10.384845557769374,0.0,0.0,0.0
2010-03-16 12:00:00,2.1310210397062646,0.1,230.0,9.265308868288107,0.0,0.0,0.0
2010-03-16 13:00:00,1.9958205844886092,0.1,230.0,8.677480802124387,0.0,0.0,0.0
2010-03-16 14:00:00,1.7406354716153871,0.1,230.0,7.567980311371248,0.0,0.0,0.0
2010-03-16 15:00:00,1.4741949213589005,0.1,230.0,6.4095431363430455,0.0,0.0,0.0
2010-03-16 16:00:00,1.0392754106420599,0.1,230.0,4.518588741921999,0.0,0.0,0.0
2010-03-16 17:00:00,1.0010908120389066,0.1,230.0,4.352568747995246,0.0,0.0,0.0
2010-03-16 18:00:00,1.0871613481005402,0.1,230.0,4.726788470002349,0.0,0.0,0.0
2010-03-16 19:00:00,0.7313762215750131,0.1,230.0,3.179896615543535,0.0,0.0,0.0
2010-03-16 20:00:00,0.5352413788992524,0.1,230.0,2.3271364299967496,0.0,0.0,0.0
2010-03-16 21:00:00,0.5624541459890768,0.1,230.0,2.4454528086481604,0.0,0.0,0.0
2010-03-16 22:00:00,0.34294982481675096,0.1,230.0,1.4910861948554388,0.0,0.0,0.0
2010-03-16 23:00:00,0.7639142447802382,0.1,230.0,3.3213662816532095,0.0,0.0,0.0
2010-03-17 00:00:00,1.0249234805403393,0.1,230.0,4.456189045827562,0.0,0.0,0.0
2010-03-17 01:00:00,1.0225482015995968,0.1,230.0,4.445861746085203,0.0,0.0,0.0
2010-03-17 02:00:00,1.209720328172397,0.1,230.0,5.259653600749552,0.0,0.0,0.0
2010-03-17 03:00:00,1.6439881036373643,0.1,230.0,7.147774363640714,0.0,0.0,0.0
2010-03-17 04:00:00,1.8695956395758353,0.1,230.0,8.12867669380798,0.0,0.0,0.0
2010-03-17 05:00:00,1.9044801959377802,0.1,230.0,8.280348677990348,0.0,0.0,0.0
2010-03-17 06:00:00,2.129804821815535,0.1,230.0,9.260020964415371,0.0,0.0,0.0
2010-03-17 07:00:00,2.29862975551956,0.1,230.0,9.994042415302433,0.0,0.0,0.0
2010-03-17 08:00:00,2.3836594278856476,0.1,230.0,10.363736642981076,0.0,0.0,0.0
2010-03-17 09:00:00,2.366538869724166,0.1,230.0,10.28929943358333,0.0,0.0,0.0
2010-03-17 10:00:00,2.7325329951049473,0.1,230.0,11.880578239586727,0.0,0.0,0.0
2010-03-17 11:00:00,2.2033848335547965,0.1,230.0,9.579934058933897,0.0,0.0,0.0
2010-03-17 12:00:00,2.172056684729284,0.1,230.0,9.443724716214279,0.0,0.0,0.0
2010-03-17 13:00:00,1.939396351589026,0.1,230.0,8.43215805038707,0.0,0.0,0.0
2010-03-17 14:00:00,1.8405441500992605,0.1,230.0,8.002365869996785,0.0,0.0,0.0
2010-03-17 15:00:00,1.3221844862703944,0.1,230.0,5.748628201175628,0.0,0.0,0.0
2010-03-17 16:00:00,1.3848635411026793,0.1,230.0,6.021145830881215,0.0,0.0,0.0
2010-03-17 17:00:00,0.8044605627847164,0.1,230.0,3.497654620803115,0.0,0.0,0.0
2010-03-17 18:00:00,0.7228780888494554,0.1,230.0,3.1429482123889363,0.0,0.0,0.0
2010-03-17 19:00:00,0.6774358904088384,0.1,230.0,2.945373436560167,0.0,0.0,0.0
2010-03-17 20:00:00,0.5239244993812001,0.1,230.0,2.277932606005218,0.0,0.0,0.0
2010-03-17 21:00:00,0.7232703866552422,0.1,230.0,3.144653855022792,0.0,0.0,0.0
2010-03-17 22:00:00,0.5372253271531992,0.1,230.0,2.3357622919704313,0.0,0.0,0.0
2010-03-17 23:00:00,0.896679703339871,0.1,230.0,3.8986074058255262,0.0,0.0,0.0
2010-03-18 00:00:00,0.7314533508921176,0.1,230.0,3.180231960400511,0.0,0.0,0.0
2010-03-18 01:00:00,0.9458351757621632,0.1,230.0,4.11232685113984,0.0,0.0,0.0
2010-03-18 02:00:00,1.49150431542549,0.1,230.0,6.484801371415173,0.0,0.0,0.0
2010-03-18 03:00:00,1.2903645189465007,0.1,230.0,5.610280517158699,0.0,0.0,0.0
2010-03-18 04:00:00,1.7540043602426434,0.1,230.0,7.626105914098449,0.0,0.0,0.0
2010-03-18 05:00:00,1.9796192723985129,0.1,230.0,8.607040314776143,0.0,0.0,0.0
2010-03-18 06:00:00,2.129636473446902,0.1,230.0,9.25928901498653,0.0,0.0,0.0
2010-03-18 07:00:00,2.3933233018834805,0.1,230.0,10.405753486449914,0.0,0.0,0.0
2010-03-18 08:00:00,2.496743149852642,0.1,230.0,10.855404999359312,0.0,0.0,0.0
2010-03-18 09:00:00,2.6238487699730735,0.1,230.0,11.408038130317712,0.0,0.0,0.0
2010-03-18 10:00:00,2.6409266314198687,0.1,230.0,11.482289701825515,0.0,0.0,0.0
2010-03-18 11:00:00,2.3185980779868953,0.1,230.0,10.080861208638677,0.0,0.0,0.0
2010-03-18 12:00:00,2.151833638036721,0.1,230.0,9.355798426246613,0.0,0.0,0.0
2010-03-18 13:00:00,1.9278810976151886,0.1,230.0,8.38209172876169,0.0,0.0,0.0
2010-03-18 14:00:00,1.916006567357005,0.1,230.0,8.330463336334804,0.0,0.0,0.0
2010-03-18 15:00:00,1.5050240453772639,0.1,230.0,6.5435828059881045,0.0,0.0,0.0
2010-03-18 16:00:00,1.2607365789418243,0.1,230.0,5.481463386703584,0.0,0.0,0.0
2010-03-18 17:00:00,1.135883966920772,0.1,230.0,4.9386259431337916,0.0,0.0,0.0
2010-03-18 18:00:00,0.8958016500186803,0.1,230.0,3.8947897826899145,0.0,0.0,0.0
2010-03-18 19:00:00,0.7769588844516869,0.1,230.0,3.378082106311682,0.0,0.0,0.0
2010-03-18 20:00:00,0.5611767211306855,0.1,230.0,2.43989878752472,0.0,0.0,0.0
2010-03-18 21:00:00,0.497345192956292,0.1,230.0,2.162370404157791,0.0,0.0,0.0
2010-03-18 22:00:00,0.5558591223605299,0.1,230.0,2.4167787928718694,0.0,0.0,0.0
2010-03-18 23:00:00,0.6480388814395199,0.1,230.0,2.8175603540848693,0.0,0.0,0.0
2010-03-19 00:00:00,0.7891738005462035,0.1,230.0,3.4311904371574062,0.0,0.0,0.0
2010-03-19 01:00:00,1.0501299237243231,0.1,230.0,4.565782277062275,0.0,0.0,0.0
2010-03-19 02:00:00,1.295945164134578,0.1,230.0,5.6345441918894705,0.0,0.0,0.0
2010-03-19 03:00:00,1.4105280008179566,0.1,230.0,6.132730438338942,0.0,0.0,0.0
2010-03-19 04:00:00,1.9634627244149898,0.1,230.0,8.536794453978217,0.0,0.0,0.0
2010-03-19 05:00:00,2.093762467626199,0.1,230.0,9.103315076635647,0.0,0.0,0.0
2010-03-19 06:00:00,2.1982396957003454,0.1,230.0,9.557563894349327,0.0,0.0,0.0
2010-03-19 07:00:00,2.33024644898164,0.1,230.0,10.131506299920176,0.0,0.0,0.0
2010-03-19 08:00:00,2.571640261382156,0.1,230.0,11.181044614705026,0.0,0.0,0.0
2010-03-19 09:00:00,2.5512101724064125,0.1,230.0,11.092218140897446,0.0,0.0,0.0
2010-03-19 10:00:00,2.3892841045938518,0.1,230.0,10.388191759103703,0.0,0.0,0.0
2010-03-19 11:00:00,2.2985719837020655,0.1,230.0,9.993791233487242,0.0,0.0,0.0
2010-03-19 12:00:00,2.11925039693417,0.1,230.0,9.214132160583349,0.0,0.0,0.0
2010-03-19 13:00:00,2.103358757763811,0.1,230.0,9.145038077233961,0.0,0.0,0.0
2010-03-19 14:00:00,1.6766055539352016,0.1,230.0,7.28958936493566,0.0,0.0,0.0
2010-03-19 15:00:00,1.4565021662887876,0.1,230.0,6.332618114299076,0.0,0.0,0.0
2010-03-19 16:00:00,1.331880026283554,0.1,230.0,5.790782722971973,0.0,0.0,0.0
2010-03-19 17:00:00,1.1520731368,0.1,230.0,5.009013638260869,0.0,0.0,0.0
2010-03-19 18:00:00,0.8061373134134926,0.1,230.0,3.504944840928229,0.0,0.0,0.0
2010-03-19 19:00:00,0.7679000454402768,0.1,230.0,3.338695849740334,0.0,0.0,0.0
2010-03-19 20:00:00,0.41539759032145307,0.1,230.0,1.8060764796584916,0.0,0.0,0.0
2010-03-19 21:00:00,0.5014599235345102,0.1,230.0,2.180260537106566,0.0,0.0,0.0
2010-03-19 22:00:00,0.6837352580918603,0.1,230.0,2.9727619917037402,0.0,0.0,0.0
2010-03-19 23:00:00,0.6176179608871435,0.1,230.0,2.685295482118015,0.0,0.0,0.0
2010-03-20 00:00:00,1.00807200676111,0.1,230.0,4.382921768526565,0.0,0.0,0.0
2010-03-20 01:00:00,1.35815367073407,0.1,230.0,5.905015959713348,0.0,0.0,0.0
2010-03-20 02:00:00,1.543798824273395,0.1,230.0,6.712168801188674,0.0,0.0,0.0
2010-03-20 03:00:00,1.806657583654659,0.1,230.0,7.855032972411561,0.0,0.0,0.0
2010-03-20 04:00:00,2.0436658675356534,0.1,230.0,8.885503771894145,0.0,0.0,0.0
2010-03-20 05:00:00,2.6658217208805945,0.1,230.0,11.590529221219976,0.0,0.0,0.0
2010-03-20 06:00:00,2.8951943420005515,0.1,230.0,12.587801486958918,0.0,0.0,0.0
2010-03-20 07:00:00,3.0897487713971294,0.1,230.0,13.433690310422302,0.0,0.0,0.0
2010-03-20 08:00:00,3.0378249898780028,0.1,230.0,13.207934738600011,0.0,0.0,0.0
2010-03-20 09:00:00,3.35442151001083,0.1,230.0,14.584441347873174,0.0,0.0,0.0
2010-03-20 10:00:00,3.3236078735091072,0.1,230.0,14.450469015256989,0.0,0.0,0.0
2010-03-20 11:00:00,3.068737588483408,0.1,230.0,13.342337341232207,0.0,0.0,0.0
2010-03-20 12:00:00,2.8402925765478986,0.1,230.0,12.349098158903907,0.0,0.0,0.0
2010-03-20 13:00:00,2.530196637620041,0.1,230.0,11.00085494617409,0.0,0.0,0.0
2010-03-20 14:00:00,2.301618587352293,0.1,230.0,10.007037336314317,0.0,0.0,0.0
2010-03-20 15:00:00,1.9212677001156535,0.1,230.0,8.353337826589797,0.0,0.0,0.0
2010-03-20 16:00:00,1.6960577178591028,0.1,230.0,7.374163990691751,0.0,0.0,0.0
2010-03-20 17:00:00,1.276843578053752,0.1,230.0,5.551493817625008,0.0,0.0,0.0
2010-03-20 18:00:00,1.1184382349490314,0.1,230.0,4.862774934561005,0.0,0.0,0.0
2010-03-20 19:00:00,0.6547524141026653,0.1,230.0,2.8467496265333274,0.0,0.0,0.0
2010-03-20 20:00:00,0.6256392789624696,0.1,230.0,2.720170778097694,0.0,0.0,0.0
2010-03-20 21:00:00,0.7879045688295383,0.1,230.0,3.425672038389297,0.0,0.0,0.0
2010-03-20 22:00:00,0.7146927422867585,0.1,230.0,3.107359749072863,0.0,0.0,0.0
2010-03-20 23:00:00,0.8541729889736958,0.1,230.0,3.71379560423346,0.0,0.0,0.0
2010-03-21 00:00:00,0.9637110477430035,0.1,230.0,4.190048033665232,0.0,0.0,0.0
2010-03-21 01:00:00,1.200643932626974,0.1,230.0,5.220191011421626,0.0,0.0,0.0
2010-03-21 02:00:00,1.6498336171070664,0.1,230.0,7.1731896395959405,0.0,0.0,0.0
2010-03-21 03:00:00,1.864568908803774,0.1,230.0,8.106821342625105,0.0,0.0,0.0
2010-03-21 04:00:00,2.215085468310932,0.1,230.0,9.630806383960573,0.0,0.0,0.0
2010-03-21 05:00:00,2.6844038422337904,0.1,230.0,11.671321053190393,0.0,0.0,0.0
2010-03-21 06:00:00,2.9597927603597647,0.1,230.0,12.868664175477237,0.0,0.0,0.0
2010-03-21 07:00:00,3.103282168760705,0.1,230.0,13.492531168524804,0.0,0.0,0.0
2010-03-21 08:00:00,3.209044635721103,0.1,230.0,13.952367981396101,0.0,0.0,0.0
2010-03-21 09:00:00,3.3330785844141593,0.1,230.0,14.491646019191997,0.0,0.0,0.0
2010-03-21 10:00:00,3.2593709428932462,0.1,230.0,14.17117801257933,0.0,0.0,0.0
2010-03-21 11:00:00,3.3842928542169415,0.1,230.0,14.714316757464964,0.0,0.0,0.0
2010-03-21 12:00:00,2.9281311441351536,0.1,230.0,12.731004974500667,0.0,0.0,0.0
2010-03-21 13:00:00,2.6145005675048427,0.1,230.0,11.367393771760186,0.0,0.0,0.0
2010-03-21 14:00:00,2.2896230471874253,0.1,230.0,9.95488281385837,0.0,0.0,0.0
2010-03-21 15:00:00,2.1697424812561206,0.1,230.0,9.433662961983133,0.0,0.0,0.0
2010-03-21 16:00:00,1.598904549092994,0.1,230.0,6.951758909099975,0.0,0.0,0.0
2010-03-21 17:00:00,1.343140188928108,0.1,230.0,5.83973995186134,0.0,0.0,0.0
2010-03-21 18:00:00,1.1322795573320599,0.1,230.0,4.922954597095912,0.0,0.0,0.0
2010-03-21 19:00:00,0.7828918924655855,0.1,230.0,3.403877793328633,0.0,0.0,0.0
2010-03-21 20:00:00,0.6538665897457147,0.1,230.0,2.842898216285716,0.0,0.0,0.0
2010-03-21 21:00:00,0.6300450031291724,0.1,230.0,2.739326100561619,0.0,0.0,0.0
2010-03-21 22:00:00,0.592024314496411,0.1,230.0,2.574018758680048,0.0,0.0,0.0
2010-03-21 23:00:00,0.7300270476877248,0.1,230.0,3.1740306421205426,0.0,0.0,0.0
2010-03-22 00:00:00,0.6911553719347836,0.1,230.0,3.0050233562381896,0.0,0.0,0.0
2010-03-22 01:00:00,0.9986007233410601,0.1,230.0,4.341742275395913,0.0,0.0,0.0
2010-03-22 02:00:00,1.4544718631929314,0.1,230.0,6.323790709534484,0.0,0.0,0.0
2010-03-22 03:00:00,1.3845578163239585,0.1,230.0,6.019816592712862,0.0,0.0,0.0
2010-03-22 04:00:00,1.7102831704292827,0.1,230.0,7.436013784475143,0.0,0.0,0.0
2010-03-22 05:00:00,2.12210514123713,0.1,230.0,9.226544092335347,0.0,0.0,0.0
2010-03-22 06:00:00,2.3141207171813165,0.1,230.0,10.061394422527464,0.0,0.0,0.0
2010-03-22 07:00:00,2.2346715801724035,0.1,230.0,9.71596339205393,0.0,0.0,0.0
2010-03-22 08:00:00,2.5379186484788248,0.1,230.0,11.034428906429673,0.0,0.0,0.0
2010-03-22 09:00:00,2.5409369469769167,0.1,230.0,11.047551943377899,0.0,0.0,0.0
2010-03-22 10:00:00,2.5661388479874194,0.1,230.0,11.157125426032259,0.0,0.0,0.0
2010-03-22 11:00:00,2.32629110958301,0.1,230.0,10.114309172100043,0.0,0.0,0.0
2010-03-22 12:00:00,2.218859165214349,0.1,230.0,9.647213761801519,0.0,0.0,0.0
2010-03-22 13:00:00,2.238817834374746,0.1,230.0,9.733990584238025,0.0,0.0,0.0
2010-03-22 14:00:00,1.5909197573174487,0.1,230.0,6.917042423119343,0.0,0.0,0.0
2010-03-22 15:00:00,1.5006931282868818,0.1,230.0,6.524752731682095,0.0,0.0,0.0
2010-03-22 16:00:00,1.3244239772263764,0.1,230.0,5.758365118375549,0.0,0.0,0.0
2010-03-22 17:00:00,1.0655755799907463,0.1,230.0,4.6329373043075925,0.0,0.0,0.0
2010-03-22 18:00:00,0.9711903518564411,0.1,230.0,4.222566747201918,0.0,0.0,0.0
2010-03-22 19:00:00,0.4581580765500811,0.1,230.0,1.9919916371742656,0.0,0.0,0.0
2010-03-22 20:00:00,0.5481411036363721,0.1,230.0,2.383222189723357,0.0,0.0,0.0
2010-03-22 21:00:00,0.4922969371884197,0.1,230.0,2.1404214660366074,0.0,0.0,0.0
2010-03-22 22:00:00,0.4770391039582158,0.1,230.0,2.074083060687895,0.0,0.0,0.0
2010-03-22 23:00:00,0.5888917551028301,0.1,230.0,2.560398935229696,0.0,0.0,0.0
2010-03-23 00:00:00,0.8535173924426234,0.1,230.0,3.7109451845331454,0.0,0.0,0.0
2010-03-23 01:00:00,0.8855455218202772,0.1,230.0,3.850197920957727,0.0,0.0,0.0
2010-03-23 02:00:00,1.3641019373096663,0.1,230.0,5.930877988302897,0.0,0.0,0.0
2010-03-23 03:00:00,1.3819455224511645,0.1,230.0,6.008458793265933,0.0,0.0,0.0
2010-03-23 04:00:00,1.8621712089361107,0.1,230.0,8.096396560591785,0.0,0.0,0.0
2010-03-23 05:00:00,1.8777084292597657,0.1,230.0,8.163949692433764,0.0,0.0,0.0
2010-03-23 06:00:00,2.413420123161302,0.1,230.0,10.493130970266531,0.0,0.0,0.0
2010-03-23 07:00:00,2.5236864149807703,0.1,230.0,10.972549630351175,0.0,0.0,0.0
2010-03-23 08:00:00,2.5454428334654446,0.1,230.0,11.067142754197585,0.0,0.0,0.0
2010-03-23 09:00:00,2.550942226892943,0.1,230.0,11.0910531604041,0.0,0.0,0.0
2010-03-23 10:00:00,2.6905410763962827,0.1,230.0,11.698004679983837,0.0,0.0,0.0
2010-03-23 11:00:00,2.2738388725669934,0.1,230.0,9.88625596768258,0.0,0.0,0.0
2010-03-23 12:00:00,2.2400497249495857,0.1,230.0,9.73934663021559,0.0,0.0,0.0
2010-03-23 13:00:00,2.2552257760251777,0.1,230.0,9.805329460979033,0.0,0.0,0.0
2010-03-23 14:00:00,1.8866475637856421,0.1,230.0,8.202815494720184,0.0,0.0,0.0
2010-03-23 15:00:00,1.4921782317965184,0.1,230.0,6.487731442593558,0.0,0.0,0.0
2010-03-23 16:00:00,1.2406874166367021,0.1,230.0,5.394293115811749,0.0,0.0,0.0
2010-03-23 17:00:00,1.1126175920111574,0.1,230.0,4.837467791352858,0.0,0.0,0.0
2010-03-23 18:00:00,0.8111462692408534,0.1,230.0,3.5267229097428405,0.0,0.0,0.0
2010-03-23 19:00:00,0.6289906270215123,0.1,230.0,2.734741856615271,0.0,0.0,0.0
2010-03-23 20:00:00,0.48697562252905224,0.1,230.0,2.1172853153437057,0.0,0.0,0.0
2010-03-23 21:00:00,0.666667924138705,0.1,230.0,2.8985561919074128,0.0,0.0,0.0
2010-03-23 22:00:00,0.568357865048715,0.1,230.0,2.4711211523857175,0.0,0.0,0.0
2010-03-23 23:00:00,0.6977807016180985,0.1,230.0,3.033829137469993,0.0,0.0,0.0
2010-03-24 00:00:00,0.7673031486759141,0.1,230.0,3.336100646417018,0.0,0.0,0.0
2010-03-24 01:00:00,0.9747059176490239,0.1,230.0,4.237851815865321,0.0,0.0,0.0
2010-03-24 02:00:00,1.2671476222278524,0.1,230.0,5.509337487947184,0.0,0.0,0.0
2010-03-24 03:00:00,1.4809273896506123,0.1,230.0,6.438814737611358,0.0,0.0,0.0
2010-03-24 04:00:00,1.7269790458442922,0.1,230.0,7.508604547149097,0.0,0.0,0.0
2010-03-24 05:00:00,1.8859206376864484,0.1,230.0,8.199654946462818,0.0,0.0,0.0
2010-03-24 06:00:00,2.211957189574534,0.1,230.0,9.61720517206319,0.0,0.0,0.0
2010-03-24 07:00:00,2.325914897313757,0.1,230.0,10.112673466581553,0.0,0.0,0.0
2010-03-24 08:00:00,2.574330486902182,0.1,230.0,11.19274124740079,0.0,0.0,0.0
2010-03-24 09:00:00,2.4095214032001366,0.1,230.0,10.476180013913638,0.0,0.0,0.0
2010-03-24 10:00:00,2.2649355689186894,0.1,230.0,9.84754595182039,0.0,0.0,0.0
2010-03-24 11:00:00,2.2411728826595256,0.1,230.0,9.744229924606634,0.0,0.0,0.0
2010-03-24 12:00:00,2.125144011313595,0.1,230.0,9.239756570928673,0.0,0.0,0.0
2010-03-24 13:00:00,1.9614344823641823,0.1,230.0,8.527976010279053,0.0,0.0,0.0
2010-03-24 14:00:00,1.9060263939765878,0.1,230.0,8.287071278159077,0.0,0.0,0.0
2010-03-24 15:00:00,1.503279932452517,0.1,230.0,6.535999706315291,0.0,0.0,0.0
2010-03-24 16:00:00,1.196693616539151,0.1,230.0,5.203015724083265,0.0,0.0,0.0
2010-03-24 17:00:00,1.1640821974987485,0.1,230.0,5.061226945646732,0.0,0.0,0.0
2010-03-24 18:00:00,0.8516575776450394,0.1,230.0,3.7028590332393017,0.0,0.0,0.0
2010-03-24 19:00:00,0.78765230913478,0.1,230.0,3.424575257107739,0.0,0.0,0.0
2010-03-24 20:00:00,0.39803718225595663,0.1,230.0,1.7305964445911157,0.0,0.0,0.0
2010-03-24 21:00:00,0.5725565485502357,0.1,230.0,2.4893762980445033,0.0,0.0,0.0
2010-03-24 22:00:00,0.3790017255724262,0.1,230.0,1.647833589445331,0.0,0.0,0.0
2010-03-24 23:00:00,0.6970684624747951,0.1,230.0,3.0307324455425877,0.0,0.0,0.0
2010-03-25 00:00:00,0.7098292525618538,0.1,230.0,3.086214141573277,0.0,0.0,0.0
2010-03-25 01:00:00,0.9525060280828566,0.1,230.0,4.141330556881985,0.0,0.0,0.0
2010-03-25 02:00:00,1.275277986661447,0.1,230.0,5.54468689852803,0.0,0.0,0.0
2010-03-25 03:00:00,1.39375717267949,0.1,230.0,6.059813794258652,0.0,0.0,0.0
2010-03-25 04:00:00,1.8314842869545986,0.1,230.0,7.962975160672168,0.0,0.0,0.0
2010-03-25 05:00:00,2.002904756389637,0.1,230.0,8.708281549520162,0.0,0.0,0.0
2010-03-25 06:00:00,2.078359083596125,0.1,230.0,9.036343841722282,0.0,0.0,0.0
2010-03-25 07:00:00,2.422975390498657,0.1,230.0,10.534675610863726,0.0,0.0,0.0
2010-03-25 08:00:00,2.2960795907702147,0.1,230.0,9.982954742479194,0.0,0.0,0.0
2010-03-25 09:00:00,2.5724227723135114,0.1,230.0,11.184446836145701,0.0,0.0,0.0
2010-03-25 10:00:00,2.337939711297862,0.1,230.0,10.164955266512443,0.0,0.0,0.0
2010-03-25 11:00:00,2.3345275571517328,0.1,230.0,10.150119813703185,0.0,0.0,0.0
2010-03-25 12:00:00,2.2523447865665767,0.1,230.0,9.792803419854682,0.0,0.0,0.0
2010-03-25 13:00:00,2.0208807550052685,0.1,230.0,8.786438065240299,0.0,0.0,0.0
2010-03-25 14:00:00,1.601613692167796,0.1,230.0,6.963537792033896,0.0,0.0,0.0
2010-03-25 15:00:00,1.4357630025564068,0.1,230.0,6.242447837201769,0.0,0.0,0.0
2010-03-25 16:00:00,1.223176248135518,0.1,230.0,5.318157600589208,0.0,0.0,0.0
2010-03-25 17:00:00,1.22682680920987,0.1,230.0,5.334029605260304,0.0,0.0,0.0
2010-03-25 18:00:00,0.7857338268127507,0.1,230.0,3.4162340296206555,0.0,0.0,0.0
2010-03-25 19:00:00,0.7512022873619328,0.1,230.0,3.2660969015736208,0.0,0.0,0.0
2010-03-25 20:00:00,0.6120388077617004,0.1,230.0,2.6610382946160884,0.0,0.0,0.0
2010-03-25 21:00:00,0.47861746162173985,0.1,230.0,2.0809454853119123,0.0,0.0,0.0
2010-03-25 22:00:00,0.6662062534519613,0.1,230.0,2.8965489280520056,0.0,0.0,0.0
2010-03-25 23:00:00,0.715240595926417,0.1,230.0,3.109741721419204,0.0,0.0,0.0
2010-03-26 00:00:00,0.6548242092826959,0.1,230.0,2.8470617794899824,0.0,0.0,0.0
2010-03-26 01:00:00,0.9487633169992831,0.1,230.0,4.125057899996883,0.0,0.0,0.0
2010-03-26 02:00:00,1.2969644117695744,0.1,230.0,5.638975703345976,0.0,0.0,0.0
2010-03-26 03:00:00,1.6715076917535703,0.1,230.0,7.267424746754654,0.0,0.0,0.0
2010-03-26 04:00:00,1.619111113583398,0.1,230.0,7.039613537319122,0.0,0.0,0.0
2010-03-26 05:00:00,2.0273456051711856,0.1,230.0,8.814546109439936,0.0,0.0,0.0
2010-03-26 06:00:00,2.02452875438126,0.1,230.0,8.802298932092434,0.0,0.0,0.0
2010-03-26 07:00:00,2.4361317631189663,0.1,230.0,10.591877230952027,0.0,0.0,0.0
2010-03-26 08:00:00,2.3297448934842997,0.1,230.0,10.129325623844782,0.0,0.0,0.0
2010-03-26 09:00:00,2.562758402241908,0.1,230.0,11.142427835834381,0.0,0.0,0.0
2010-03-26 10:00:00,2.4285583844363168,0.1,230.0,10.558949497549204,0.0,0.0,0.0
2010-03-26 11:00:00,2.300060792070708,0.1,230.0,10.000264313350904,0.0,0.0,0.0
2010-03-26 12:00:00,2.254343196518791,0.1,230.0,9.801492158777352,0.0,0.0,0.0
2010-03-26 13:00:00,1.9310673428892284,0.1,230.0,8.395944969083603,0.0,0.0,0.0
2010-03-26 14:00:00,1.681431612839476,0.1,230.0,7.310572229736852,0.0,0.0,0.0
2010-03-26 15:00:00,1.3550638411794693,0.1,230.0,5.891581918171606,0.0,0.0,0.0
2010-03-26 16:00:00,1.3793730770768196,0.1,230.0,5.9972742481600845,0.0,0.0,0.0
2010-03-26 17:00:00,0.8076870307932891,0.1,230.0,3.511682742579518,0.0,0.0,0.0
2010-03-26 18:00:00,1.012616801167146,0.1,230.0,4.402681744204982,0.0,0.0,0.0
2010-03-26 19:00:00,0.667099238253314,0.1,230.0,2.9004314706665824,0.0,0.0,0.0
2010-03-26 20:00:00,0.6340286416754147,0.1,230.0,2.756646268153977,0.0,0.0,0.0
2010-03-26 21:00:00,0.6553137403586822,0.1,230.0,2.849190175472531,0.0,0.0,0.0
2010-03-26 22:00:00,0.6125148658659869,0.1,230.0,2.663108112460813,0.0,0.0,0.0
2010-03-26 23:00:00,0.6928865711944344,0.1,230.0,3.012550309541019,0.0,0.0,0.0
2010-03-27 00:00:00,0.9979587586193763,0.1,230.0,4.338951124432071,0.0,0.0,0.0
2010-03-27 01:00:00,1.2512233930052867,0.1,230.0,5.440101708718638,0.0,0.0,0.0
2010-03-27 02:00:00,1.6361015901234544,0.1,230.0,7.113485174449801,0.0,0.0,0.0
2010-03-27 03:00:00,1.821046143823558,0.1,230.0,7.917591929667643,0.0,0.0,0.0
2010-03-27 04:00:00,2.3497904195848123,0.1,230.0,10.216480085151359,0.0,0.0,0.0
2010-03-27 05:00:00,2.5993830369085633,0.1,230.0,11.301665377863317,0.0,0.0,0.0
2010-03-27 06:00:00,2.7735052486244447,0.1,230.0,12.058718472280196,0.0,0.0,0.0
2010-03-27 07:00:00,3.2122064055131165,0.1,230.0,13.966114806578767,0.0,0.0,0.0
2010-03-27 08:00:00,3.121386152187358,0.1,230.0,13.571244139945035,0.0,0.0,0.0
2010-03-27 09:00:00,3.354629688960945,0.1,230.0,14.585346473743238,0.0,0.0,0.0
2010-03-27 10:00:00,3.3144688581119772,0.1,230.0,14.410734165704248,0.0,0.0,0.0
2010-03-27 11:00:00,2.929052068085539,0.1,230.0,12.735008991676256,0.0,0.0,0.0
2010-03-27 12:00:00,2.8416924864962234,0.1,230.0,12.355184723896624,0.0,0.0,0.0
2010-03-27 13:00:00,2.5284807601593844,0.1,230.0,10.993394609388627,0.0,0.0,0.0
2010-03-27 14:00:00,2.1799335609270063,0.1,230.0,9.477972004030462,0.0,0.0,0.0
2010-03-27 15:00:00,1.928159540930137,0.1,230.0,8.383302351870162,0.0,0.0,0.0
2010-03-27 16:00:00,1.6133649527820766,0.1,230.0,7.01463022948729,0.0,0.0,0.0
2010-03-27 17:00:00,1.343379760396549,0.1,230.0,5.8407815669415175,0.0,0.0,0.0
2010-03-27 18:00:00,0.9006987431751223,0.1,230.0,3.916081492065749,0.0,0.0,0.0
2010-03-27 19:00:00,0.9910858088716596,0.1,230.0,4.309068734224607,0.0,0.0,0.0
2010-03-27 20:00:00,0.7279319864370827,0.1,230.0,3.1649216801612288,0.0,0.0,0.0
2010-03-27 21:00:00,0.6844484524240196,0.1,230.0,2.975862836626172,0.0,0.0,0.0
2010-03-27 22:00:00,0.7539421287662016,0.1,230.0,3.278009255505224,0.0,0.0,0.0
2010-03-27 23:00:00,0.7350721743072763,0.1,230.0,3.1959659752490275,0.0,0.0,0.0
2010-03-28 00:00:00,0.910552247923141,0.1,230.0,3.958922817057135,0.0,0.0,0.0
2010-03-28 01:00:00,1.0853165996750773,0.1,230.0,4.718767824674249,0.0,0.0,0.0
2010-03-28 02:00:00,1.542159197330718,0.1,230.0,6.705039988394427,0.0,0.0,0.0
2010-03-28 03:00:00,1.8471960380824215,0.1,230.0,8.031287122097485,0.0,0.0,0.0
2010-03-28 04:00:00,2.406205092767464,0.1,230.0,10.461761272902018,0.0,0.0,0.0
2010-03-28 05:00:00,2.5409223979289903,0.1,230.0,11.047488686647785,0.0,0.0,0.0
2010-03-28 06:00:00,2.7879452806753404,0.1,230.0,12.121501220327566,0.0,0.0,0.0
2010-03-28 07:00:00,2.939468615767213,0.1,230.0,12.780298329422665,0.0,0.0,0.0
2010-03-28 08:00:00,3.458606601214172,0.1,230.0,15.037420005279008,0.0,0.0,0.0
2010-03-28 09:00:00,3.347643080962232,0.1,230.0,14.554969917227096,0.0,0.0,0.0
2010-03-28 10:00:00,3.239019123684564,0.1,230.0,14.082691842106799,0.0,0.0,0.0
2010-03-28 11:00:00,3.042821057564345,0.1,230.0,13.22965677201889,0.0,0.0,0.0
2010-03-28 12:00:00,3.061079204171447,0.1,230.0,13.309040018136727,0.0,0.0,0.0
2010-03-28 13:00:00,2.7264081057174816,0.1,230.0,11.853948285728181,0.0,0.0,0.0
2010-03-28 14:00:00,2.2750209959701726,0.1,230.0,9.891395634652923,0.0,0.0,0.0
2010-03-28 15:00:00,1.8212339822017871,0.1,230.0,7.918408618268639,0.0,0.0,0.0
2010-03-28 16:00:00,1.497561418186711,0.1,230.0,6.511136600811787,0.0,0.0,0.0
2010-03-28 17:00:00,1.3945405369404167,0.1,230.0,6.063219725827898,0.0,0.0,0.0
2010-03-28 18:00:00,1.0020232030961826,0.1,230.0,4.356622622157316,0.0,0.0,0.0
2010-03-28 19:00:00,0.8859555421355455,0.1,230.0,3.851980617980633,0.0,0.0,0.0
2010-03-28 20:00:00,0.6138736956838776,0.1,230.0,2.669016068190772,0.0,0.0,0.0
2010-03-28 21:00:00,0.6897190374078543,0.1,230.0,2.99877842351241,0.0,0.0,0.0
2010-03-28 22:00:00,0.7559587837156301,0.1,230.0,3.2867773205027393,0.0,0.0,0.0
2010-03-28 23:00:00,0.8563680299399435,0.1,230.0,3.72333926060845,0.0,0.0,0.0
2010-03-29 00:00:00,0.8104905979229855,0.1,230.0,3.5238721648825453,0.0,0.0,0.0
2010-03-29 01:00:00,1.1165564017129037,0.1,230.0,4.854593050925668,0.0,0.0,0.0
2010-03-29 02:00:00,1.154074120475806,0.1,230.0,5.017713567286113,0.0,0.0,0.0
2010-03-29 03:00:00,1.4612384223088213,0.1,230.0,6.353210531777484,0.0,0.0,0.0
2010-03-29 04:00:00,1.8351409400500245,0.1,230.0,7.978873652391411,0.0,0.0,0.0
2010-03-29 05:00:00,2.0418674401911994,0.1,230.0,8.877684522570432,0.0,0.0,0.0
2010-03-29 06:00:00,2.120002087890152,0.1,230.0,9.217400382131094,0.0,0.0,0.0
2010-03-29 07:00:00,2.2478223405629985,0.1,230.0,9.773140611143472,0.0,0.0,0.0
2010-03-29 08:00:00,2.576738308573139,0.1,230.0,11.203210037274518,0.0,0.0,0.0
2010-03-29 09:00:00,2.5759874669654925,0.1,230.0,11.19994550854562,0.0,0.0,0.0
2010-03-29 10:00:00,2.394188527627239,0.1,230.0,10.409515337509736,0.0,0.0,0.0
2010-03-29 11:00:00,2.675001193136076,0.1,230.0,11.630439970156852,0.0,0.0,0.0
2010-03-29 12:00:00,2.206944118151514,0.1,230.0,9.59540920935441,0.0,0.0,0.0
2010-03-29 13:00:00,2.1616096966623553,0.1,230.0,9.398303028966764,0.0,0.0,0.0
2010-03-29 14:00:00,1.6509262363529136,0.1,230.0,7.1779401580561455,0.0,0.0,0.0
2010-03-29 15:00:00,1.484069451794346,0.1,230.0,6.452475877366721,0.0,0.0,0.0
2010-03-29 16:00:00,1.412507942227527,0.1,230.0,6.141338879250118,0.0,0.0,0.0
2010-03-29 17:00:00,0.9946733059323103,0.1,230.0,4.324666547531784,0.0,0.0,0.0
2010-03-29 18:00:00,0.8641045310847028,0.1,230.0,3.7569762221074035,0.0,0.0,0.0
2010-03-29 19:00:00,0.6148108335421687,0.1,230.0,2.6730905806181244,0.0,0.0,0.0
2010-03-29 20:00:00,0.36880935789079583,0.1,230.0,1.603518947351286,0.0,0.0,0.0
2010-03-29 21:00:00,0.6396956351677509,0.1,230.0,2.7812853702945692,0.0,0.0,0.0
2010-03-29 22:00:00,0.793536468778264,0.1,230.0,3.4501585599054954,0.0,0.0,0.0
2010-03-29 23:00:00,0.46095937801786424,0.1,230.0,2.004171208773323,0.0,0.0,0.0
2010-03-30 00:00:00,1.0337672429767237,0.1,230.0,4.494640186855321,0.0,0.0,0.0
2010-03-30 01:00:00,1.1145799111725552,0.1,230.0,4.845999613793718,0.0,0.0,0.0
2010-03-30 02:00:00,1.309640069414623,0.1,230.0,5.694087258324448,0.0,0.0,0.0
2010-03-30 03:00:00,1.4644762371830953,0.1,230.0,6.367287987752588,0.0,0.0,0.0
2010-03-30 04:00:00,1.7073478645369677,0.1,230.0,7.423251584943338,0.0,0.0,0.0
2010-03-30 05:00:00,2.0507891155527522,0.1,230.0,8.916474415446748,0.0,0.0,0.0
2010-03-30 06:00:00,2.221441568769118,0.1,230.0,9.658441603343991,0.0,0.0,0.0
2010-03-30 07:00:00,2.4197376798663974,0.1,230.0,10.52059860811477,0.0,0.0,0.0
2010-03-30 08:00:00,2.463616803033178,0.1,230.0,10.71137740449208,0.0,0.0,0.0
2010-03-30 09:00:00,2.490480365555937,0.1,230.0,10.828175502417116,0.0,0.0,0.0
2010-03-30 10:00:00,2.5413135255998274,0.1,230.0,11.049189241738379,0.0,0.0,0.0
2010-03-30 11:00:00,2.60358576070295,0.1,230.0,11.319938090012824,0.0,0.0,0.0
2010-03-30 12:00:00,2.1891207127369685,0.1,230.0,9.517916142334645,0.0,0.0,0.0
2010-03-30 13:00:00,1.9476908356286289,0.1,230.0,8.4682210244723,0.0,0.0,0.0
2010-03-30 14:00:00,1.7590725351486816,0.1,230.0,7.6481414571681805,0.0,0.0,0.0
2010-03-30 15:00:00,1.568225826837313,0.1,230.0,6.81837316016223,0.0,0.0,0.0
2010-03-30 16:00:00,1.3852606300724981,0.1,230.0,6.022872304663035,0.0,0.0,0.0
2010-03-30 17:00:00,1.076765211344389,0.1,230.0,4.681587875410388,0.0,0.0,0.0
2010-03-30 18:00:00,0.803340550017208,0.1,230.0,3.492785000074818,0.0,0.0,0.0
2010-03-30 19:00:00,0.5722764094904658,0.1,230.0,2.48815830213246,0.0,0.0,0.0
2010-03-30 20:00:00,0.5621496940439228,0.1,230.0,2.4441291045387947,0.0,0.0,0.0
2010-03-30 21:00:00,0.6324296823080328,0.1,230.0,2.7496942709044903,0.0,0.0,0.0
2010-03-30 22:00:00,0.533967940011154,0.1,230.0,2.3215997391789305,0.0,0.0,0.0
2010-03-30 23:00:00,0.4347297832893318,0.1,230.0,1.8901294925623122,0.0,0.0,0.0
2010-03-31 00:00:00,0.8175752695489594,0.1,230.0,3.554675084995476,0.0,0.0,0.0
2010-03-31 01:00:00,0.8361627645928269,0.1,230.0,3.6354902808383778,0.0,0.0,0.0
2010-03-31 02:00:00,1.3026922548867956,0.1,230.0,5.663879369073024,0.0,0.0,0.0
2010-03-31 03:00:00,1.41421270620597,0.1,230.0,6.148750896547695,0.0,0.0,0.0
2010-03-31 04:00:00,1.6942266075278982,0.1,230.0,7.3662026414256445,0.0,0.0,0.0
2010-03-31 05:00:00,1.9530212680338044,0.1,230.0,8.491396817538279,0.0,0.0,0.0
2010-03-31 06:00:00,2.077450518357964,0.1,230.0,9.032393558078104,0.0,0.0,0.0
2010-03-31 07:00:00,2.366528682779511,0.1,230.0,10.289255142519613,0.0,0.0,0.0
2010-03-31 08:00:00,2.442459139049724,0.1,230.0,10.619387561085757,0.0,0.0,0.0
2010-03-31 09:00:00,2.3073646137608463,0.1,230.0,10.032020059829765,0.0,0.0,0.0
2010-03-31 10:00:00,2.660978331533359,0.1,230.0,11.569471006666777,0.0,0.0,0.0
2010-03-31 11:00:00,2.4769397921675633,0.1,230.0,10.769303444206797,0.0,0.0,0.0
2010-03-31 12:00:00,2.1678010713973395,0.1,230.0,9.42522204955365,0.0,0.0,0.0
2010-03-31 13:00:00,2.089058711603105,0.1,230.0,9.08286396349176,0.0,0.0,0.0
2010-03-31 14:00:00,1.6046442895590989,0.1,230.0,6.9767143024308655,0.0,0.0,0.0
2010-03-31 15:00:00,1.4944823815144308,0.1,230.0,6.497749484845351,0.0,0.0,0.0
2010-03-31 16:00:00,1.1616458892061587,0.1,230.0,5.050634300896342,0.0,0.0,0.0
2010-03-31 17:00:00,0.929011937359187,0.1,230.0,4.039182336344291,0.0,0.0,0.0
2010-03-31 18:00:00,0.8174702260959207,0.1,230.0,3.5542183743300897,0.0,0.0,0.0
2010-03-31 19:00:00,0.5472873909186533,0.1,230.0,2.3795103952984924,0.0,0.0,0.0
2010-03-31 20:00:00,0.31826280511335214,0.1,230.0,1.383751326579792,0.0,0.0,0.0
2010-03-31 21:00:00,0.42240109362116474,0.1,230.0,1.8365264940050643,0.0,0.0,0.0
2010-03-31 22:00:00,0.5237583171518913,0.1,230.0,2.27721007457344,0.0,0.0,0.0
2010-03-31 23:00:00,0.6289472334934346,0.1,230.0,2.7345531891018897,0.0,0.0,0.0
2010-04-01 00:00:00,0.8797660233003749,0.1,230.0,3.825069666523369,0.0,0.0,0.0
2010-04-01 01:00:00,1.3263817640083295,0.1,230.0,5.766877234818824,0.0,0.0,0.0
2010-04-01 02:00:00,1.458397668736913,0.1,230.0,6.3408594292909255,0.0,0.0,0.0
2010-04-01 03:00:00,2.000556539642667,0.1,230.0,8.698071911489857,0.0,0.0,0.0
2010-04-01 04:00:00,2.286063387061029,0.1,230.0,9.939406030700127,0.0,0.0,0.0
2010-04-01 05:00:00,2.3958713882446134,0.1,230.0,10.416832122802669,0.0,0.0,0.0
2010-04-01 06:00:00,2.811917521246757,0.1,230.0,12.22572835324677,0.0,0.0,0.0
2010-04-01 07:00:00,2.769452514311892,0.1,230.0,12.041097888312574,0.0,0.0,0.0
2010-04-01 08:00:00,3.0022001242003964,0.1,230.0,13.053044018262591,0.0,0.0,0.0
2010-04-01 09:00:00,3.0039564886534853,0.1,230.0,13.060680385449936,0.0,0.0,0.0
2010-04-01 10:00:00,2.7930786595178967,0.1,230.0,12.143820258773463,0.0,0.0,0.0
2010-04-01 11:00:00,2.7712959984302428,0.1,230.0,12.04911303665323,0.0,0.0,0.0
2010-04-01 12:00:00,2.5966884377168657,0.1,230.0,11.289949729203764,0.0,0.0,0.0
2010-04-01 13:00:00,2.505979519008219,0.1,230.0,10.895563126122692,0.0,0.0,0.0
2010-04-01 14:00:00,2.0899991979076553,0.1,230.0,9.08695303438111,0.0,0.0,0.0
2010-04-01 15:00:00,1.6669791541886048,0.1,230.0,7.2477354529939335,0.0,0.0,0.0
2010-04-01 16:00:00,1.5312494246796273,0.1,230.0,6.657606194259249,0.0,0.0,0.0
2010-04-01 17:00:00,1.2498163153857038,0.1,230.0,5.433983979937842,0.0,0.0,0.0
2010-04-01 18:00:00,0.8829569260365642,0.1,230.0,3.8389431566807137,0.0,0.0,0.0
2010-04-01 19:00:00,0.5697700176673758,0.1,230.0,2.4772609463798947,0.0,0.0,0.0
2010-04-01 20:00:00,0.6289815840921184,0.1,230.0,2.7347025395309497,0.0,0.0,0.0
2010-04-01 21:00:00,0.6539671374155742,0.1,230.0,2.8433353800677144,0.0,0.0,0.0
2010-04-01 22:00:00,0.7027179264769802,0.1,230.0,3.0552953325086096,0.0,0.0,0.0
2010-04-01 23:00:00,0.870531198706605,0.1,230.0,3.7849182552461085,0.0,0.0,0.0
2010-04-02 00:00:00,0.9734557245056507,0.1,230.0,4.232416193502829,0.0,0.0,0.0
2010-04-02 01:00:00,1.139098638352914,0.1,230.0,4.952602775447453,0.0,0.0,0.0
2010-04-02 02:00:00,1.6176085030919483,0.1,230.0,7.033080448225862,0.0,0.0,0.0
2010-04-02 03:00:00,1.7632658982715408,0.1,230.0,7.66637347074583,0.0,0.0,0.0
2010-04-02 04:00:00,1.960963149130021,0.1,230.0,8.525926735347918,0.0,0.0,0.0
2010-04-02 05:00:00,2.503933528806328,0.1,230.0,10.886667516549252,0.0,0.0,0.0
2010-04-02 06:00:00,2.710997523652066,0.1,230.0,11.786945755008983,0.0,0.0,0.0
2010-04-02 07:00:00,2.98698286380076,0.1,230.0,12.986882016525044,0.0,0.0,0.0
2010-04-02 08:00:00,2.884595430553833,0.1,230.0,12.541719263277535,0.0,0.0,0.0
2010-04-02 09:00:00,2.9196702375481727,0.1,230.0,12.69421842412249,0.0,0.0,0.0
2010-04-02 10:00:00,2.9323051806642297,0.1,230.0,12.749152959409695,0.0,0.0,0.0
2010-04-02 11:00:00,2.849528262909639,0.1,230.0,12.38925331699843,0.0,0.0,0.0
2010-04-02 12:00:00,2.4965372784142557,0.1,230.0,10.854509906148937,0.0,0.0,0.0
2010-04-02 13:00:00,2.58605206292329,0.1,230.0,11.243704621405609,0.0,0.0,0.0
2010-04-02 14:00:00,1.98887686692027,0.1,230.0,8.647290725740305,0.0,0.0,0.0
2010-04-02 15:00:00,1.8759207665549045,0.1,230.0,8.15617724589089,0.0,0.0,0.0
2010-04-02 16:00:00,1.5501153285809712,0.1,230.0,6.739631863395527,0.0,0.0,0.0
2010-04-02 17:00:00,1.2108403256779694,0.1,230.0,5.264523155121606,0.0,0.0,0.0
2010-04-02 18:00:00,1.0768370218736056,0.1,230.0,4.681900095102633,0.0,0.0,0.0
2010-04-02 19:00:00,0.906642965029213,0.1,230.0,3.941925934909622,0.0,0.0,0.0
2010-04-02 20:00:00,0.7145789366384011,0.1,230.0,3.106864941906092,0.0,0.0,0.0
2010-04-02 21:00:00,0.6489768320214004,0.1,230.0,2.8216384000930455,0.0,0.0,0.0
2010-04-02 22:00:00,0.5935224567853833,0.1,230.0,2.5805324208060143,0.0,0.0,0.0
2010-04-02 23:00:00,0.9150233572157377,0.1,230.0,3.97836242267712,0.0,0.0,0.0
2010-04-03 00:00:00,1.1878593660497128,0.1,230.0,5.164605939346576,0.0,0.0,0.0
2010-04-03 01:00:00,1.678773543333836,0.1,230.0,7.299015405799286,0.0,0.0,0.0
2010-04-03 02:00:00,1.9329256055358033,0.1,230.0,8.404024371894797,0.0,0.0,0.0
2010-04-03 03:00:00,2.478507752994946,0.1,230.0,10.776120665195416,0.0,0.0,0.0
2010-04-03 04:00:00,2.9061434520698004,0.1,230.0,12.635406313346959,0.0,0.0,0.0
2010-04-03 05:00:00,3.0210193501589147,0.1,230.0,13.134866739821367,0.0,0.0,0.0
2010-04-03 06:00:00,3.3579668114048298,0.1,230.0,14.59985570176013,0.0,0.0,0.0
2010-04-03 07:00:00,3.720278054361883,0.1,230.0,16.175121975486448,0.0,0.0,0.0
2010-04-03 08:00:00,3.884118281283857,0.1,230.0,16.887470788190683,0.0,0.0,0.0
2010-04-03 09:00:00,3.7603627364659475,0.1,230.0,16.349403202025858,0.0,0.0,0.0
2010-04-03 10:00:00,3.773379746536108,0.1,230.0,16.40599889798308,0.0,0.0,0.0
2010-04-03 11:00:00,3.6538857289150637,0.1,230.0,15.88645969093506,0.0,0.0,0.0
2010-04-03 12:00:00,3.4410940930258485,0.1,230.0,14.961278665329775,0.0,0.0,0.0
2010-04-03 13:00:00,3.2450849878205705,0.1,230.0,14.109065164437263,0.0,0.0,0.0
2010-04-03 14:00:00,2.774123637315575,0.1,230.0,12.061407118763368,0.0,0.0,0.0
2010-04-03 15:00:00,2.4800468965028357,0.1,230.0,10.78281259349059,0.0,0.0,0.0
2010-04-03 16:00:00,2.1307477737467346,0.1,230.0,9.264120755420587,0.0,0.0,0.0
2010-04-03 17:00:00,1.4435983421112364,0.1,230.0,6.276514530918419,0.0,0.0,0.0
2010-04-03 18:00:00,1.2818561445255252,0.1,230.0,5.573287584893588,0.0,0.0,0.0
2010-04-03 19:00:00,1.1189778399688406,0.1,230.0,4.865121043342785,0.0,0.0,0.0
2010-04-03 20:00:00,0.8981837629900912,0.1,230.0,3.905146795609092,0.0,0.0,0.0
2010-04-03 21:00:00,0.7620862877988213,0.1,230.0,3.3134186426035703,0.0,0.0,0.0
2010-04-03 22:00:00,0.7985657931801033,0.1,230.0,3.47202518773958,0.0,0.0,0.0
2010-04-03 23:00:00,1.143820201112181,0.1,230.0,4.973131309183396,0.0,0.0,0.0
2010-04-04 00:00:00,1.327145899225672,0.1,230.0,5.770199561850747,0.0,0.0,0.0
2010-04-04 01:00:00,1.590937485026543,0.1,230.0,6.917119500115405,0.0,0.0,0.0
2010-04-04 02:00:00,1.9862022903520966,0.1,230.0,8.635662131965637,0.0,0.0,0.0
2010-04-04 03:00:00,2.4042350953554847,0.1,230.0,10.453196066762978,0.0,0.0,0.0
2010-04-04 04:00:00,2.6509130161790453,0.1,230.0,11.52570876599585,0.0,0.0,0.0
2010-04-04 05:00:00,3.019699069483495,0.1,230.0,13.129126389058673,0.0,0.0,0.0
2010-04-04 06:00:00,3.684426859537355,0.1,230.0,16.019247215379803,0.0,0.0,0.0
2010-04-04 07:00:00,3.6911897052333673,0.1,230.0,16.04865089231899,0.0,0.0,0.0
2010-04-04 08:00:00,3.9034976096074963,0.1,230.0,16.971728737423895,0.0,0.0,0.0
2010-04-04 09:00:00,3.8584472975995654,0.1,230.0,16.775857815650284,0.0,0.0,0.0
2010-04-04 10:00:00,3.743075886318307,0.1,230.0,16.27424298399264,0.0,0.0,0.0
2010-04-04 11:00:00,3.723344221356524,0.1,230.0,16.188453136332715,0.0,0.0,0.0
2010-04-04 12:00:00,3.603437424899062,0.1,230.0,15.667119238691575,0.0,0.0,0.0
2010-04-04 13:00:00,3.1918717690312297,0.1,230.0,13.877703343614042,0.0,0.0,0.0
2010-04-04 14:00:00,2.9250475671563945,0.1,230.0,12.71759811807128,0.0,0.0,0.0
2010-04-04 15:00:00,2.198095558048798,0.1,230.0,9.556937208907817,0.0,0.0,0.0
2010-04-04 16:00:00,1.9908386047929354,0.1,230.0,8.65582002083885,0.0,0.0,0.0
2010-04-04 17:00:00,1.5303406947596672,0.1,230.0,6.653655194607249,0.0,0.0,0.0
2010-04-04 18:00:00,1.2943142503303768,0.1,230.0,5.627453262305986,0.0,0.0,0.0
2010-04-04 19:00:00,0.8442920530605353,0.1,230.0,3.670835013306675,0.0,0.0,0.0
2010-04-04 20:00:00,0.7632162068056269,0.1,230.0,3.318331333937508,0.0,0.0,0.0
2010-04-04 21:00:00,1.031501692967789,0.1,230.0,4.48478996942517,0.0,0.0,0.0
2010-04-04 22:00:00,0.7897233899733253,0.1,230.0,3.4335799564057616,0.0,0.0,0.0
2010-04-04 23:00:00,0.8304376037545935,0.1,230.0,3.6105982771938847,0.0,0.0,0.0
2010-04-05 00:00:00,1.0642856700822383,0.1,230.0,4.627329000357558,0.0,0.0,0.0
2010-04-05 01:00:00,1.297233608166016,0.1,230.0,5.640146122460939,0.0,0.0,0.0
2010-04-05 02:00:00,1.3954523926893545,0.1,230.0,6.067184316040672,0.0,0.0,0.0
2010-04-05 03:00:00,1.7549577830028522,0.1,230.0,7.6302512304471835,0.0,0.0,0.0
2010-04-05 04:00:00,2.070353542109603,0.1,230.0,9.00153713960697,0.0,0.0,0.0
2010-04-05 05:00:00,2.444246979237236,0.1,230.0,10.62716077929233,0.0,0.0,0.0
2010-04-05 06:00:00,2.573565211910984,0.1,230.0,11.189413964830365,0.0,0.0,0.0
2010-04-05 07:00:00,2.805046790977412,0.1,230.0,12.19585561294527,0.0,0.0,0.0
2010-04-05 08:00:00,2.8303971533677843,0.1,230.0,12.306074579859931,0.0,0.0,0.0
2010-04-05 09:00:00,2.900474302783551,0.1,230.0,12.610757838189352,0.0,0.0,0.0
2010-04-05 10:00:00,2.923613338472592,0.1,230.0,12.711362341185184,0.0,0.0,0.0
2010-04-05 11:00:00,2.9406002744865454,0.1,230.0,12.785218584724111,0.0,0.0,0.0
2010-04-05 12:00:00,2.7037079246339117,0.1,230.0,11.7552518462344,0.0,0.0,0.0
2010-04-05 13:00:00,2.390545287579142,0.1,230.0,10.393675163387574,0.0,0.0,0.0
2010-04-05 14:00:00,2.1966018278116666,0.1,230.0,9.550442729615941,0.0,0.0,0.0
2010-04-05 15:00:00,1.7541786689524799,0.1,230.0,7.62686377805426,0.0,0.0,0.0
2010-04-05 16:00:00,1.6239324674283835,0.1,230.0,7.060575945340798,0.0,0.0,0.0
2010-04-05 17:00:00,1.1911993093360471,0.1,230.0,5.179127431895856,0.0,0.0,0.0
2010-04-05 18:00:00,0.9127043844906135,0.1,230.0,3.968279932567885,0.0,0.0,0.0
2010-04-05 19:00:00,0.7830796507461755,0.1,230.0,3.404694133679024,0.0,0.0,0.0
2010-04-05 20:00:00,0.6139240154999616,0.1,230.0,2.669234849999833,0.0,0.0,0.0
2010-04-05 21:00:00,0.6076616699314563,0.1,230.0,2.642007260571549,0.0,0.0,0.0
2010-04-05 22:00:00,0.6389534370190609,0.1,230.0,2.778058421822004,0.0,0.0,0.0
2010-04-05 23:00:00,0.8155911733819565,0.1,230.0,3.54604857992155,0.0,0.0,0.0
2010-04-06 00:00:00,0.9036874397098871,0.1,230.0,3.929075824825596,0.0,0.0,0.0
2010-04-06 01:00:00,1.0668591119176627,0.1,230.0,4.638517877902881,0.0,0.0,0.0
2010-04-06 02:00:00,1.4028356540776277,0.1,230.0,6.099285452511425,0.0,0.0,0.0
2010-04-06 03:00:00,1.7286827195981127,0.1,230.0,7.51601182433962,0.0,0.0,0.0
2010-04-06 04:00:00,2.1140507402232633,0.1,230.0,9.19152495749245,0.0,0.0,0.0
2010-04-06 05:00:00,2.4771034692122886,0.1,230.0,10.770015083531689,0.0,0.0,0.0
2010-04-06 06:00:00,2.7005473788228,0.1,230.0,11.741510342707826,0.0,0.0,0.0
2010-04-06 07:00:00,2.873391132981565,0.1,230.0,12.493004926006805,0.0,0.0,0.0
2010-04-06 08:00:00,2.9890627712719997,0.1,230.0,12.995925092486955,0.0,0.0,0.0
2010-04-06 09:00:00,2.9868279175466217,0.1,230.0,12.986208337159226,0.0,0.0,0.0
2010-04-06 10:00:00,3.0749954756461286,0.1,230.0,13.369545546287517,0.0,0.0,0.0
2010-04-06 11:00:00,2.8278466839710914,0.1,230.0,12.294985582483006,0.0,0.0,0.0
2010-04-06 12:00:00,2.5682842130283823,0.1,230.0,11.1664531001234,0.0,0.0,0.0
2010-04-06 13:00:00,2.3118111217367696,0.1,230.0,10.051352703203346,0.0,0.0,0.0
2010-04-06 14:00:00,2.1275165872770345,0.1,230.0,9.250072118595801,0.0,0.0,0.0
2010-04-06 15:00:00,1.6849513747361673,0.1,230.0,7.325875542331162,0.0,0.0,0.0
2010-04-06 16:00:00,1.4009244037167796,0.1,230.0,6.090975668333824,0.0,0.0,0.0
2010-04-06 17:00:00,1.249905947266889,0.1,230.0,5.434373683769082,0.0,0.0,0.0
2010-04-06 18:00:00,0.8893198020842937,0.1,230.0,3.8666078351491033,0.0,0.0,0.0
2010-04-06 19:00:00,0.7013460991481318,0.1,230.0,3.049330865861443,0.0,0.0,0.0
2010-04-06 20:00:00,0.6138251156872585,0.1,230.0,2.6688048508141673,0.0,0.0,0.0
2010-04-06 21:00:00,0.45394988206095865,0.1,230.0,1.9736951393954725,0.0,0.0,0.0
2010-04-06 22:00:00,0.7261860230032956,0.1,230.0,3.1573305347969374,0.0,0.0,0.0
2010-04-06 23:00:00,0.7065051692976577,0.1,230.0,3.0717616056419903,0.0,0.0,0.0
2010-04-07 00:00:00,0.9680144248083242,0.1,230.0,4.208758368731845,0.0,0.0,0.0
2010-04-07 01:00:00,1.1211120917540598,0.1,230.0,4.874400398930694,0.0,0.0,0.0
2010-04-07 02:00:00,1.5227714704912798,0.1,230.0,6.620745523875129,0.0,0.0,0.0
2010-04-07 03:00:00,1.8196119138113607,0.1,230.0,7.9113561470059155,0.0,0.0,0.0
2010-04-07 04:00:00,2.069988148460695,0.1,230.0,8.999948471568239,0.0,0.0,0.0
2010-04-07 05:00:00,2.347786391819023,0.1,230.0,10.207766920952276,0.0,0.0,0.0
2010-04-07 06:00:00,2.5653253983182056,0.1,230.0,11.153588688340026,0.0,0.0,0.0
2010-04-07 07:00:00,2.932234519054178,0.1,230.0,12.748845735018167,0.0,0.0,0.0
2010-04-07 08:00:00,2.9992797542368446,0.1,230.0,13.040346757551497,0.0,0.0,0.0
2010-04-07 09:00:00,2.8323441621506973,0.1,230.0,12.314539835437815,0.0,0.0,0.0
2010-04-07 10:00:00,3.0977948702776654,0.1,230.0,13.468673349033327,0.0,0.0,0.0
2010-04-07 11:00:00,2.776156590629891,0.1,230.0,12.070246046216917,0.0,0.0,0.0
2010-04-07 12:00:00,2.7333506943463464,0.1,230.0,11.884133453679766,0.0,0.0,0.0
2010-04-07 13:00:00,2.4639502545547742,0.1,230.0,10.71282719371641,0.0,0.0,0.0
2010-04-07 14:00:00,2.074950018229681,0.1,230.0,9.021521818389918,0.0,0.0,0.0
2010-04-07 15:00:00,1.7097892521511424,0.1,230.0,7.433866313700619,0.0,0.0,0.0
2010-04-07 16:00:00,1.6341178355945016,0.1,230.0,7.104860154758703,0.0,0.0,0.0
2010-04-07 17:00:00,1.2415150400286645,0.1,230.0,5.397891478385498,0.0,0.0,0.0
2010-04-07 18:00:00,1.008203241683476,0.1,230.0,4.383492355145548,0.0,0.0,0.0
2010-04-07 19:00:00,0.6955458869709018,0.1,230.0,3.0241125520473995,0.0,0.0,0.0
2010-04-07 20:00:00,0.5547483201752998,0.1,230.0,2.4119492181534774,0.0,0.0,0.0
2010-04-07 21:00:00,0.547966105144782,0.1,230.0,2.3824613267164434,0.0,0.0,0.0
2010-04-07 22:00:00,0.8140023040448798,0.1,230.0,3.5391404523690424,0.0,0.0,0.0
2010-04-07 23:00:00,0.8470712965606769,0.1,230.0,3.6829186806985956,0.0,0.0,0.0
2010-04-08 00:00:00,0.9893622324332295,0.1,230.0,4.301574923622737,0.0,0.0,0.0
2010-04-08 01:00:00,1.212894167428495,0.1,230.0,5.273452901863021,0.0,0.0,0.0
2010-04-08 02:00:00,1.3150803497887384,0.1,230.0,5.717740651255385,0.0,0.0,0.0
2010-04-08 03:00:00,1.7327891485300344,0.1,230.0,7.533865863174063,0.0,0.0,0.0
2010-04-08 04:00:00,2.307575962867639,0.1,230.0,10.032938968989734,0.0,0.0,0.0
2010-04-08 05:00:00,2.4354150794164804,0.1,230.0,10.588761214854262,0.0,0.0,0.0
2010-04-08 06:00:00,2.7501226520638635,0.1,230.0,11.957055008973319,0.0,0.0,0.0
2010-04-08 07:00:00,2.8859873705830443,0.1,230.0,12.547771176448018,0.0,0.0,0.0
2010-04-08 08:00:00,2.9327209097327267,0.1,230.0,12.750960477098813,0.0,0.0,0.0
2010-04-08 09:00:00,2.8947794334659482,0.1,230.0,12.58599753680847,0.0,0.0,0.0
2010-04-08 10:00:00,2.920982554624628,0.1,230.0,12.699924150541861,0.0,0.0,0.0
2010-04-08 11:00:00,2.9552742840981194,0.1,230.0,12.849018626513564,0.0,0.0,0.0
2010-04-08 12:00:00,2.749665507774694,0.1,230.0,11.955067425107366,0.0,0.0,0.0
2010-04-08 13:00:00,2.410898502834707,0.1,230.0,10.482167403629163,0.0,0.0,0.0
2010-04-08 14:00:00,2.0432247901067613,0.1,230.0,8.88358604394244,0.0,0.0,0.0
2010-04-08 15:00:00,1.836191638309812,0.1,230.0,7.983441905694836,0.0,0.0,0.0
2010-04-08 16:00:00,1.5781919976053393,0.1,230.0,6.861704337414519,0.0,0.0,0.0
2010-04-08 17:00:00,1.3432603288235432,0.1,230.0,5.840262299232797,0.0,0.0,0.0
2010-04-08 18:00:00,0.8738770083698375,0.1,230.0,3.7994652537819023,0.0,0.0,0.0
2010-04-08 19:00:00,0.8632476095632773,0.1,230.0,3.753250476362075,0.0,0.0,0.0
2010-04-08 20:00:00,0.6491282163407794,0.1,230.0,2.8222965927859973,0.0,0.0,0.0
2010-04-08 21:00:00,0.6230106269006386,0.1,230.0,2.708741856089733,0.0,0.0,0.0
2010-04-08 22:00:00,0.5696946284372594,0.1,230.0,2.476933167118519,0.0,0.0,0.0
2010-04-08 23:00:00,1.1151898656426107,0.1,230.0,4.848651589750481,0.0,0.0,0.0
2010-04-09 00:00:00,0.9165369882902408,0.1,230.0,3.9849434273488726,0.0,0.0,0.0
2010-04-09 01:00:00,1.2508874468725717,0.1,230.0,5.438641073359007,0.0,0.0,0.0
2010-04-09 02:00:00,1.4459077251245427,0.1,230.0,6.286555326628446,0.0,0.0,0.0
2010-04-09 03:00:00,1.540358710360023,0.1,230.0,6.697211784174013,0.0,0.0,0.0
2010-04-09 04:00:00,2.1607491564998766,0.1,230.0,9.394561549999464,0.0,0.0,0.0
2010-04-09 05:00:00,2.2970018474622185,0.1,230.0,9.986964554183558,0.0,0.0,0.0
2010-04-09 06:00:00,2.6419553485908476,0.1,230.0,11.486762385177599,0.0,0.0,0.0
2010-04-09 07:00:00,2.869864333829477,0.1,230.0,12.477671016649902,0.0,0.0,0.0
2010-04-09 08:00:00,2.904157553212842,0.1,230.0,12.626771970490616,0.0,0.0,0.0
2010-04-09 09:00:00,2.8704179629663633,0.1,230.0,12.480078099853753,0.0,0.0,0.0
2010-04-09 10:00:00,2.8731547205542523,0.1,230.0,12.491977045888055,0.0,0.0,0.0
2010-04-09 11:00:00,2.8747047853379053,0.1,230.0,12.498716457990893,0.0,0.0,0.0
2010-04-09 12:00:00,2.6114184284630353,0.1,230.0,11.353993167230588,0.0,0.0,0.0
2010-04-09 13:00:00,2.3349161145711848,0.1,230.0,10.15180919378776,0.0,0.0,0.0
2010-04-09 14:00:00,2.1723683365469606,0.1,230.0,9.44507972411722,0.0,0.0,0.0
2010-04-09 15:00:00,1.7149373552326097,0.1,230.0,7.456249370576564,0.0,0.0,0.0
2010-04-09 16:00:00,1.5628604060698517,0.1,230.0,6.7950452437819635,0.0,0.0,0.0
2010-04-09 17:00:00,1.1752882481621476,0.1,230.0,5.109948905052815,0.0,0.0,0.0
2010-04-09 18:00:00,0.8850721023532068,0.1,230.0,3.8481395754487253,0.0,0.0,0.0
2010-04-09 19:00:00,0.7002994668729602,0.1,230.0,3.044780290752001,0.0,0.0,0.0
2010-04-09 20:00:00,0.706213856323176,0.1,230.0,3.0704950274920697,0.0,0.0,0.0
2010-04-09 21:00:00,0.7079540695916278,0.1,230.0,3.078061172137512,0.0,0.0,0.0
2010-04-09 22:00:00,0.5644074836333242,0.1,230.0,2.453945581014453,0.0,0.0,0.0
2010-04-09 23:00:00,0.8156093839224737,0.1,230.0,3.5461277561846685,0.0,0.0,0.0
2010-04-10 00:00:00,1.3383168928850058,0.1,230.0,5.818769099500025,0.0,0.0,0.0
2010-04-10 01:00:00,1.6559030085802404,0.1,230.0,7.199578298174958,0.0,0.0,0.0
2010-04-10 02:00:00,2.1326103586699756,0.1,230.0,9.272218950739024,0.0,0.0,0.0
2010-04-10 03:00:00,2.3961070918826843,0.1,230.0,10.417856921229063,0.0,0.0,0.0
2010-04-10 04:00:00,2.6805904547646002,0.1,230.0,11.654741107672175,0.0,0.0,0.0
2010-04-10 05:00:00,3.0955710494816717,0.1,230.0,13.45900456296379,0.0,0.0,0.0
2010-04-10 06:00:00,3.269323817108952,0.1,230.0,14.214451378734573,0.0,0.0,0.0
2010-04-10 07:00:00,3.845015716189468,0.1,230.0,16.71745963560638,0.0,0.0,0.0
2010-04-10 08:00:00,3.899491597541895,0.1,230.0,16.954311293660414,0.0,0.0,0.0
2010-04-10 09:00:00,3.855504113945271,0.1,230.0,16.76306136497944,0.0,0.0,0.0
2010-04-10 10:00:00,3.918548330745045,0.1,230.0,17.037166655413237,0.0,0.0,0.0
2010-04-10 11:00:00,3.831532072213601,0.1,230.0,16.658835096580873,0.0,0.0,0.0
2010-04-10 12:00:00,3.433183409386838,0.1,230.0,14.926884388638426,0.0,0.0,0.0
2010-04-10 13:00:00,3.0166682599889665,0.1,230.0,13.115948956473767,0.0,0.0,0.0
2010-04-10 14:00:00,2.7610017793775516,0.1,230.0,12.004355562511094,0.0,0.0,0.0
2010-04-10 15:00:00,2.323271519099988,0.1,230.0,10.101180517826034,0.0,0.0,0.0
2010-04-10 16:00:00,1.8969307394213188,0.1,230.0,8.247524954005733,0.0,0.0,0.0
2010-04-10 17:00:00,1.7919218272806579,0.1,230.0,7.790964466437643,0.0,0.0,0.0
2010-04-10 18:00:00,1.2087230128129858,0.1,230.0,5.255317447012982,0.0,0.0,0.0
2010-04-10 19:00:00,0.9264712246576798,0.1,230.0,4.028135759381216,0.0,0.0,0.0
2010-04-10 20:00:00,0.7906715678578263,0.1,230.0,3.4377024689470708,0.0,0.0,0.0
2010-04-10 21:00:00,0.8149978981742557,0.1,230.0,3.5434691224967643,0.0,0.0,0.0
2010-04-10 22:00:00,0.7987545091744015,0.1,230.0,3.472845692062615,0.0,0.0,0.0
2010-04-10 23:00:00,0.9956568596609805,0.1,230.0,4.328942868091219,0.0,0.0,0.0
2010-04-11 00:00:00,1.291434935793126,0.1,230.0,5.6149345034483735,0.0,0.0,0.0
2010-04-11 01:00:00,1.5140934317064512,0.1,230.0,6.583014920462831,0.0,0.0,0.0
2010-04-11 02:00:00,2.092196538446778,0.1,230.0,9.096506688899035,0.0,0.0,0.0
2010-04-11 03:00:00,2.3575348835501426,0.1,230.0,10.250151667609316,0.0,0.0,0.0
2010-04-11 04:00:00,2.8919112826618036,0.1,230.0,12.573527315920886,0.0,0.0,0.0
2010-04-11 05:00:00,3.111434723532603,0.1,230.0,13.527977058837404,0.0,0.0,0.0
2010-04-11 06:00:00,3.4886469691040545,0.1,230.0,15.16803030045241,0.0,0.0,0.0
2010-04-11 07:00:00,3.6908200728516722,0.1,230.0,16.04704379500727,0.0,0.0,0.0
2010-04-11 08:00:00,3.69847988738709,0.1,230.0,16.080347336465607,0.0,0.0,0.0
2010-04-11 09:00:00,3.7050372194844954,0.1,230.0,16.108857476019544,0.0,0.0,0.0
2010-04-11 10:00:00,3.7758397795375256,0.1,230.0,16.416694693641414,0.0,0.0,0.0
2010-04-11 11:00:00,3.704737981135034,0.1,230.0,16.107556439717538,0.0,0.0,0.0
2010-04-11 12:00:00,3.379972887275725,0.1,230.0,14.695534292503153,0.0,0.0,0.0
2010-04-11 13:00:00,3.185045440353476,0.1,230.0,13.848023653710765,0.0,0.0,0.0
2010-04-11 14:00:00,2.7050888520611176,0.1,230.0,11.761255878526597,0.0,0.0,0.0
2010-04-11 15:00:00,2.1932632328719825,0.1,230.0,9.535927099443402,0.0,0.0,0.0
2010-04-11 16:00:00,1.8887099774449858,0.1,230.0,8.211782510630373,0.0,0.0,0.0
2010-04-11 17:00:00,1.4789535027712641,0.1,230.0,6.4302326207446265,0.0,0.0,0.0
2010-04-11 18:00:00,1.084711972266081,0.1,230.0,4.716139009852526,0.0,0.0,0.0
2010-04-11 19:00:00,0.9904752696770244,0.1,230.0,4.306414215987062,0.0,0.0,0.0
2010-04-11 20:00:00,0.9265734640373641,0.1,230.0,4.028580278423322,0.0,0.0,0.0
2010-04-11 21:00:00,0.6749348592779867,0.1,230.0,2.9344993881651593,0.0,0.0,0.0
2010-04-11 22:00:00,0.839106946048333,0.1,230.0,3.648291069775361,0.0,0.0,0.0
2010-04-11 23:00:00,0.9573320031738657,0.1,230.0,4.162313057277677,0.0,0.0,0.0
2010-04-12 00:00:00,0.67494022081026,0.1,230.0,2.934522699175043,0.0,0.0,0.0
2010-04-12 01:00:00,1.2633940977288798,0.1,230.0,5.493017816212521,0.0,0.0,0.0
2010-04-12 02:00:00,1.40656909994392,0.1,230.0,6.11551782584313,0.0,0.0,0.0
2010-04-12 03:00:00,2.0751189490101782,0.1,230.0,9.022256300044253,0.0,0.0,0.0
2010-04-12 04:00:00,2.3125356508117756,0.1,230.0,10.054502829616416,0.0,0.0,0.0
2010-04-12 05:00:00,2.3944315087198484,0.1,230.0,10.410571777042819,0.0,0.0,0.0
2010-04-12 06:00:00,2.75116997782553,0.1,230.0,11.961608599241433,0.0,0.0,0.0
2010-04-12 07:00:00,2.8827253297929056,0.1,230.0,12.533588390403937,0.0,0.0,0.0
2010-04-12 08:00:00,3.0203741740604095,0.1,230.0,13.132061626349607,0.0,0.0,0.0
2010-04-12 09:00:00,2.9554958149039825,0.1,230.0,12.849981803930358,0.0,0.0,0.0
2010-04-12 10:00:00,3.1222629679891987,0.1,230.0,13.575056382561733,0.0,0.0,0.0
2010-04-12 11:00:00,2.8858340297105656,0.1,230.0,12.54710447700246,0.0,0.0,0.0
2010-04-12 12:00:00,2.5960587155756922,0.1,230.0,11.287211806850834,0.0,0.0,0.0
2010-04-12 13:00:00,2.5098147684474807,0.1,230.0,10.912238123684698,0.0,0.0,0.0
2010-04-12 14:00:00,2.3659330091831583,0.1,230.0,10.28666525731808,0.0,0.0,0.0
2010-04-12 15:00:00,1.9400306497616524,0.1,230.0,8.434915868528924,0.0,0.0,0.0
2010-04-12 16:00:00,1.4448760334253865,0.1,230.0,6.2820697105451595,0.0,0.0,0.0
2010-04-12 17:00:00,1.3067690131073524,0.1,230.0,5.681604404814575,0.0,0.0,0.0
2010-04-12 18:00:00,0.9601418206635858,0.1,230.0,4.174529655059069,0.0,0.0,0.0
2010-04-12 19:00:00,0.6478229468247215,0.1,230.0,2.8166215079335717,0.0,0.0,0.0
2010-04-12 20:00:00,0.4566224694679196,0.1,230.0,1.985315084643129,0.0,0.0,0.0
2010-04-12 21:00:00,0.6377055162877854,0.1,230.0,2.7726326795121103,0.0,0.0,0.0
2010-04-12 22:00:00,0.6910217054655959,0.1,230.0,3.004442197676504,0.0,0.0,0.0
2010-04-12 23:00:00,0.6622688752096745,0.1,230.0,2.879429892215976,0.0,0.0,0.0
2010-04-13 00:00:00,0.7638535905375595,0.1,230.0,3.3211025675546066,0.0,0.0,0.0
2010-04-13 01:00:00,1.0763377216965337,0.1,230.0,4.679729224767538,0.0,0.0,0.0
2010-04-13 02:00:00,1.590927105475325,0.1,230.0,6.9170743716318475,0.0,0.0,0.0
2010-04-13 03:00:00,1.8061574533620126,0.1,230.0,7.852858492878315,0.0,0.0,0.0
2010-04-13 04:00:00,2.177597971812551,0.1,230.0,9.46781726875022,0.0,0.0,0.0
2010-04-13 05:00:00,2.412674012918367,0.1,230.0,10.489887012688552,0.0,0.0,0.0
2010-04-13 06:00:00,2.6685791243390513,0.1,230.0,11.602517931908919,0.0,0.0,0.0
2010-04-13 07:00:00,2.7840186680608245,0.1,230.0,12.104428991568803,0.0,0.0,0.0
2010-04-13 08:00:00,2.8832833072008435,0.1,230.0,12.536014379134102,0.0,0.0,0.0
2010-04-13 09:00:00,2.962887685750242,0.1,230.0,12.88212037282714,0.0,0.0,0.0
2010-04-13 10:00:00,2.9697073044658917,0.1,230.0,12.911770888982138,0.0,0.0,0.0
2010-04-13 11:00:00,2.7411011884381313,0.1,230.0,11.917831254078832,0.0,0.0,0.0
2010-04-13 12:00:00,2.6049511930984224,0.1,230.0,11.325874752601836,0.0,0.0,0.0
2010-04-13 13:00:00,2.482495594728119,0.1,230.0,10.79345910751356,0.0,0.0,0.0
2010-04-13 14:00:00,2.115653426735518,0.1,230.0,9.198493159719645,0.0,0.0,0.0
2010-04-13 15:00:00,1.7216464560976656,0.1,230.0,7.485419374337677,0.0,0.0,0.0
2010-04-13 16:00:00,1.4969959855056898,0.1,230.0,6.508678197850825,0.0,0.0,0.0
2010-04-13 17:00:00,1.2148440929478108,0.1,230.0,5.281930838903525,0.0,0.0,0.0
2010-04-13 18:00:00,1.0128797243731948,0.1,230.0,4.403824888579107,0.0,0.0,0.0
2010-04-13 19:00:00,0.7594485089627858,0.1,230.0,3.301950038968634,0.0,0.0,0.0
2010-04-13 20:00:00,0.4980278410985095,0.1,230.0,2.1653384395587367,0.0,0.0,0.0
2010-04-13 21:00:00,0.6355081148513531,0.1,230.0,2.7630787602232743,0.0,0.0,0.0
2010-04-13 22:00:00,0.7526368278900372,0.1,230.0,3.2723340343045093,0.0,0.0,0.0
2010-04-13 23:00:00,0.747308770369092,0.1,230.0,3.249168566822139,0.0,0.0,0.0
2010-04-14 00:00:00,0.8987350467408126,0.1,230.0,3.907543681481794,0.0,0.0,0.0
2010-04-14 01:00:00,1.2165621007271576,0.1,230.0,5.289400437944164,0.0,0.0,0.0
2010-04-14 02:00:00,1.523760722945584,0.1,230.0,6.625046621502539,0.0,0.0,0.0
2010-04-14 03:00:00,1.735365917066408,0.1,230.0,7.545069204636556,0.0,0.0,0.0
2010-04-14 04:00:00,2.2087001833499538,0.1,230.0,9.603044275434582,0.0,0.0,0.0
2010-04-14 05:00:00,2.439731187360115,0.1,230.0,10.607526901565718,0.0,0.0,0.0
2010-04-14 06:00:00,2.6967007170802555,0.1,230.0,11.724785726435893,0.0,0.0,0.0
2010-04-14 07:00:00,2.9292369825080726,0.1,230.0,12.735812967426403,0.0,0.0,0.0
2010-04-14 08:00:00,2.9726896954903292,0.1,230.0,12.924737806479692,0.0,0.0,0.0
2010-04-14 09:00:00,3.0758883963198222,0.1,230.0,13.373427810086184,0.0,0.0,0.0
2010-04-14 10:00:00,2.8645480412228252,0.1,230.0,12.454556700968805,0.0,0.0,0.0
2010-04-14 11:00:00,2.9026768261274736,0.1,230.0,12.62033402664119,0.0,0.0,0.0
2010-04-14 12:00:00,2.7134879858474337,0.1,230.0,11.79777385151058,0.0,0.0,0.0
2010-04-14 13:00:00,2.2365751880076354,0.1,230.0,9.724239947859285,0.0,0.0,0.0
2010-04-14 14:00:00,2.044400854599895,0.1,230.0,8.88869936782563,0.0,0.0,0.0
2010-04-14 15:00:00,1.8997713371471463,0.1,230.0,8.259875378900636,0.0,0.0,0.0
2010-04-14 16:00:00,1.3915506964116329,0.1,230.0,6.050220419181012,0.0,0.0,0.0
2010-04-14 17:00:00,1.2970727992838862,0.1,230.0,5.639446953408202,0.0,0.0,0.0
2010-04-14 18:00:00,0.8904479684847805,0.1,230.0,3.8715129064555676,0.0,0.0,0.0
2010-04-14 19:00:00,0.6174633776443705,0.1,230.0,2.684623381062481,0.0,0.0,0.0
2010-04-14 20:00:00,0.6379004724484015,0.1,230.0,2.77348031499305,0.0,0.0,0.0
2010-04-14 21:00:00,0.5542622746040775,0.1,230.0,2.4098359765394677,0.0,0.0,0.0
2010-04-14 22:00:00,0.5682590587808982,0.1,230.0,2.470691559916949,0.0,0.0,0.0
2010-04-14 23:00:00,0.7117719485923838,0.1,230.0,3.0946606460538426,0.0,0.0,0.0
2010-04-15 00:00:00,0.9648946783689691,0.1,230.0,4.195194253778126,0.0,0.0,0.0
2010-04-15 01:00:00,1.16321761199967,0.1,230.0,5.057467878259435,0.0,0.0,0.0
2010-04-15 02:00:00,1.6456695221880318,0.1,230.0,7.155084879078399,0.0,0.0,0.0
2010-04-15 03:00:00,1.8198175064973423,0.1,230.0,7.912250028249314,0.0,0.0,0.0
2010-04-15 04:00:00,2.07141598662436,0.1,230.0,9.006156463584173,0.0,0.0,0.0
2010-04-15 05:00:00,2.2111897797765545,0.1,230.0,9.61386860772415,0.0,0.0,0.0
2010-04-15 06:00:00,2.6309323560635547,0.1,230.0,11.438836330711109,0.0,0.0,0.0
2010-04-15 07:00:00,2.8361596325523495,0.1,230.0,12.33112883718413,0.0,0.0,0.0
2010-04-15 08:00:00,2.7292422922435566,0.1,230.0,11.86627083584155,0.0,0.0,0.0
2010-04-15 09:00:00,3.0316912390764856,0.1,230.0,13.181266256854284,0.0,0.0,0.0
2010-04-15 10:00:00,2.956540921231286,0.1,230.0,12.854525744483851,0.0,0.0,0.0
2010-04-15 11:00:00,2.892390526450366,0.1,230.0,12.575610984566808,0.0,0.0,0.0
2010-04-15 12:00:00,2.6870687767074326,0.1,230.0,11.682907724814925,0.0,0.0,0.0
2010-04-15 13:00:00,2.320736470745232,0.1,230.0,10.090158568457529,0.0,0.0,0.0
2010-04-15 14:00:00,2.1733529396827524,0.1,230.0,9.449360607316315,0.0,0.0,0.0
2010-04-15 15:00:00,1.8440371714832806,0.1,230.0,8.017552919492525,0.0,0.0,0.0
2010-04-15 16:00:00,1.377971373866277,0.1,230.0,5.991179886375118,0.0,0.0,0.0
2010-04-15 17:00:00,1.1416834761281438,0.1,230.0,4.963841200557147,0.0,0.0,0.0
2010-04-15 18:00:00,0.8400109672444889,0.1,230.0,3.6522215967151688,0.0,0.0,0.0
2010-04-15 19:00:00,0.7940432066033603,0.1,230.0,3.4523617678406966,0.0,0.0,0.0
2010-04-15 20:00:00,0.5480833464127443,0.1,230.0,2.3829710713597576,0.0,0.0,0.0
2010-04-15 21:00:00,0.6202201545503127,0.1,230.0,2.696609367610055,0.0,0.0,0.0
2010-04-15 22:00:00,0.710719231789458,0.1,230.0,3.090083616475904,0.0,0.0,0.0
2010-04-15 23:00:00,0.7278191528639519,0.1,230.0,3.1644310994084863,0.0,0.0,0.0
2010-04-16 00:00:00,0.9827033424444068,0.1,230.0,4.27262322801916,0.0,0.0,0.0
2010-04-16 01:00:00,1.1724615910616272,0.1,230.0,5.097659091572292,0.0,0.0,0.0
2010-04-16 02:00:00,1.4512933408170705,0.1,230.0,6.309971047030741,0.0,0.0,0.0
2010-04-16 03:00:00,1.8402195847219465,0.1,230.0,8.000954716182376,0.0,0.0,0.0
2010-04-16 04:00:00,2.0472981351530084,0.1,230.0,8.90129623979569,0.0,0.0,0.0
2010-04-16 05:00:00,2.3994976716458813,0.1,230.0,10.432598572373397,0.0,0.0,0.0
2010-04-16 06:00:00,2.470613540763387,0.1,230.0,10.741798003319074,0.0,0.0,0.0
2010-04-16 07:00:00,2.80738299806152,0.1,230.0,12.206013035050088,0.0,0.0,0.0
2010-04-16 08:00:00,2.82123089249472,0.1,230.0,12.266221271716173,0.0,0.0,0.0
2010-04-16 09:00:00,2.9526605435150657,0.1,230.0,12.837654537022026,0.0,0.0,0.0
2010-04-16 10:00:00,2.9971222092382312,0.1,230.0,13.030966127122745,0.0,0.0,0.0
2010-04-16 11:00:00,2.810069466640559,0.1,230.0,12.21769333321982,0.0,0.0,0.0
2010-04-16 12:00:00,2.8167615601488243,0.1,230.0,12.24678939195141,0.0,0.0,0.0
2010-04-16 13:00:00,2.447868989459912,0.1,230.0,10.642908649825705,0.0,0.0,0.0
2010-04-16 14:00:00,2.0098774177596597,0.1,230.0,8.73859746852026,0.0,0.0,0.0
2010-04-16 15:00:00,1.7903057800087594,0.1,230.0,7.783938173951128,0.0,0.0,0.0
2010-04-16 16:00:00,1.5155798310430892,0.1,230.0,6.589477526274301,0.0,0.0,0.0
2010-04-16 17:00:00,1.1720119835239196,0.1,230.0,5.095704276190954,0.0,0.0,0.0
2010-04-16 18:00:00,0.8463860565442503,0.1,230.0,3.6799393762793486,0.0,0.0,0.0
2010-04-16 19:00:00,0.7115528475348784,0.1,230.0,3.0937080327603406,0.0,0.0,0.0
2010-04-16 20:00:00,0.6097462309068671,0.1,230.0,2.6510705691602916,0.0,0.0,0.0
2010-04-16 21:00:00,0.7239547790166649,0.1,230.0,3.1476294739854995,0.0,0.0,0.0
2010-04-16 22:00:00,0.697215367753911,0.1,230.0,3.0313711641474392,0.0,0.0,0.0
2010-04-16 23:00:00,0.9179818024114184,0.1,230.0,3.991225227875732,0.0,0.0,0.0
2010-04-17 00:00:00,1.3285356292360928,0.1,230.0,5.776241866243882,0.0,0.0,0.0
2010-04-17 01:00:00,1.682012880485719,0.1,230.0,7.313099480372691,0.0,0.0,0.0
2010-04-17 02:00:00,2.0325297381746847,0.1,230.0,8.837085818150804,0.0,0.0,0.0
2010-04-17 03:00:00,2.389801350530435,0.1,230.0,10.390440654480154,0.0,0.0,0.0
2010-04-17 04:00:00,2.735082109977632,0.1,230.0,11.891661347728835,0.0,0.0,0.0
2010-04-17 05:00:00,3.183204404580535,0.1,230.0,13.840019150350152,0.0,0.0,0.0
2010-04-17 06:00:00,3.4233068615722155,0.1,230.0,14.883942876400937,0.0,0.0,0.0
2010-04-17 07:00:00,3.8385391757990384,0.1,230.0,16.689300764343646,0.0,0.0,0.0
2010-04-17 08:00:00,3.7840922837122632,0.1,230.0,16.452575146575057,0.0,0.0,0.0
2010-04-17 09:00:00,4.072747540803796,0.1,230.0,17.707598003494766,0.0,0.0,0.0
2010-04-17 10:00:00,3.9920581694728963,0.1,230.0,17.35677464988216,0.0,0.0,0.0
2010-04-17 11:00:00,3.722958318068846,0.1,230.0,16.186775295951506,0.0,0.0,0.0
2010-04-17 12:00:00,3.367148823531344,0.1,230.0,14.639777493614538,0.0,0.0,0.0
2010-04-17 13:00:00,3.0806330205777264,0.1,230.0,13.394056611207505,0.0,0.0,0.0
2010-04-17 14:00:00,2.873994598140832,0.1,230.0,12.495628687568836,0.0,0.0,0.0
2010-04-17 15:00:00,2.4079623392907292,0.1,230.0,10.469401475177083,0.0,0.0,0.0
2010-04-17 16:00:00,2.0002604245985864,0.1,230.0,8.696784454776463,0.0,0.0,0.0
2010-04-17 17:00:00,1.4819430133711036,0.1,230.0,6.4432304929178414,0.0,0.0,0.0
2010-04-17 18:00:00,1.2497065917667225,0.1,230.0,5.433506920724881,0.0,0.0,0.0
2010-04-17 19:00:00,0.9445968156575277,0.1,230.0,4.10694267677186,0.0,0.0,0.0
2010-04-17 20:00:00,0.8957635029044227,0.1,230.0,3.894623925671403,0.0,0.0,0.0
2010-04-17 21:00:00,0.7646215259650992,0.1,230.0,3.324441417239562,0.0,0.0,0.0
2010-04-17 22:00:00,0.7868085075740872,0.1,230.0,3.420906554669944,0.0,0.0,0.0
2010-04-17 23:00:00,1.0949965686528174,0.1,230.0,4.760854646316597,0.0,0.0,0.0
2010-04-18 00:00:00,1.1460848477447394,0.1,230.0,4.982977598890171,0.0,0.0,0.0
2010-04-18 01:00:00,1.5916527894988637,0.1,230.0,6.920229519560277,0.0,0.0,0.0
2010-04-18 02:00:00,1.988760893198981,0.1,230.0,8.646786492169483,0.0,0.0,0.0
2010-04-18 03:00:00,2.1846888430758846,0.1,230.0,9.498647143808194,0.0,0.0,0.0
2010-04-18 04:00:00,2.8494970104514104,0.1,230.0,12.389117436745263,0.0,0.0,0.0
2010-04-18 05:00:00,3.1483624457086545,0.1,230.0,13.688532372646323,0.0,0.0,0.0
2010-04-18 06:00:00,3.4917780471731708,0.1,230.0,15.181643683361612,0.0,0.0,0.0
2010-04-18 07:00:00,3.532852446007936,0.1,230.0,15.360228026121462,0.0,0.0,0.0
2010-04-18 08:00:00,3.9391593737506754,0.1,230.0,17.1267798858725,0.0,0.0,0.0
2010-04-18 09:00:00,3.854447981113839,0.1,230.0,16.75846948310365,0.0,0.0,0.0
2010-04-18 10:00:00,3.8313733422233223,0.1,230.0,16.658144966188356,0.0,0.0,0.0
2010-04-18 11:00:00,3.918016783892488,0.1,230.0,17.03485558214125,0.0,0.0,0.0
2010-04-18 12:00:00,3.540064740645273,0.1,230.0,15.391585828892492,0.0,0.0,0.0
2010-04-18 13:00:00,3.2077917986604683,0.1,230.0,13.946920863741168,0.0,0.0,0.0
2010-04-18 14:00:00,2.77330321148226,0.1,230.0,12.05784004992287,0.0,0.0,0.0
2010-04-18 15:00:00,2.364085745307922,0.1,230.0,10.278633675251834,0.0,0.0,0.0
2010-04-18 16:00:00,1.948532872303473,0.1,230.0,8.47188205349336,0.0,0.0,0.0
2010-04-18 17:00:00,1.5125778827442669,0.1,230.0,6.576425577148986,0.0,0.0,0.0
2010-04-18 18:00:00,1.2996739644965551,0.1,230.0,5.650756367376326,0.0,0.0,0.0
2010-04-18 19:00:00,1.0777337950899235,0.1,230.0,4.685799109086624,0.0,0.0,0.0
2010-04-18 20:00:00,0.7901920487197966,0.1,230.0,3.4356176031295504,0.0,0.0,0.0
2010-04-18 21:00:00,0.6312845747145055,0.1,230.0,2.7447155422369804,0.0,0.0,0.0
2010-04-18 22:00:00,0.7489554647092875,0.1,230.0,3.2563281074316848,0.0,0.0,0.0
2010-04-18 23:00:00,0.9789755348196283,0.1,230.0,4.256415368780992,0.0,0.0,0.0
2010-04-19 00:00:00,0.9600053815969009,0.1,230.0,4.1739364417256555,0.0,0.0,0.0
2010-04-19 01:00:00,1.2348457674453248,0.1,230.0,5.368894641066629,0.0,0.0,0.0
2010-04-19 02:00:00,1.6540028047151625,0.1,230.0,7.191316542239837,0.0,0.0,0.0
2010-04-19 03:00:00,1.753378410642178,0.1,230.0,7.623384394096425,0.0,0.0,0.0
2010-04-19 04:00:00,2.0689246620565167,0.1,230.0,8.99532461763703,0.0,0.0,0.0
2010-04-19 05:00:00,2.3067364907220798,0.1,230.0,10.029289090096,0.0,0.0,0.0
2010-04-19 06:00:00,2.6966410861514785,0.1,230.0,11.724526461528166,0.0,0.0,0.0
2010-04-19 07:00:00,2.828765993763835,0.1,230.0,12.29898258158189,0.0,0.0,0.0
2010-04-19 08:00:00,2.8150032387263866,0.1,230.0,12.23914451620168,0.0,0.0,0.0
2010-04-19 09:00:00,3.1445866196058216,0.1,230.0,13.672115737416616,0.0,0.0,0.0
2010-04-19 10:00:00,2.884618188786598,0.1,230.0,12.541818212115645,0.0,0.0,0.0
2010-04-19 11:00:00,2.958081266099367,0.1,230.0,12.861222896084204,0.0,0.0,0.0
2010-04-19 12:00:00,2.5348513877013903,0.1,230.0,11.021092990006045,0.0,0.0,0.0
2010-04-19 13:00:00,2.4024170911208786,0.1,230.0,10.445291700525559,0.0,0.0,0.0
2010-04-19 14:00:00,2.357427779662922,0.1,230.0,10.249685998534444,0.0,0.0,0.0
2010-04-19 15:00:00,1.8876715041758343,0.1,230.0,8.20726740946015,0.0,0.0,0.0
2010-04-19 16:00:00,1.4423467180756266,0.1,230.0,6.271072687285333,0.0,0.0,0.0
2010-04-19 17:00:00,1.294275904385201,0.1,230.0,5.627286540805223,0.0,0.0,0.0
2010-04-19 18:00:00,0.9344856860094294,0.1,230.0,4.062981243519258,0.0,0.0,0.0
2010-04-19 19:00:00,0.9125894612433408,0.1,230.0,3.967780266275395,0.0,0.0,0.0
2010-04-19 20:00:00,0.7044342559683963,0.1,230.0,3.0627576346452012,0.0,0.0,0.0
2010-04-19 21:00:00,0.3108796309645207,0.1,230.0,1.3516505694109595,0.0,0.0,0.0
2010-04-19 22:00:00,0.5578279671376973,0.1,230.0,2.4253389875552056,0.0,0.0,0.0
2010-04-19 23:00:00,0.754102333939149,0.1,230.0,3.2787057997354307,0.0,0.0,0.0
2010-04-20 00:00:00,0.989011242299878,0.1,230.0,4.300048879564687,0.0,0.0,0.0
2010-04-20 01:00:00,1.2278745716744472,0.1,230.0,5.338585094236727,0.0,0.0,0.0
2010-04-20 02:00:00,1.4979081310993205,0.1,230.0,6.512644048257916,0.0,0.0,0.0
2010-04-20 03:00:00,1.7014990900055427,0.1,230.0,7.397822130458882,0.0,0.0,0.0
2010-04-20 04:00:00,2.1581685884497914,0.1,230.0,9.383341688912138,0.0,0.0,0.0
2010-04-20 05:00:00,2.446609705869615,0.1,230.0,10.637433503780933,0.0,0.0,0.0
2010-04-20 06:00:00,2.733128170444996,0.1,230.0,11.883165958456505,0.0,0.0,0.0
2010-04-20 07:00:00,2.6096790214697685,0.1,230.0,11.346430528129428,0.0,0.0,0.0
2010-04-20 08:00:00,2.9518173204351323,0.1,230.0,12.833988349717966,0.0,0.0,0.0
2010-04-20 09:00:00,2.911579906865752,0.1,230.0,12.659043073329357,0.0,0.0,0.0
2010-04-20 10:00:00,3.103976026160582,0.1,230.0,13.495547939828617,0.0,0.0,0.0
2010-04-20 11:00:00,2.9834341066993244,0.1,230.0,12.971452637823148,0.0,0.0,0.0
2010-04-20 12:00:00,2.532020022545811,0.1,230.0,11.008782706720918,0.0,0.0,0.0
2010-04-20 13:00:00,2.427366288699947,0.1,230.0,10.553766472608466,0.0,0.0,0.0
2010-04-20 14:00:00,2.2289885777291363,0.1,230.0,9.691254685778853,0.0,0.0,0.0
2010-04-20 15:00:00,1.7654149308596074,0.1,230.0,7.675717090693945,0.0,0.0,0.0
2010-04-20 16:00:00,1.5418054571206894,0.1,230.0,6.703501987481259,0.0,0.0,0.0
2010-04-20 17:00:00,0.9373803868882236,0.1,230.0,4.0755668995140155,0.0,0.0,0.0
2010-04-20 18:00:00,0.9988509935347667,0.1,230.0,4.342830406672898,0.0,0.0,0.0
2010-04-20 19:00:00,0.9345208266483593,0.1,230.0,4.06313402890591,0.0,0.0,0.0
2010-04-20 20:00:00,0.5009071672033403,0.1,230.0,2.177857248710175,0.0,0.0,0.0
2010-04-20 21:00:00,0.6385500677039883,0.1,230.0,2.776304642191253,0.0,0.0,0.0
2010-04-20 22:00:00,0.6812304400125492,0.1,230.0,2.961871478315431,0.0,0.0,0.0
2010-04-20 23:00:00,0.6204378271288135,0.1,230.0,2.6975557701252755,0.0,0.0,0.0
2010-04-21 00:00:00,1.0931850023250016,0.1,230.0,4.752978270978267,0.0,0.0,0.0
2010-04-21 01:00:00,1.368629646504503,0.1,230.0,5.95056368045436,0.0,0.0,0.0
2010-04-21 02:00:00,1.5552634150289473,0.1,230.0,6.762014847951945,0.0,0.0,0.0
2010-04-21 03:00:00,1.8467662179187196,0.1,230.0,8.029418338777042,0.0,0.0,0.0
2010-04-21 04:00:00,1.971666127720328,0.1,230.0,8.57246142487099,0.0,0.0,0.0
2010-04-21 05:00:00,2.361342911407755,0.1,230.0,10.266708310468502,0.0,0.0,0.0
2010-04-21 06:00:00,2.6447822414828037,0.1,230.0,11.499053223838278,0.0,0.0,0.0
2010-04-21 07:00:00,2.8567516533710733,0.1,230.0,12.420659362482928,0.0,0.0,0.0
2010-04-21 08:00:00,2.961919039429901,0.1,230.0,12.877908867086527,0.0,0.0,0.0
2010-04-21 09:00:00,3.075123764209348,0.1,230.0,13.370103322649339,0.0,0.0,0.0
2010-04-21 10:00:00,2.899201567986061,0.1,230.0,12.605224208635049,0.0,0.0,0.0
2010-04-21 11:00:00,2.644591334860755,0.1,230.0,11.498223195046759,0.0,0.0,0.0
2010-04-21 12:00:00,2.512414920865025,0.1,230.0,10.923543134195759,0.0,0.0,0.0
2010-04-21 13:00:00,2.470371559433079,0.1,230.0,10.740745910578605,0.0,0.0,0.0
2010-04-21 14:00:00,2.3132772252536484,0.1,230.0,10.05772706632021,0.0,0.0,0.0
2010-04-21 15:00:00,1.7690261190016494,0.1,230.0,7.691417908702824,0.0,0.0,0.0
2010-04-21 16:00:00,1.5847584215174058,0.1,230.0,6.8902540065974165,0.0,0.0,0.0
2010-04-21 17:00:00,1.1967679509295708,0.1,230.0,5.20333891708509,0.0,0.0,0.0
2010-04-21 18:00:00,0.8900564078245002,0.1,230.0,3.8698104688021746,0.0,0.0,0.0
2010-04-21 19:00:00,0.8632674977005199,0.1,230.0,3.7533369465239996,0.0,0.0,0.0
2010-04-21 20:00:00,0.6355485852079814,0.1,230.0,2.7632547182955713,0.0,0.0,0.0
2010-04-21 21:00:00,0.5736576584771922,0.1,230.0,2.494163732509531,0.0,0.0,0.0
2010-04-21 22:00:00,0.7811660167205378,0.1,230.0,3.3963739857414685,0.0,0.0,0.0
2010-04-21 23:00:00,0.6475830431733078,0.1,230.0,2.815578448579599,0.0,0.0,0.0
2010-04-22 00:00:00,0.956793979124599,0.1,230.0,4.1599738222808655,0.0,0.0,0.0
2010-04-22 01:00:00,1.431844121640784,0.1,230.0,6.225409224525148,0.0,0.0,0.0
2010-04-22 02:00:00,1.7347074990076676,0.1,230.0,7.542206517424642,0.0,0.0,0.0
2010-04-22 03:00:00,1.9048506259965257,0.1,230.0,8.281959243463154,0.0,0.0,0.0
2010-04-22 04:00:00,2.0442241214500854,0.1,230.0,8.88793096282646,0.0,0.0,0.0
2010-04-22 05:00:00,2.351025028085609,0.1,230.0,10.221847948198299,0.0,0.0,0.0
2010-04-22 06:00:00,2.655503828677422,0.1,230.0,11.545668820336617,0.0,0.0,0.0
2010-04-22 07:00:00,2.6989227228995483,0.1,230.0,11.734446621302384,0.0,0.0,0.0
2010-04-22 08:00:00,2.8468372296072713,0.1,230.0,12.377553172205527,0.0,0.0,0.0
2010-04-22 09:00:00,3.0079405161880706,0.1,230.0,13.07800224429596,0.0,0.0,0.0
2010-04-22 10:00:00,2.8761561542492853,0.1,230.0,12.50502675760559,0.0,0.0,0.0
2010-04-22 11:00:00,2.9000501732669903,0.1,230.0,12.608913796813003,0.0,0.0,0.0
2010-04-22 12:00:00,2.637681611716702,0.1,230.0,11.468180920507399,0.0,0.0,0.0
2010-04-22 13:00:00,2.3807297113930934,0.1,230.0,10.350998745187363,0.0,0.0,0.0
2010-04-22 14:00:00,2.1925701522901977,0.1,230.0,9.532913705609555,0.0,0.0,0.0
2010-04-22 15:00:00,1.7736094106858769,0.1,230.0,7.711345263851638,0.0,0.0,0.0
2010-04-22 16:00:00,1.382131030127836,0.1,230.0,6.009265348381896,0.0,0.0,0.0
2010-04-22 17:00:00,1.2148802584304548,0.1,230.0,5.282088080132413,0.0,0.0,0.0
2010-04-22 18:00:00,0.6334861566314629,0.1,230.0,2.7542876375281,0.0,0.0,0.0
2010-04-22 19:00:00,0.7528924326807946,0.1,230.0,3.2734453594817157,0.0,0.0,0.0
2010-04-22 20:00:00,0.7206391583379638,0.1,230.0,3.13321373190419,0.0,0.0,0.0
2010-04-22 21:00:00,0.5436040312682141,0.1,230.0,2.36349578812267,0.0,0.0,0.0
2010-04-22 22:00:00,0.5454731507446515,0.1,230.0,2.3716223945419634,0.0,0.0,0.0
2010-04-22 23:00:00,0.8723926464569942,0.1,230.0,3.7930115063347576,0.0,0.0,0.0
2010-04-23 00:00:00,0.9884820251338173,0.1,230.0,4.2977479353644235,0.0,0.0,0.0
2010-04-23 01:00:00,1.3567278855964071,0.1,230.0,5.898816893897422,0.0,0.0,0.0
2010-04-23 02:00:00,1.5203826247326295,0.1,230.0,6.610359237967954,0.0,0.0,0.0
2010-04-23 03:00:00,1.8414334965946755,0.1,230.0,8.006232593889893,0.0,0.0,0.0
2010-04-23 04:00:00,2.172751100273036,0.1,230.0,9.446743914230591,0.0,0.0,0.0
2010-04-23 05:00:00,2.426081985572152,0.1,230.0,10.548182545965878,0.0,0.0,0.0
2010-04-23 06:00:00,2.7203645983360327,0.1,230.0,11.827672166678404,0.0,0.0,0.0
2010-04-23 07:00:00,2.944147388867014,0.1,230.0,12.800640821160933,0.0,0.0,0.0
2010-04-23 08:00:00,2.953797615122199,0.1,230.0,12.842598326618257,0.0,0.0,0.0
2010-04-23 09:00:00,3.0015918248866567,0.1,230.0,13.050399238637636,0.0,0.0,0.0
2010-04-23 10:00:00,3.1067937032219146,0.1,230.0,13.507798709660499,0.0,0.0,0.0
2010-04-23 11:00:00,2.9758491407240992,0.1,230.0,12.938474524887386,0.0,0.0,0.0
2010-04-23 12:00:00,2.5356038622099955,0.1,230.0,11.024364618304327,0.0,0.0,0.0
2010-04-23 13:00:00,2.295049501442844,0.1,230.0,9.978476093229755,0.0,0.0,0.0
2010-04-23 14:00:00,2.258938034429651,0.1,230.0,9.821469714911526,0.0,0.0,0.0
2010-04-23 15:00:00,1.815096472943989,0.1,230.0,7.891723795408647,0.0,0.0,0.0
2010-04-23 16:00:00,1.4582462958589653,0.1,230.0,6.340201286343327,0.0,0.0,0.0
2010-04-23 17:00:00,1.0069016922389193,0.1,230.0,4.377833444517041,0.0,0.0,0.0
2010-04-23 18:00:00,0.9781091888906597,0.1,230.0,4.252648647350694,0.0,0.0,0.0
2010-04-23 19:00:00,0.8403973674603167,0.1,230.0,3.653901597653551,0.0,0.0,0.0
2010-04-23 20:00:00,0.5754256675822327,0.1,230.0,2.501850728618403,0.0,0.0,0.0
2010-04-23 21:00:00,0.5829236653133777,0.1,230.0,2.534450718753816,0.0,0.0,0.0
2010-04-23 22:00:00,0.5678100877613611,0.1,230.0,2.468739512005918,0.0,0.0,0.0
2010-04-23 23:00:00,0.5819640457591866,0.1,230.0,2.5302784598225503,0.0,0.0,0.0
2010-04-24 00:00:00,1.3017214771612067,0.1,230.0,5.659658596353072,0.0,0.0,0.0
2010-04-24 01:00:00,1.6612807043652098,0.1,230.0,7.222959584196564,0.0,0.0,0.0
2010-04-24 02:00:00,1.7636309699312607,0.1,230.0,7.667960738831568,0.0,0.0,0.0
2010-04-24 03:00:00,2.276343885777653,0.1,230.0,9.897147329468055,0.0,0.0,0.0
2010-04-24 04:00:00,2.75492167425548,0.1,230.0,11.977920322849913,0.0,0.0,0.0
2010-04-24 05:00:00,3.2088049573357216,0.1,230.0,13.95132590145966,0.0,0.0,0.0
2010-04-24 06:00:00,3.455154135705679,0.1,230.0,15.022409285676865,0.0,0.0,0.0
2010-04-24 07:00:00,3.68538860722569,0.1,230.0,16.023428727068218,0.0,0.0,0.0
2010-04-24 08:00:00,3.804635537805703,0.1,230.0,16.54189364263349,0.0,0.0,0.0
2010-04-24 09:00:00,3.9395204238425032,0.1,230.0,17.12834966888045,0.0,0.0,0.0
2010-04-24 10:00:00,3.8663686245350544,0.1,230.0,16.810298367543716,0.0,0.0,0.0
2010-04-24 11:00:00,3.611798479150337,0.1,230.0,15.703471648479727,0.0,0.0,0.0
2010-04-24 12:00:00,3.3936948070938446,0.1,230.0,14.7551948134515,0.0,0.0,0.0
2010-04-24 13:00:00,3.1543200069010084,0.1,230.0,13.714434812613082,0.0,0.0,0.0
2010-04-24 14:00:00,2.721167691182248,0.1,230.0,11.831163874705428,0.0,0.0,0.0
2010-04-24 15:00:00,2.417150974204696,0.1,230.0,10.509352061759548,0.0,0.0,0.0
2010-04-24 16:00:00,1.8717104566063363,0.1,230.0,8.137871550462332,0.0,0.0,0.0
2010-04-24 17:00:00,1.4709584972118341,0.1,230.0,6.395471727007974,0.0,0.0,0.0
2010-04-24 18:00:00,1.235392073858311,0.1,230.0,5.371269886340483,0.0,0.0,0.0
2010-04-24 19:00:00,0.8731190387315939,0.1,230.0,3.796169733615626,0.0,0.0,0.0
2010-04-24 20:00:00,0.7786605434245377,0.1,230.0,3.3854806235849466,0.0,0.0,0.0
2010-04-24 21:00:00,0.7903545358183289,0.1,230.0,3.436324068775343,0.0,0.0,0.0
2010-04-24 22:00:00,0.8610808480026837,0.1,230.0,3.743829773924712,0.0,0.0,0.0
2010-04-24 23:00:00,1.2024359463922834,0.1,230.0,5.227982375618623,0.0,0.0,0.0
2010-04-25 00:00:00,1.133153009538947,0.1,230.0,4.926752215386727,0.0,0.0,0.0
2010-04-25 01:00:00,1.6083466023386739,0.1,230.0,6.992811314515973,0.0,0.0,0.0
2010-04-25 02:00:00,1.8240359211789923,0.1,230.0,7.930590961647793,0.0,0.0,0.0
2010-04-25 03:00:00,2.2849655306456076,0.1,230.0,9.934632741937424,0.0,0.0,0.0
2010-04-25 04:00:00,2.5473545908540025,0.1,230.0,11.07545474284349,0.0,0.0,0.0
2010-04-25 05:00:00,3.3319289537465746,0.1,230.0,14.486647624985107,0.0,0.0,0.0
2010-04-25 06:00:00,3.501655579583989,0.1,230.0,15.224589476452126,0.0,0.0,0.0
2010-04-25 07:00:00,3.686176158864693,0.1,230.0,16.026852864629102,0.0,0.0,0.0
2010-04-25 08:00:00,3.7919882686678372,0.1,230.0,16.486905515947118,0.0,0.0,0.0
2010-04-25 09:00:00,3.7795520644360816,0.1,230.0,16.432835062765573,0.0,0.0,0.0
2010-04-25 10:00:00,3.731635936376509,0.1,230.0,16.224504071202215,0.0,0.0,0.0
2010-04-25 11:00:00,3.6412006887556942,0.1,230.0,15.83130734241606,0.0,0.0,0.0
2010-04-25 12:00:00,3.3664633256880667,0.1,230.0,14.636797068208985,0.0,0.0,0.0
2010-04-25 13:00:00,2.9194805262117485,0.1,230.0,12.693393592224993,0.0,0.0,0.0
2010-04-25 14:00:00,2.8765504730216716,0.1,230.0,12.506741187050746,0.0,0.0,0.0
2010-04-25 15:00:00,2.244578946244175,0.1,230.0,9.759038896713806,0.0,0.0,0.0
2010-04-25 16:00:00,1.947379312692962,0.1,230.0,8.466866576925922,0.0,0.0,0.0
2010-04-25 17:00:00,1.5507178284122944,0.1,230.0,6.742251427879541,0.0,0.0,0.0
2010-04-25 18:00:00,1.1593794500522476,0.1,230.0,5.040780217618468,0.0,0.0,0.0
2010-04-25 19:00:00,1.0192105383694918,0.1,230.0,4.4313501668238775,0.0,0.0,0.0
2010-04-25 20:00:00,0.9108829440848599,0.1,230.0,3.9603606264559126,0.0,0.0,0.0
2010-04-25 21:00:00,0.6875588230383411,0.1,230.0,2.9893861871232223,0.0,0.0,0.0
2010-04-25 22:00:00,0.820646781330692,0.1,230.0,3.568029484046487,0.0,0.0,0.0
2010-04-25 23:00:00,1.00679687119885,0.1,230.0,4.377377700864566,0.0,0.0,0.0
2010-04-26 00:00:00,0.9722794779171944,0.1,230.0,4.227302077900846,0.0,0.0,0.0
2010-04-26 01:00:00,1.1732732382119333,0.1,230.0,5.101187992225797,0.0,0.0,0.0
2010-04-26 02:00:00,1.578921568454834,0.1,230.0,6.864876384586235,0.0,0.0,0.0
2010-04-26 03:00:00,1.6989012540182038,0.1,230.0,7.386527191383495,0.0,0.0,0.0
2010-04-26 04:00:00,2.115035907642153,0.1,230.0,9.195808294096318,0.0,0.0,0.0
2010-04-26 05:00:00,2.3819308660815213,0.1,230.0,10.35622115687618,0.0,0.0,0.0
2010-04-26 06:00:00,2.6902700628731724,0.1,230.0,11.69682636031814,0.0,0.0,0.0
2010-04-26 07:00:00,2.9452448693865994,0.1,230.0,12.805412475593911,0.0,0.0,0.0
2010-04-26 08:00:00,3.0499875878064118,0.1,230.0,13.260815599158311,0.0,0.0,0.0
2010-04-26 09:00:00,2.9265393922804237,0.1,230.0,12.724084314262711,0.0,0.0,0.0
2010-04-26 10:00:00,2.9441769039507557,0.1,230.0,12.800769147611982,0.0,0.0,0.0
2010-04-26 11:00:00,2.9553983519934754,0.1,230.0,12.849558052145545,0.0,0.0,0.0
2010-04-26 12:00:00,2.8473216826917582,0.1,230.0,12.379659489964167,0.0,0.0,0.0
2010-04-26 13:00:00,2.4007870174646238,0.1,230.0,10.438204423759233,0.0,0.0,0.0
2010-04-26 14:00:00,2.3137255672249717,0.1,230.0,10.059676379239008,0.0,0.0,0.0
2010-04-26 15:00:00,1.760930510265716,0.1,230.0,7.65621960985094,0.0,0.0,0.0
2010-04-26 16:00:00,1.4845338457703592,0.1,230.0,6.4544949816102575,0.0,0.0,0.0
2010-04-26 17:00:00,1.0580807573272788,0.1,230.0,4.600351118814256,0.0,0.0,0.0
2010-04-26 18:00:00,1.039807378270239,0.1,230.0,4.520901644653213,0.0,0.0,0.0
2010-04-26 19:00:00,0.7791186723851465,0.1,230.0,3.387472488631072,0.0,0.0,0.0
2010-04-26 20:00:00,0.6255398849578452,0.1,230.0,2.7197386302515008,0.0,0.0,0.0
2010-04-26 21:00:00,0.6571055999359391,0.1,230.0,2.8569808692866916,0.0,0.0,0.0
2010-04-26 22:00:00,0.589047460926221,0.1,230.0,2.561075917070526,0.0,0.0,0.0
2010-04-26 23:00:00,0.9122036992487181,0.1,230.0,3.9661030402118183,0.0,0.0,0.0
2010-04-27 00:00:00,0.9292339352541317,0.1,230.0,4.040147544583181,0.0,0.0,0.0
2010-04-27 01:00:00,1.2760270281980606,0.1,230.0,5.547943600861133,0.0,0.0,0.0
2010-04-27 02:00:00,1.601222573484325,0.1,230.0,6.961837276018804,0.0,0.0,0.0
2010-04-27 03:00:00,1.8127471249192322,0.1,230.0,7.8815092387792705,0.0,0.0,0.0
2010-04-27 04:00:00,2.057273329668805,0.1,230.0,8.944666650733936,0.0,0.0,0.0
2010-04-27 05:00:00,2.4229174245439014,0.1,230.0,10.534423584973483,0.0,0.0,0.0
2010-04-27 06:00:00,2.6342128673107617,0.1,230.0,11.453099423090269,0.0,0.0,0.0
2010-04-27 07:00:00,2.9263072301357593,0.1,230.0,12.723074913633736,0.0,0.0,0.0
2010-04-27 08:00:00,2.9057735607772246,0.1,230.0,12.633798090335759,0.0,0.0,0.0
2010-04-27 09:00:00,3.041348964191593,0.1,230.0,13.223256366050405,0.0,0.0,0.0
2010-04-27 10:00:00,3.012152220151586,0.1,230.0,13.096314000659069,0.0,0.0,0.0
2010-04-27 11:00:00,2.9528165125304504,0.1,230.0,12.838332663175871,0.0,0.0,0.0
2010-04-27 12:00:00,2.5665973259752874,0.1,230.0,11.159118808588206,0.0,0.0,0.0
2010-04-27 13:00:00,2.516929369784785,0.1,230.0,10.943171172977326,0.0,0.0,0.0
2010-04-27 14:00:00,2.1446815805459334,0.1,230.0,9.324702524112753,0.0,0.0,0.0
2010-04-27 15:00:00,1.7977732527965153,0.1,230.0,7.8164054469413715,0.0,0.0,0.0
2010-04-27 16:00:00,1.4299655370446918,0.1,230.0,6.217241465411703,0.0,0.0,0.0
2010-04-27 17:00:00,1.2460809845088874,0.1,230.0,5.417743410908207,0.0,0.0,0.0
2010-04-27 18:00:00,1.0228554090700839,0.1,230.0,4.447197430739495,0.0,0.0,0.0
2010-04-27 19:00:00,0.7150147106331164,0.1,230.0,3.108759611448332,0.0,0.0,0.0
2010-04-27 20:00:00,0.6011224019817316,0.1,230.0,2.6135756607901377,0.0,0.0,0.0
2010-04-27 21:00:00,0.5100985298609304,0.1,230.0,2.2178196950475235,0.0,0.0,0.0
2010-04-27 22:00:00,0.6635118625749377,0.1,230.0,2.8848341851084247,0.0,0.0,0.0
2010-04-27 23:00:00,0.7351434741335913,0.1,230.0,3.196275974493875,0.0,0.0,0.0
2010-04-28 00:00:00,0.9260732731039353,0.1,230.0,4.026405535234502,0.0,0.0,0.0
2010-04-28 01:00:00,1.2562127008881934,0.1,230.0,5.461794351687797,0.0,0.0,0.0
2010-04-28 02:00:00,1.4879906033260248,0.1,230.0,6.469524362287065,0.0,0.0,0.0
2010-04-28 03:00:00,1.7052392668019556,0.1,230.0,7.414083768704155,0.0,0.0,0.0
2010-04-28 04:00:00,1.9445544844596996,0.1,230.0,8.454584715042172,0.0,0.0,0.0
2010-04-28 05:00:00,2.5358843125977306,0.1,230.0,11.02558396781622,0.0,0.0,0.0
2010-04-28 06:00:00,2.5658976546997763,0.1,230.0,11.156076759564245,0.0,0.0,0.0
2010-04-28 07:00:00,2.887667686562222,0.1,230.0,12.555076898096617,0.0,0.0,0.0
2010-04-28 08:00:00,2.9104730070633464,0.1,230.0,12.65423046549281,0.0,0.0,0.0
2010-04-28 09:00:00,2.909963934734499,0.1,230.0,12.652017107541301,0.0,0.0,0.0
2010-04-28 10:00:00,3.001778114550914,0.1,230.0,13.051209193699625,0.0,0.0,0.0
2010-04-28 11:00:00,2.7326532554591956,0.1,230.0,11.881101110692153,0.0,0.0,0.0
2010-04-28 12:00:00,2.7429362721295587,0.1,230.0,11.925809878824168,0.0,0.0,0.0
2010-04-28 13:00:00,2.433404980405475,0.1,230.0,10.580021653936846,0.0,0.0,0.0
2010-04-28 14:00:00,2.124659769214796,0.1,230.0,9.237651170499113,0.0,0.0,0.0
2010-04-28 15:00:00,1.766941444835737,0.1,230.0,7.682354107981465,0.0,0.0,0.0
2010-04-28 16:00:00,1.384071744526035,0.1,230.0,6.017703237069718,0.0,0.0,0.0
2010-04-28 17:00:00,1.0367714108832662,0.1,230.0,4.507701786448984,0.0,0.0,0.0
2010-04-28 18:00:00,0.9143936645838214,0.1,230.0,3.9756246286253103,0.0,0.0,0.0
2010-04-28 19:00:00,0.9063175665439392,0.1,230.0,3.9405111588866926,0.0,0.0,0.0
2010-04-28 20:00:00,0.8263427457793011,0.1,230.0,3.5927945468665268,0.0,0.0,0.0
2010-04-28 21:00:00,0.5809631578647144,0.1,230.0,2.525926773324845,0.0,0.0,0.0
2010-04-28 22:00:00,0.6632229565110109,0.1,230.0,2.883578071787004,0.0,0.0,0.0
2010-04-28 23:00:00,0.8209477973710061,0.1,230.0,3.569338249439157,0.0,0.0,0.0
2010-04-29 00:00:00,0.9509079409542472,0.1,230.0,4.134382351974988,0.0,0.0,0.0
2010-04-29 01:00:00,1.1638386643838217,0.1,230.0,5.060168106016616,0.0,0.0,0.0
2010-04-29 02:00:00,1.4696624276336399,0.1,230.0,6.389836641885391,0.0,0.0,0.0
2010-04-29 03:00:00,1.773987913699719,0.1,230.0,7.712990929129213,0.0,0.0,0.0
2010-04-29 04:00:00,1.967396488053501,0.1,230.0,8.553897774145657,0.0,0.0,0.0
2010-04-29 05:00:00,2.3559149183432004,0.1,230.0,10.24310834062261,0.0,0.0,0.0
2010-04-29 06:00:00,2.4770326195255783,0.1,230.0,10.769707041415558,0.0,0.0,0.0
2010-04-29 07:00:00,2.851064914104754,0.1,230.0,12.395934409151106,0.0,0.0,0.0
2010-04-29 08:00:00,2.8600114868759516,0.1,230.0,12.434832551634571,0.0,0.0,0.0
2010-04-29 09:00:00,3.1142871163085672,0.1,230.0,13.54037876655899,0.0,0.0,0.0
2010-04-29 10:00:00,2.8310991791277007,0.1,230.0,12.309126865772612,0.0,0.0,0.0
2010-04-29 11:00:00,2.8405488618901966,0.1,230.0,12.350212443000856,0.0,0.0,0.0
2010-04-29 12:00:00,2.7997663858761643,0.1,230.0,12.172897329896367,0.0,0.0,0.0
2010-04-29 13:00:00,2.415364441013202,0.1,230.0,10.501584526144356,0.0,0.0,0.0
2010-04-29 14:00:00,2.066838291718088,0.1,230.0,8.986253442252556,0.0,0.0,0.0
2010-04-29 15:00:00,1.6934674407740675,0.1,230.0,7.362901916408989,0.0,0.0,0.0
2010-04-29 16:00:00,1.4266655268141075,0.1,230.0,6.202893594843946,0.0,0.0,0.0
2010-04-29 17:00:00,1.2779109238990811,0.1,230.0,5.556134451735136,0.0,0.0,0.0
2010-04-29 18:00:00,0.9240454897718932,0.1,230.0,4.017589085964753,0.0,0.0,0.0
2010-04-29 19:00:00,0.7882382725307169,0.1,230.0,3.4271229240465955,0.0,0.0,0.0
2010-04-29 20:00:00,0.38842737062737337,0.1,230.0,1.6888146549016234,0.0,0.0,0.0
2010-04-29 21:00:00,0.5752527493414791,0.1,230.0,2.501098910180344,0.0,0.0,0.0
2010-04-29 22:00:00,0.614131640136933,0.1,230.0,2.670137565812752,0.0,0.0,0.0
2010-04-29 23:00:00,0.7605919089485111,0.1,230.0,3.306921343254396,0.0,0.0,0.0
2010-04-30 00:00:00,0.806937221256995,0.1,230.0,3.5084227011173694,0.0,0.0,0.0
2010-04-30 01:00:00,1.244155542889353,0.1,230.0,5.409371925605883,0.0,0.0,0.0
2010-04-30 02:00:00,1.447606881037805,0.1,230.0,6.2939429610339355,0.0,0.0,0.0
2010-04-30 03:00:00,1.970788781982249,0.1,230.0,8.568646878183692,0.0,0.0,0.0
2010-04-30 04:00:00,2.0214046225009876,0.1,230.0,8.788715750004295,0.0,0.0,0.0
2010-04-30 05:00:00,2.306754840221518,0.1,230.0,10.029368870528339,0.0,0.0,0.0
2010-04-30 06:00:00,2.6591002286307552,0.1,230.0,11.561305341872849,0.0,0.0,0.0
2010-04-30 07:00:00,3.03997311825842,0.1,230.0,13.217274427210523,0.0,0.0,0.0
2010-04-30 08:00:00,2.8764172199081717,0.1,230.0,12.506161825687704,0.0,0.0,0.0
2010-04-30 09:00:00,3.157566726424311,0.1,230.0,13.728550984453527,0.0,0.0,0.0
2010-04-30 10:00:00,3.0171717894756287,0.1,230.0,13.11813821511143,0.0,0.0,0.0
2010-04-30 11:00:00,2.8836381736177765,0.1,230.0,12.537557276599028,0.0,0.0,0.0
2010-04-30 12:00:00,2.5630837180455672,0.1,230.0,11.143842252372032,0.0,0.0,0.0
2010-04-30 13:00:00,2.5638719510548613,0.1,230.0,11.14726935241244,0.0,0.0,0.0
2010-04-30 14:00:00,2.207975118344418,0.1,230.0,9.599891818888775,0.0,0.0,0.0
2010-04-30 15:00:00,1.727443640429399,0.1,230.0,7.510624523606083,0.0,0.0,0.0
2010-04-30 16:00:00,1.548935813153414,0.1,230.0,6.734503535449626,0.0,0.0,0.0
2010-04-30 17:00:00,1.059813195184784,0.1,230.0,4.607883457325148,0.0,0.0,0.0
2010-04-30 18:00:00,1.157553638796016,0.1,230.0,5.032841907808765,0.0,0.0,0.0
2010-04-30 19:00:00,0.8589013958507167,0.1,230.0,3.734353895003116,0.0,0.0,0.0
2010-04-30 20:00:00,0.46282262269951163,0.1,230.0,2.0122722726065723,0.0,0.0,0.0
2010-04-30 21:00:00,0.42017011071337734,0.1,230.0,1.8268265683190321,0.0,0.0,0.0
2010-04-30 22:00:00,0.6998566684434492,0.1,230.0,3.0428550801889096,0.0,0.0,0.0
2010-04-30 23:00:00,0.7939842400012034,0.1,230.0,3.45210539130958,0.0,0.0,0.0
2010-05-01 00:00:00,1.2793300113198367,0.1,230.0,5.562304397042769,0.0,0.0,0.0
2010-05-01 01:00:00,1.681756534003746,0.1,230.0,7.311984930451069,0.0,0.0,0.0
2010-05-01 02:00:00,1.8124408650788444,0.1,230.0,7.880177674255845,0.0,0.0,0.0
2010-05-01 03:00:00,2.411468748003153,0.1,230.0,10.48464673044849,0.0,0.0,0.0
2010-05-01 04:00:00,2.789078669598183,0.1,230.0,12.12642899825297,0.0,0.0,0.0
2010-05-01 05:00:00,3.1177740132076255,0.1,230.0,13.555539187859242,0.0,0.0,0.0
2010-05-01 06:00:00,3.541065739829236,0.1,230.0,15.395937999257548,0.0,0.0,0.0
2010-05-01 07:00:00,3.6511970506687526,0.1,230.0,15.874769785516316,0.0,0.0,0.0
2010-05-01 08:00:00,3.89268608915116,0.1,230.0,16.924722126744175,0.0,0.0,0.0
2010-05-01 09:00:00,3.6371888855112346,0.1,230.0,15.813864719614065,0.0,0.0,0.0
2010-05-01 10:00:00,3.8251973565043635,0.1,230.0,16.631292854366798,0.0,0.0,0.0
2010-05-01 11:00:00,3.6820927082890593,0.1,230.0,16.009098731691562,0.0,0.0,0.0
2010-05-01 12:00:00,3.424007745743456,0.1,230.0,14.886990198884591,0.0,0.0,0.0
2010-05-01 13:00:00,3.2099142891479877,0.1,230.0,13.956149083252122,0.0,0.0,0.0
2010-05-01 14:00:00,2.6518018839914275,0.1,230.0,11.529573408658381,0.0,0.0,0.0
2010-05-01 15:00:00,2.225909553283687,0.1,230.0,9.67786762297255,0.0,0.0,0.0
2010-05-01 16:00:00,1.9040622278707142,0.1,230.0,8.278531425524845,0.0,0.0,0.0
2010-05-01 17:00:00,1.5589479951876852,0.1,230.0,6.778034761685587,0.0,0.0,0.0
2010-05-01 18:00:00,1.2461902621233099,0.1,230.0,5.418218530970912,0.0,0.0,0.0
2010-05-01 19:00:00,1.0105308293536324,0.1,230.0,4.393612301537532,0.0,0.0,0.0
2010-05-01 20:00:00,0.9317866476725291,0.1,230.0,4.051246294228387,0.0,0.0,0.0
2010-05-01 21:00:00,0.8922131396059538,0.1,230.0,3.8791875635041473,0.0,0.0,0.0
2010-05-01 22:00:00,0.9477644451734071,0.1,230.0,4.120714979014814,0.0,0.0,0.0
2010-05-01 23:00:00,0.9953170750222512,0.1,230.0,4.327465543575005,0.0,0.0,0.0
2010-05-02 00:00:00,1.133474512522461,0.1,230.0,4.928150054445483,0.0,0.0,0.0
2010-05-02 01:00:00,1.552629423454648,0.1,230.0,6.750562710672383,0.0,0.0,0.0
2010-05-02 02:00:00,1.8667861512456574,0.1,230.0,8.116461527155032,0.0,0.0,0.0
2010-05-02 03:00:00,2.248762955402202,0.1,230.0,9.777230240879138,0.0,0.0,0.0
2010-05-02 04:00:00,2.6668633115363107,0.1,230.0,11.59505787624483,0.0,0.0,0.0
2010-05-02 05:00:00,3.0832325190136434,0.1,230.0,13.405358778320188,0.0,0.0,0.0
2010-05-02 06:00:00,3.3074231862805448,0.1,230.0,14.380100809915412,0.0,0.0,0.0
2010-05-02 07:00:00,3.7955891894326186,0.1,230.0,16.5025616931853,0.0,0.0,0.0
2010-05-02 08:00:00,3.771546616543406,0.1,230.0,16.398028767580026,0.0,0.0,0.0
2010-05-02 09:00:00,3.7590460820958835,0.1,230.0,16.343678617808187,0.0,0.0,0.0
2010-05-02 10:00:00,3.993377509186045,0.1,230.0,17.362510909504543,0.0,0.0,0.0
2010-05-02 11:00:00,3.6180515455213276,0.1,230.0,15.73065889357099,0.0,0.0,0.0
2010-05-02 12:00:00,3.5220526979393205,0.1,230.0,15.313272599736175,0.0,0.0,0.0
2010-05-02 13:00:00,3.2700506741481,0.1,230.0,14.21761162673087,0.0,0.0,0.0
2010-05-02 14:00:00,2.7251478096534916,0.1,230.0,11.848468737623877,0.0,0.0,0.0
2010-05-02 15:00:00,2.3099777242497397,0.1,230.0,10.043381409781478,0.0,0.0,0.0
2010-05-02 16:00:00,1.9063752845205122,0.1,230.0,8.288588193567444,0.0,0.0,0.0
2010-05-02 17:00:00,1.4242174739009288,0.1,230.0,6.192249886525778,0.0,0.0,0.0
2010-05-02 18:00:00,1.2374555680778174,0.1,230.0,5.380241600338336,0.0,0.0,0.0
2010-05-02 19:00:00,1.084959998840107,0.1,230.0,4.717217386261336,0.0,0.0,0.0
2010-05-02 20:00:00,0.9518235451286442,0.1,230.0,4.138363239689758,0.0,0.0,0.0
2010-05-02 21:00:00,0.9157204923789356,0.1,230.0,3.9813934451258066,0.0,0.0,0.0
2010-05-02 22:00:00,0.8113022154040221,0.1,230.0,3.5274009365392267,0.0,0.0,0.0
2010-05-02 23:00:00,1.047921455551768,0.1,230.0,4.556180241529426,0.0,0.0,0.0
2010-05-03 00:00:00,0.8139134711604884,0.1,230.0,3.5387542224369057,0.0,0.0,0.0
2010-05-03 01:00:00,1.0262333781329855,0.1,230.0,4.461884252752111,0.0,0.0,0.0
2010-05-03 02:00:00,1.648255188148016,0.1,230.0,7.166326904991374,0.0,0.0,0.0
2010-05-03 03:00:00,1.9356712240672989,0.1,230.0,8.415961843770864,0.0,0.0,0.0
2010-05-03 04:00:00,2.195864485307472,0.1,230.0,9.547236892641182,0.0,0.0,0.0
2010-05-03 05:00:00,2.4997505449433857,0.1,230.0,10.868480630188634,0.0,0.0,0.0
2010-05-03 06:00:00,2.6134621337198234,0.1,230.0,11.3628788422601,0.0,0.0,0.0
2010-05-03 07:00:00,2.7866387276766154,0.1,230.0,12.11582055511572,0.0,0.0,0.0
2010-05-03 08:00:00,2.924287205134975,0.1,230.0,12.714292196239022,0.0,0.0,0.0
2010-05-03 09:00:00,3.0602709369100833,0.1,230.0,13.305525812652537,0.0,0.0,0.0
2010-05-03 10:00:00,3.041394695554249,0.1,230.0,13.22345519806195,0.0,0.0,0.0
2010-05-03 11:00:00,2.6053141310646426,0.1,230.0,11.327452743759315,0.0,0.0,0.0
2010-05-03 12:00:00,2.738928240435088,0.1,230.0,11.908383654065599,0.0,0.0,0.0
2010-05-03 13:00:00,2.349056755464412,0.1,230.0,10.213290241149618,0.0,0.0,0.0
2010-05-03 14:00:00,2.1165440355230163,0.1,230.0,9.202365371839202,0.0,0.0,0.0
2010-05-03 15:00:00,1.7376984740232586,0.1,230.0,7.555210756622863,0.0,0.0,0.0
2010-05-03 16:00:00,1.4563402406358743,0.1,230.0,6.3319140897211925,0.0,0.0,0.0
2010-05-03 17:00:00,1.0168687869975643,0.1,230.0,4.421168639119845,0.0,0.0,0.0
2010-05-03 18:00:00,1.0152540175275937,0.1,230.0,4.414147902293886,0.0,0.0,0.0
2010-05-03 19:00:00,0.9074186326746913,0.1,230.0,3.94529840293344,0.0,0.0,0.0
2010-05-03 20:00:00,0.6993754279535831,0.1,230.0,3.04076273023297,0.0,0.0,0.0
2010-05-03 21:00:00,0.6961988726347732,0.1,230.0,3.026951620151188,0.0,0.0,0.0
2010-05-03 22:00:00,0.527405583134736,0.1,230.0,2.2930677527597214,0.0,0.0,0.0
2010-05-03 23:00:00,0.8841647674738535,0.1,230.0,3.8441946411906676,0.0,0.0,0.0
2010-05-04 00:00:00,0.9127444850661831,0.1,230.0,3.968454282896448,0.0,0.0,0.0
2010-05-04 01:00:00,1.1231284436482927,0.1,230.0,4.883167146296924,0.0,0.0,0.0
2010-05-04 02:00:00,1.4126846788250653,0.1,230.0,6.142107299239414,0.0,0.0,0.0
2010-05-04 03:00:00,1.7931560370018516,0.1,230.0,7.796330595660224,0.0,0.0,0.0
2010-05-04 04:00:00,1.986038207768561,0.1,230.0,8.634948729428526,0.0,0.0,0.0
2010-05-04 05:00:00,2.5734102956462066,0.1,230.0,11.188740415853072,0.0,0.0,0.0
2010-05-04 06:00:00,2.5494452115016353,0.1,230.0,11.084544397833197,0.0,0.0,0.0
2010-05-04 07:00:00,2.7313390156153234,0.1,230.0,11.87538702441445,0.0,0.0,0.0
2010-05-04 08:00:00,2.849879937461906,0.1,230.0,12.390782336790897,0.0,0.0,0.0
2010-05-04 09:00:00,3.0596743952093086,0.1,230.0,13.302932153083951,0.0,0.0,0.0
2010-05-04 10:00:00,3.1094483338441905,0.1,230.0,13.519340581931264,0.0,0.0,0.0
2010-05-04 11:00:00,2.971571069656578,0.1,230.0,12.919874215898165,0.0,0.0,0.0
2010-05-04 12:00:00,2.6613848955660653,0.1,230.0,11.571238676374197,0.0,0.0,0.0
2010-05-04 13:00:00,2.6345004682062676,0.1,230.0,11.454349861766381,0.0,0.0,0.0
2010-05-04 14:00:00,2.156374783655279,0.1,230.0,9.375542537631647,0.0,0.0,0.0
2010-05-04 15:00:00,1.7147608451781808,0.1,230.0,7.455481935557309,0.0,0.0,0.0
2010-05-04 16:00:00,1.2575637499036583,0.1,230.0,5.467668477841992,0.0,0.0,0.0
2010-05-04 17:00:00,1.273795320678914,0.1,230.0,5.538240524690931,0.0,0.0,0.0
2010-05-04 18:00:00,0.8330904149752794,0.1,230.0,3.622132239022954,0.0,0.0,0.0
2010-05-04 19:00:00,0.6737048867860372,0.1,230.0,2.929151681678423,0.0,0.0,0.0
2010-05-04 20:00:00,0.614751517328813,0.1,230.0,2.672832684038317,0.0,0.0,0.0
2010-05-04 21:00:00,0.5243790785731572,0.1,230.0,2.2799090372745967,0.0,0.0,0.0
2010-05-04 22:00:00,0.6187823470724405,0.1,230.0,2.6903580307497412,0.0,0.0,0.0
2010-05-04 23:00:00,1.0729163579287149,0.1,230.0,4.664853730124848,0.0,0.0,0.0
2010-05-05 00:00:00,1.0369158275422228,0.1,230.0,4.508329684966186,0.0,0.0,0.0
2010-05-05 01:00:00,1.2427003894228177,0.1,230.0,5.403045171403555,0.0,0.0,0.0
2010-05-05 02:00:00,1.4317757242271822,0.1,230.0,6.22511184446601,0.0,0.0,0.0
2010-05-05 03:00:00,1.8001062909358463,0.1,230.0,7.826549091025419,0.0,0.0,0.0
2010-05-05 04:00:00,2.066162078656514,0.1,230.0,8.983313385463104,0.0,0.0,0.0
2010-05-05 05:00:00,2.443731946913279,0.1,230.0,10.624921508318604,0.0,0.0,0.0
2010-05-05 06:00:00,2.5978886810551485,0.1,230.0,11.295168178500646,0.0,0.0,0.0
2010-05-05 07:00:00,2.9564185376490406,0.1,230.0,12.85399364195235,0.0,0.0,0.0
2010-05-05 08:00:00,3.065713296216194,0.1,230.0,13.329188244418235,0.0,0.0,0.0
2010-05-05 09:00:00,2.9585153003348292,0.1,230.0,12.863110001455778,0.0,0.0,0.0
2010-05-05 10:00:00,3.036490807533397,0.1,230.0,13.202133945797378,0.0,0.0,0.0
2010-05-05 11:00:00,3.1034389492092496,0.1,230.0,13.49321282264891,0.0,0.0,0.0
2010-05-05 12:00:00,2.6500510406222717,0.1,230.0,11.52196104618379,0.0,0.0,0.0
2010-05-05 13:00:00,2.4923567345031317,0.1,230.0,10.836333628274485,0.0,0.0,0.0
2010-05-05 14:00:00,2.1995180173213753,0.1,230.0,9.563121814440763,0.0,0.0,0.0
2010-05-05 15:00:00,1.8570098193788065,0.1,230.0,8.073955736429593,0.0,0.0,0.0
2010-05-05 16:00:00,1.51225435872491,0.1,230.0,6.575018950977869,0.0,0.0,0.0
2010-05-05 17:00:00,1.3511265606771534,0.1,230.0,5.874463307291972,0.0,0.0,0.0
2010-05-05 18:00:00,0.9548721505246729,0.1,230.0,4.151618045759447,0.0,0.0,0.0
2010-05-05 19:00:00,0.668126792519847,0.1,230.0,2.904899097912378,0.0,0.0,0.0
2010-05-05 20:00:00,0.6940465703659441,0.1,230.0,3.017593784199757,0.0,0.0,0.0
2010-05-05 21:00:00,0.7284683171634236,0.1,230.0,3.1672535528844508,0.0,0.0,0.0
2010-05-05 22:00:00,0.6952284169392102,0.1,230.0,3.0227322475617835,0.0,0.0,0.0
2010-05-05 23:00:00,0.620933800573713,0.1,230.0,2.6997121764074477,0.0,0.0,0.0
2010-05-06 00:00:00,0.7621123879589452,0.1,230.0,3.3135321215606313,0.0,0.0,0.0
2010-05-06 01:00:00,1.2715941427076078,0.1,230.0,5.528670185685252,0.0,0.0,0.0
2010-05-06 02:00:00,1.5410150811485963,0.1,230.0,6.7000655702112875,0.0,0.0,0.0
2010-05-06 03:00:00,1.7089605236792416,0.1,230.0,7.430263146431485,0.0,0.0,0.0
2010-05-06 04:00:00,1.9305858101348279,0.1,230.0,8.393851348412294,0.0,0.0,0.0
2010-05-06 05:00:00,2.6392308373796984,0.1,230.0,11.47491668425956,0.0,0.0,0.0
2010-05-06 06:00:00,2.4385819318410777,0.1,230.0,10.602530138439468,0.0,0.0,0.0
2010-05-06 07:00:00,2.826520355528853,0.1,230.0,12.28921893708197,0.0,0.0,0.0
2010-05-06 08:00:00,2.864051143555931,0.1,230.0,12.452396276330134,0.0,0.0,0.0
2010-05-06 09:00:00,2.9784697119694323,0.1,230.0,12.949868312910576,0.0,0.0,0.0
2010-05-06 10:00:00,2.9774347183329564,0.1,230.0,12.94536834057807,0.0,0.0,0.0
2010-05-06 11:00:00,2.890225412141225,0.1,230.0,12.566197444092284,0.0,0.0,0.0
2010-05-06 12:00:00,2.695588364538131,0.1,230.0,11.719949411035351,0.0,0.0,0.0
2010-05-06 13:00:00,2.4412421502820947,0.1,230.0,10.614096305574325,0.0,0.0,0.0
2010-05-06 14:00:00,2.190417917997776,0.1,230.0,9.523556165207722,0.0,0.0,0.0
2010-05-06 15:00:00,1.8591969594474154,0.1,230.0,8.08346504107572,0.0,0.0,0.0
2010-05-06 16:00:00,1.4241431746636177,0.1,230.0,6.191926846363555,0.0,0.0,0.0
2010-05-06 17:00:00,1.23213614765163,0.1,230.0,5.3571136854418695,0.0,0.0,0.0
2010-05-06 18:00:00,1.035727178669171,0.1,230.0,4.5031616463877,0.0,0.0,0.0
2010-05-06 19:00:00,0.8747323013208266,0.1,230.0,3.8031839187862024,0.0,0.0,0.0
2010-05-06 20:00:00,0.6487702605488121,0.1,230.0,2.820740263255705,0.0,0.0,0.0
2010-05-06 21:00:00,0.623086155415463,0.1,230.0,2.7090702409367955,0.0,0.0,0.0
2010-05-06 22:00:00,0.604581935576341,0.1,230.0,2.628617111201483,0.0,0.0,0.0
2010-05-06 23:00:00,0.7276077169152388,0.1,230.0,3.1635118126749515,0.0,0.0,0.0
2010-05-07 00:00:00,0.9610448703565545,0.1,230.0,4.178455958071976,0.0,0.0,0.0
2010-05-07 01:00:00,1.2029074915536766,0.1,230.0,5.230032571972507,0.0,0.0,0.0
2010-05-07 02:00:00,1.3793810192372296,0.1,230.0,5.997308779292302,0.0,0.0,0.0
2010-05-07 03:00:00,1.787588810928585,0.1,230.0,7.772125264906891,0.0,0.0,0.0
2010-05-07 04:00:00,2.164229262405338,0.1,230.0,9.4096924452406,0.0,0.0,0.0
2010-05-07 05:00:00,2.4915047746344317,0.1,230.0,10.832629454932311,0.0,0.0,0.0
2010-05-07 06:00:00,2.774115059293607,0.1,230.0,12.061369823015681,0.0,0.0,0.0
2010-05-07 07:00:00,2.857363164245367,0.1,230.0,12.423318105414639,0.0,0.0,0.0
2010-05-07 08:00:00,3.0084090775859895,0.1,230.0,13.080039467765172,0.0,0.0,0.0
2010-05-07 09:00:00,2.997355137904065,0.1,230.0,13.031978860452456,0.0,0.0,0.0
2010-05-07 10:00:00,3.0467521503484485,0.1,230.0,13.246748479775864,0.0,0.0,0.0
2010-05-07 11:00:00,2.7385107717070007,0.1,230.0,11.906568572639134,0.0,0.0,0.0
2010-05-07 12:00:00,2.6781390332676605,0.1,230.0,11.644082753337655,0.0,0.0,0.0
2010-05-07 13:00:00,2.517279469374861,0.1,230.0,10.944693345108092,0.0,0.0,0.0
2010-05-07 14:00:00,2.2361419087200933,0.1,230.0,9.722356124869972,0.0,0.0,0.0
2010-05-07 15:00:00,1.95131805067201,0.1,230.0,8.483991524660913,0.0,0.0,0.0
2010-05-07 16:00:00,1.4294168469339352,0.1,230.0,6.214855856234501,0.0,0.0,0.0
2010-05-07 17:00:00,1.042594923586384,0.1,230.0,4.533021406897322,0.0,0.0,0.0
2010-05-07 18:00:00,1.079448838260047,0.1,230.0,4.693255818521942,0.0,0.0,0.0
2010-05-07 19:00:00,0.7135032871284633,0.1,230.0,3.102188204906362,0.0,0.0,0.0
2010-05-07 20:00:00,0.7453838752464951,0.1,230.0,3.240799457593457,0.0,0.0,0.0
2010-05-07 21:00:00,0.8358812086153602,0.1,230.0,3.6342661244146095,0.0,0.0,0.0
2010-05-07 22:00:00,1.003958307759798,0.1,230.0,4.365036120694774,0.0,0.0,0.0
2010-05-07 23:00:00,0.802037884590185,0.1,230.0,3.48712123734863,0.0,0.0,0.0
2010-05-08 00:00:00,1.3227813907681474,0.1,230.0,5.75122343812238,0.0,0.0,0.0
2010-05-08 01:00:00,1.4976779549674717,0.1,230.0,6.511643282467268,0.0,0.0,0.0
2010-05-08 02:00:00,1.862034106156289,0.1,230.0,8.095800461549082,0.0,0.0,0.0
2010-05-08 03:00:00,2.2481711635087924,0.1,230.0,9.774657232646923,0.0,0.0,0.0
2010-05-08 04:00:00,3.016966548089431,0.1,230.0,13.117245861258397,0.0,0.0,0.0
2010-05-08 05:00:00,2.9610472100886103,0.1,230.0,12.87411830473309,0.0,0.0,0.0
2010-05-08 06:00:00,3.3546461876287084,0.1,230.0,14.585418207081341,0.0,0.0,0.0
2010-05-08 07:00:00,3.6375256507977296,0.1,230.0,15.815328916511868,0.0,0.0,0.0
2010-05-08 08:00:00,3.9196400868136365,0.1,230.0,17.041913420928854,0.0,0.0,0.0
2010-05-08 09:00:00,3.9093961224793765,0.1,230.0,16.997374445562507,0.0,0.0,0.0
2010-05-08 10:00:00,3.7073842640641974,0.1,230.0,16.119062017670423,0.0,0.0,0.0
2010-05-08 11:00:00,3.6798639366190082,0.1,230.0,15.999408420082645,0.0,0.0,0.0
2010-05-08 12:00:00,3.3079087958693414,0.1,230.0,14.382212155953658,0.0,0.0,0.0
2010-05-08 13:00:00,3.1744951642639085,0.1,230.0,13.802152888103949,0.0,0.0,0.0
2010-05-08 14:00:00,2.8208886586250856,0.1,230.0,12.264733298369936,0.0,0.0,0.0
2010-05-08 15:00:00,2.279326862615842,0.1,230.0,9.910116793981922,0.0,0.0,0.0
2010-05-08 16:00:00,1.8917740786919461,0.1,230.0,8.225104689964983,0.0,0.0,0.0
2010-05-08 17:00:00,1.4779707444314758,0.1,230.0,6.425959758397721,0.0,0.0,0.0
2010-05-08 18:00:00,1.2980009882138916,0.1,230.0,5.643482557451702,0.0,0.0,0.0
2010-05-08 19:00:00,1.0177223525412298,0.1,230.0,4.424879793657521,0.0,0.0,0.0
2010-05-08 20:00:00,0.7895763123953697,0.1,230.0,3.432940488675521,0.0,0.0,0.0
2010-05-08 21:00:00,0.8787912634847932,0.1,230.0,3.8208315803686657,0.0,0.0,0.0
2010-05-08 22:00:00,0.8474667607654923,0.1,230.0,3.684638090284749,0.0,0.0,0.0
2010-05-08 23:00:00,0.7951953705971021,0.1,230.0,3.4573711765091395,0.0,0.0,0.0
2010-05-09 00:00:00,1.2525171011290002,0.1,230.0,5.445726526647826,0.0,0.0,0.0
2010-05-09 01:00:00,1.4381566620197517,0.1,230.0,6.25285505225979,0.0,0.0,0.0
2010-05-09 02:00:00,1.8690195894772428,0.1,230.0,8.126172128161926,0.0,0.0,0.0
2010-05-09 03:00:00,2.1611556868870547,0.1,230.0,9.396329073421978,0.0,0.0,0.0
2010-05-09 04:00:00,2.9866867372755332,0.1,230.0,12.985594509893623,0.0,0.0,0.0
2010-05-09 05:00:00,3.090769678325582,0.1,230.0,13.438129036198182,0.0,0.0,0.0
2010-05-09 06:00:00,3.481423013837795,0.1,230.0,15.13662179929476,0.0,0.0,0.0
2010-05-09 07:00:00,3.7546841458769533,0.1,230.0,16.32471367772588,0.0,0.0,0.0
2010-05-09 08:00:00,3.8458606873987975,0.1,230.0,16.72113342347303,0.0,0.0,0.0
2010-05-09 09:00:00,3.9571450558427794,0.1,230.0,17.204978503664258,0.0,0.0,0.0
2010-05-09 10:00:00,4.104284884441171,0.1,230.0,17.844716888874657,0.0,0.0,0.0
2010-05-09 11:00:00,3.738630932046734,0.1,230.0,16.254917095855365,0.0,0.0,0.0
2010-05-09 12:00:00,3.4689129554169966,0.1,230.0,15.082230240943463,0.0,0.0,0.0
2010-05-09 13:00:00,3.3127543344947155,0.1,230.0,14.403279715194415,0.0,0.0,0.0
2010-05-09 14:00:00,2.7011696088772563,0.1,230.0,11.74421569077068,0.0,0.0,0.0
2010-05-09 15:00:00,2.3324925899317246,0.1,230.0,10.141272130137933,0.0,0.0,0.0
2010-05-09 16:00:00,1.8856594199177235,0.1,230.0,8.19851921703358,0.0,0.0,0.0
2010-05-09 17:00:00,1.3995155304493159,0.1,230.0,6.08485013238833,0.0,0.0,0.0
2010-05-09 18:00:00,1.3496256526082404,0.1,230.0,5.867937620035828,0.0,0.0,0.0
2010-05-09 19:00:00,0.9169702496528902,0.1,230.0,3.98682717240387,0.0,0.0,0.0
2010-05-09 20:00:00,0.7211532900791678,0.1,230.0,3.1354490873007297,0.0,0.0,0.0
2010-05-09 21:00:00,0.8781177783754993,0.1,230.0,3.8179033842413017,0.0,0.0,0.0
2010-05-09 22:00:00,0.6150429220452465,0.1,230.0,2.674099661066289,0.0,0.0,0.0
2010-05-09 23:00:00,0.8656762608952502,0.1,230.0,3.7638098299793485,0.0,0.0,0.0
2010-05-10 00:00:00,1.0527112023684226,0.1,230.0,4.577005227688794,0.0,0.0,0.0
2010-05-10 01:00:00,1.2713602270550162,0.1,230.0,5.527653161108766,0.0,0.0,0.0
2010-05-10 02:00:00,1.5053673312774039,0.1,230.0,6.545075353380017,0.0,0.0,0.0
2010-05-10 03:00:00,1.8541241024969173,0.1,230.0,8.061409141290945,0.0,0.0,0.0
2010-05-10 04:00:00,2.0894577426029897,0.1,230.0,9.084598880882563,0.0,0.0,0.0
2010-05-10 05:00:00,2.522052574437124,0.1,230.0,10.965445975813582,0.0,0.0,0.0
2010-05-10 06:00:00,2.7641257053249726,0.1,230.0,12.01793784923901,0.0,0.0,0.0
2010-05-10 07:00:00,2.905589358892049,0.1,230.0,12.632997212574125,0.0,0.0,0.0
2010-05-10 08:00:00,2.9548280046273314,0.1,230.0,12.847078280988397,0.0,0.0,0.0
2010-05-10 09:00:00,3.0101851908952986,0.1,230.0,13.087761699544776,0.0,0.0,0.0
2010-05-10 10:00:00,2.9717113599895613,0.1,230.0,12.920484173867656,0.0,0.0,0.0
2010-05-10 11:00:00,2.748753770195022,0.1,230.0,11.95110334867401,0.0,0.0,0.0
2010-05-10 12:00:00,2.4896917512727814,0.1,230.0,10.824746744664267,0.0,0.0,0.0
2010-05-10 13:00:00,2.415023529820343,0.1,230.0,10.500102303566708,0.0,0.0,0.0
2010-05-10 14:00:00,2.1196427796152544,0.1,230.0,9.215838172240236,0.0,0.0,0.0
2010-05-10 15:00:00,1.8637324354431477,0.1,230.0,8.10318450192673,0.0,0.0,0.0
2010-05-10 16:00:00,1.4969410725714143,0.1,230.0,6.50843944596267,0.0,0.0,0.0
2010-05-10 17:00:00,1.2669358359478065,0.1,230.0,5.508416678033941,0.0,0.0,0.0
2010-05-10 18:00:00,0.9605169599578663,0.1,230.0,4.176160695468984,0.0,0.0,0.0
2010-05-10 19:00:00,0.707424966194543,0.1,230.0,3.0757607225849695,0.0,0.0,0.0
2010-05-10 20:00:00,0.6299560882347985,0.1,230.0,2.7389395140643416,0.0,0.0,0.0
2010-05-10 21:00:00,0.6589098282032783,0.1,230.0,2.8648253400142534,0.0,0.0,0.0
2010-05-10 22:00:00,0.6480758169613339,0.1,230.0,2.8177209433101473,0.0,0.0,0.0
2010-05-10 23:00:00,0.7540152079609875,0.1,230.0,3.2783269911347284,0.0,0.0,0.0
2010-05-11 00:00:00,1.0276480532760768,0.1,230.0,4.468035014243812,0.0,0.0,0.0
2010-05-11 01:00:00,1.067436142232459,0.1,230.0,4.641026705358517,0.0,0.0,0.0
2010-05-11 02:00:00,1.5172286614450934,0.1,230.0,6.596646354109102,0.0,0.0,0.0
2010-05-11 03:00:00,1.9184631843955424,0.1,230.0,8.34114427998062,0.0,0.0,0.0
2010-05-11 04:00:00,2.2109285589025585,0.1,230.0,9.612732864793733,0.0,0.0,0.0
2010-05-11 05:00:00,2.4318677628284258,0.1,230.0,10.573338099254025,0.0,0.0,0.0
2010-05-11 06:00:00,2.6702070967707074,0.1,230.0,11.60959607291612,0.0,0.0,0.0
2010-05-11 07:00:00,2.8011682375957205,0.1,230.0,12.1789923373727,0.0,0.0,0.0
2010-05-11 08:00:00,2.8844224299669072,0.1,230.0,12.54096708681264,0.0,0.0,0.0
2010-05-11 09:00:00,2.921628160224902,0.1,230.0,12.702731131412618,0.0,0.0,0.0
2010-05-11 10:00:00,2.904530584832907,0.1,230.0,12.628393847099595,0.0,0.0,0.0
2010-05-11 11:00:00,2.878977272741639,0.1,230.0,12.517292490181038,0.0,0.0,0.0
2010-05-11 12:00:00,2.670425724458691,0.1,230.0,11.610546628081266,0.0,0.0,0.0
2010-05-11 13:00:00,2.4311093465237716,0.1,230.0,10.570040637059877,0.0,0.0,0.0
2010-05-11 14:00:00,1.9774184046082184,0.1,230.0,8.597471324383559,0.0,0.0,0.0
2010-05-11 15:00:00,1.8333069389085346,0.1,230.0,7.9708997343849335,0.0,0.0,0.0
2010-05-11 16:00:00,1.4361210369410367,0.1,230.0,6.24400450843929,0.0,0.0,0.0
2010-05-11 17:00:00,1.2068102487385919,0.1,230.0,5.247001081472138,0.0,0.0,0.0
2010-05-11 18:00:00,1.098750306324054,0.1,230.0,4.777175244887191,0.0,0.0,0.0
2010-05-11 19:00:00,0.5308864882686366,0.1,230.0,2.3082021229071157,0.0,0.0,0.0
2010-05-11 20:00:00,0.5580293003476823,0.1,230.0,2.426214349337749,0.0,0.0,0.0
2010-05-11 21:00:00,0.7727023341754431,0.1,230.0,3.3595753659801875,0.0,0.0,0.0
2010-05-11 22:00:00,0.5408023744902242,0.1,230.0,2.351314671696627,0.0,0.0,0.0
2010-05-11 23:00:00,0.804207335491609,0.1,230.0,3.496553632572213,0.0,0.0,0.0
2010-05-12 00:00:00,0.8156810301518422,0.1,230.0,3.546439261529749,0.0,0.0,0.0
2010-05-12 01:00:00,1.2917175807339807,0.1,230.0,5.616163394495568,0.0,0.0,0.0
2010-05-12 02:00:00,1.478748659445608,0.1,230.0,6.4293419975896,0.0,0.0,0.0
2010-05-12 03:00:00,1.6530616640808555,0.1,230.0,7.1872246264385025,0.0,0.0,0.0
2010-05-12 04:00:00,2.156551454422858,0.1,230.0,9.376310671403731,0.0,0.0,0.0
2010-05-12 05:00:00,2.415942257748527,0.1,230.0,10.50409677281968,0.0,0.0,0.0
2010-05-12 06:00:00,2.6640653618390386,0.1,230.0,11.582892877561038,0.0,0.0,0.0
2010-05-12 07:00:00,2.961699250754214,0.1,230.0,12.876953264148757,0.0,0.0,0.0
2010-05-12 08:00:00,3.117923907811938,0.1,230.0,13.556190903530164,0.0,0.0,0.0
2010-05-12 09:00:00,2.8632230491430826,0.1,230.0,12.448795865839491,0.0,0.0,0.0
2010-05-12 10:00:00,2.745030454640891,0.1,230.0,11.934915020177787,0.0,0.0,0.0
2010-05-12 11:00:00,2.7132064301603385,0.1,230.0,11.796549696349299,0.0,0.0,0.0
2010-05-12 12:00:00,2.677880704192553,0.1,230.0,11.642959583445885,0.0,0.0,0.0
2010-05-12 13:00:00,2.570211206294806,0.1,230.0,11.174831331716549,0.0,0.0,0.0
2010-05-12 14:00:00,2.1459286268777595,0.1,230.0,9.33012446468591,0.0,0.0,0.0
2010-05-12 15:00:00,1.7635651195332174,0.1,230.0,7.6676744327531186,0.0,0.0,0.0
2010-05-12 16:00:00,1.4792234664589696,0.1,230.0,6.431406375908564,0.0,0.0,0.0
2010-05-12 17:00:00,1.0237861970848943,0.1,230.0,4.451244335151714,0.0,0.0,0.0
2010-05-12 18:00:00,0.9602388039403418,0.1,230.0,4.174951321479747,0.0,0.0,0.0
2010-05-12 19:00:00,0.6934967288900523,0.1,230.0,3.015203169087184,0.0,0.0,0.0
2010-05-12 20:00:00,0.4503194898346462,0.1,230.0,1.957910825368027,0.0,0.0,0.0
2010-05-12 21:00:00,0.6141553799201479,0.1,230.0,2.6702407822615126,0.0,0.0,0.0
2010-05-12 22:00:00,0.5812078634739379,0.1,230.0,2.5269907107562517,0.0,0.0,0.0
2010-05-12 23:00:00,0.844477286737656,0.1,230.0,3.6716403771202435,0.0,0.0,0.0
2010-05-13 00:00:00,0.8589845423666561,0.1,230.0,3.734715401594157,0.0,0.0,0.0
2010-05-13 01:00:00,1.0046756992480033,0.1,230.0,4.368155214121754,0.0,0.0,0.0
2010-05-13 02:00:00,1.6280048401527765,0.1,230.0,7.078281913707724,0.0,0.0,0.0
2010-05-13 03:00:00,1.8322965510944325,0.1,230.0,7.966506743888837,0.0,0.0,0.0
2010-05-13 04:00:00,2.2730564149339374,0.1,230.0,9.88285397797364,0.0,0.0,0.0
2010-05-13 05:00:00,2.4340117396714582,0.1,230.0,10.582659737701992,0.0,0.0,0.0
2010-05-13 06:00:00,2.622220406624306,0.1,230.0,11.400958289670896,0.0,0.0,0.0
2010-05-13 07:00:00,2.9576541949729247,0.1,230.0,12.859366065099673,0.0,0.0,0.0
2010-05-13 08:00:00,3.058023153117123,0.1,230.0,13.295752839639665,0.0,0.0,0.0
2010-05-13 09:00:00,3.1418473142268497,0.1,230.0,13.660205714029782,0.0,0.0,0.0
2010-05-13 10:00:00,2.8543010266921955,0.1,230.0,12.410004463879112,0.0,0.0,0.0
2010-05-13 11:00:00,2.8460816289195714,0.1,230.0,12.374267951824223,0.0,0.0,0.0
2010-05-13 12:00:00,2.713498158704565,0.1,230.0,11.797818081324195,0.0,0.0,0.0
2010-05-13 13:00:00,2.407888488397171,0.1,230.0,10.469080384335525,0.0,0.0,0.0
2010-05-13 14:00:00,2.1462504987771784,0.1,230.0,9.331523907726863,0.0,0.0,0.0
2010-05-13 15:00:00,1.6878858268632058,0.1,230.0,7.3386340298400246,0.0,0.0,0.0
2010-05-13 16:00:00,1.636622043933732,0.1,230.0,7.115748017103182,0.0,0.0,0.0
2010-05-13 17:00:00,1.2484129549118412,0.1,230.0,5.427882412660179,0.0,0.0,0.0
2010-05-13 18:00:00,0.9193255045426342,0.1,230.0,3.997067411054931,0.0,0.0,0.0
2010-05-13 19:00:00,0.788777999238579,0.1,230.0,3.429469561906865,0.0,0.0,0.0
2010-05-13 20:00:00,0.5515516494393566,0.1,230.0,2.398050649736333,0.0,0.0,0.0
2010-05-13 21:00:00,0.5921388025049449,0.1,230.0,2.574516532630195,0.0,0.0,0.0
2010-05-13 22:00:00,0.636653496323186,0.1,230.0,2.768058679666026,0.0,0.0,0.0
2010-05-13 23:00:00,0.780897835055404,0.1,230.0,3.3952079785017566,0.0,0.0,0.0
2010-05-14 00:00:00,0.8303193135195007,0.1,230.0,3.6100839718239164,0.0,0.0,0.0
2010-05-14 01:00:00,1.1031506854427064,0.1,230.0,4.796307328011767,0.0,0.0,0.0
2010-05-14 02:00:00,1.6249223785374873,0.1,230.0,7.064879906684727,0.0,0.0,0.0
2010-05-14 03:00:00,1.861130906534223,0.1,230.0,8.091873506670535,0.0,0.0,0.0
2010-05-14 04:00:00,2.038191141536246,0.1,230.0,8.861700615374982,0.0,0.0,0.0
2010-05-14 05:00:00,2.5889739690472964,0.1,230.0,11.256408561075203,0.0,0.0,0.0
2010-05-14 06:00:00,2.511863478148935,0.1,230.0,10.921145557169282,0.0,0.0,0.0
2010-05-14 07:00:00,2.7472054742277714,0.1,230.0,11.944371627077267,0.0,0.0,0.0
2010-05-14 08:00:00,2.9160188220944008,0.1,230.0,12.678342704758265,0.0,0.0,0.0
2010-05-14 09:00:00,2.865258150160814,0.1,230.0,12.457644131133973,0.0,0.0,0.0
2010-05-14 10:00:00,2.9791781182053714,0.1,230.0,12.952948340023354,0.0,0.0,0.0
2010-05-14 11:00:00,2.82274139307918,0.1,230.0,12.272788665561652,0.0,0.0,0.0
2010-05-14 12:00:00,2.417104446671053,0.1,230.0,10.509149768135014,0.0,0.0,0.0
2010-05-14 13:00:00,2.34563807589416,0.1,230.0,10.198426416931131,0.0,0.0,0.0
2010-05-14 14:00:00,2.0486082314878105,0.1,230.0,8.906992310816566,0.0,0.0,0.0
2010-05-14 15:00:00,1.7814164841668858,0.1,230.0,7.745289061595155,0.0,0.0,0.0
2010-05-14 16:00:00,1.4624953481285183,0.1,230.0,6.358675426645732,0.0,0.0,0.0
2010-05-14 17:00:00,1.0975027038454148,0.1,230.0,4.771750886284412,0.0,0.0,0.0
2010-05-14 18:00:00,0.9690728920928392,0.1,230.0,4.213360400403649,0.0,0.0,0.0
2010-05-14 19:00:00,0.8816836287223997,0.1,230.0,3.833407081401738,0.0,0.0,0.0
2010-05-14 20:00:00,0.7096198715331046,0.1,230.0,3.0853037892743678,0.0,0.0,0.0
2010-05-14 21:00:00,0.7189582123376729,0.1,230.0,3.12590527103336,0.0,0.0,0.0
2010-05-14 22:00:00,0.5392589731802353,0.1,230.0,2.3446042312184145,0.0,0.0,0.0
2010-05-14 23:00:00,0.7848523679795466,0.1,230.0,3.412401599911072,0.0,0.0,0.0
2010-05-15 00:00:00,1.1511567827133427,0.1,230.0,5.0050294900580115,0.0,0.0,0.0
2010-05-15 01:00:00,1.5484981610846527,0.1,230.0,6.732600700368055,0.0,0.0,0.0
2010-05-15 02:00:00,1.7590831297525769,0.1,230.0,7.648187520663378,0.0,0.0,0.0
2010-05-15 03:00:00,2.310867085716505,0.1,230.0,10.047248198767413,0.0,0.0,0.0
2010-05-15 04:00:00,2.9007464011246347,0.1,230.0,12.611940874454934,0.0,0.0,0.0
2010-05-15 05:00:00,3.1668832351592635,0.1,230.0,13.769057544170712,0.0,0.0,0.0
2010-05-15 06:00:00,3.637251570183036,0.1,230.0,15.814137261665373,0.0,0.0,0.0
2010-05-15 07:00:00,3.6777592633929275,0.1,230.0,15.990257666925771,0.0,0.0,0.0
2010-05-15 08:00:00,3.807942217877826,0.1,230.0,16.556270512512288,0.0,0.0,0.0
2010-05-15 09:00:00,4.007800789754763,0.1,230.0,17.42522082502071,0.0,0.0,0.0
2010-05-15 10:00:00,3.986782186603512,0.1,230.0,17.333835593928313,0.0,0.0,0.0
2010-05-15 11:00:00,3.5571186913551327,0.1,230.0,15.46573344067449,0.0,0.0,0.0
2010-05-15 12:00:00,3.4969728133114883,0.1,230.0,15.204229623093427,0.0,0.0,0.0
2010-05-15 13:00:00,3.076265558031833,0.1,230.0,13.375067643616665,0.0,0.0,0.0
2010-05-15 14:00:00,2.6026432432068214,0.1,230.0,11.315840187855745,0.0,0.0,0.0
2010-05-15 15:00:00,2.276754746172004,0.1,230.0,9.898933679008714,0.0,0.0,0.0
2010-05-15 16:00:00,1.8957310470026543,0.1,230.0,8.24230890001154,0.0,0.0,0.0
2010-05-15 17:00:00,1.5423197183734458,0.1,230.0,6.705737905971503,0.0,0.0,0.0
2010-05-15 18:00:00,1.3533392869955894,0.1,230.0,5.884083856502563,0.0,0.0,0.0
2010-05-15 19:00:00,0.9839047268981107,0.1,230.0,4.277846638687437,0.0,0.0,0.0
2010-05-15 20:00:00,0.8795696579624707,0.1,230.0,3.824215904184655,0.0,0.0,0.0
2010-05-15 21:00:00,0.8000883296604253,0.1,230.0,3.4786449115670663,0.0,0.0,0.0
2010-05-15 22:00:00,0.9316201751404055,0.1,230.0,4.050522500610459,0.0,0.0,0.0
2010-05-15 23:00:00,0.966014851135754,0.1,230.0,4.200064570155452,0.0,0.0,0.0
2010-05-16 00:00:00,1.4312921283508808,0.1,230.0,6.223009253699482,0.0,0.0,0.0
2010-05-16 01:00:00,1.64145370828994,0.1,230.0,7.136755253434522,0.0,0.0,0.0
2010-05-16 02:00:00,2.059044165591042,0.1,230.0,8.952365937352356,0.0,0.0,0.0
2010-05-16 03:00:00,2.376645229444863,0.1,230.0,10.333240128021144,0.0,0.0,0.0
2010-05-16 04:00:00,2.782241924388238,0.1,230.0,12.096704019079295,0.0,0.0,0.0
2010-05-16 05:00:00,3.135818665778262,0.1,230.0,13.63399419903592,0.0,0.0,0.0
2010-05-16 06:00:00,3.533171279014651,0.1,230.0,15.361614256585439,0.0,0.0,0.0
2010-05-16 07:00:00,3.843917127601137,0.1,230.0,16.712683163483206,0.0,0.0,0.0
2010-05-16 08:00:00,3.8469806674812266,0.1,230.0,16.72600290209229,0.0,0.0,0.0
2010-05-16 09:00:00,3.8793213551828334,0.1,230.0,16.86661458775145,0.0,0.0,0.0
2010-05-16 10:00:00,3.858533117637245,0.1,230.0,16.77623094624889,0.0,0.0,0.0
2010-05-16 11:00:00,3.6752103350933725,0.1,230.0,15.979175369971186,0.0,0.0,0.0
2010-05-16 12:00:00,3.3615707614591988,0.1,230.0,14.615525049822603,0.0,0.0,0.0
2010-05-16 13:00:00,3.1094695678674094,0.1,230.0,13.519432903771344,0.0,0.0,0.0
2010-05-16 14:00:00,2.8207184990824006,0.1,230.0,12.263993474271308,0.0,0.0,0.0
2010-05-16 15:00:00,2.3289054325796177,0.1,230.0,10.125675793824426,0.0,0.0,0.0
2010-05-16 16:00:00,2.0363155515435607,0.1,230.0,8.853545876276351,0.0,0.0,0.0
2010-05-16 17:00:00,1.5446084886736713,0.1,230.0,6.715689081189875,0.0,0.0,0.0
2010-05-16 18:00:00,1.3862018017863065,0.1,230.0,6.026964355592637,0.0,0.0,0.0
2010-05-16 19:00:00,0.975286254799073,0.1,230.0,4.240375020865535,0.0,0.0,0.0
2010-05-16 20:00:00,0.8273158032653841,0.1,230.0,3.597025231588627,0.0,0.0,0.0
2010-05-16 21:00:00,0.8221022578783433,0.1,230.0,3.574357642949319,0.0,0.0,0.0
2010-05-16 22:00:00,0.7990802085789388,0.1,230.0,3.474261776430169,0.0,0.0,0.0
2010-05-16 23:00:00,0.9534915392435371,0.1,230.0,4.145615388015378,0.0,0.0,0.0
2010-05-17 00:00:00,1.0312378223244743,0.1,230.0,4.483642705758584,0.0,0.0,0.0
2010-05-17 01:00:00,1.3104202560787257,0.1,230.0,5.697479374255329,0.0,0.0,0.0
2010-05-17 02:00:00,1.5133951467372555,0.1,230.0,6.579978898857633,0.0,0.0,0.0
2010-05-17 03:00:00,1.7014876781015638,0.1,230.0,7.39777251348506,0.0,0.0,0.0
2010-05-17 04:00:00,1.9837971628529805,0.1,230.0,8.625205055882523,0.0,0.0,0.0
2010-05-17 05:00:00,2.45400512033816,0.1,230.0,10.66958747973113,0.0,0.0,0.0
2010-05-17 06:00:00,2.6070216710283445,0.1,230.0,11.334876830558018,0.0,0.0,0.0
2010-05-17 07:00:00,2.7765776481964974,0.1,230.0,12.07207673128912,0.0,0.0,0.0
2010-05-17 08:00:00,2.90549532774137,0.1,230.0,12.632588381484219,0.0,0.0,0.0
2010-05-17 09:00:00,3.0091518893294658,0.1,230.0,13.083269084041154,0.0,0.0,0.0
2010-05-17 10:00:00,2.9662543286640592,0.1,230.0,12.896757950713301,0.0,0.0,0.0
2010-05-17 11:00:00,2.8863370578784338,0.1,230.0,12.549291555993191,0.0,0.0,0.0
2010-05-17 12:00:00,2.7597439692767294,0.1,230.0,11.998886822942302,0.0,0.0,0.0
2010-05-17 13:00:00,2.4310149771083234,0.1,230.0,10.56963033525358,0.0,0.0,0.0
2010-05-17 14:00:00,2.113877261124158,0.1,230.0,9.190770700539817,0.0,0.0,0.0
2010-05-17 15:00:00,1.8308853497965432,0.1,230.0,7.960371086071927,0.0,0.0,0.0
2010-05-17 16:00:00,1.6635735051822738,0.1,230.0,7.23292828340119,0.0,0.0,0.0
2010-05-17 17:00:00,1.122460762561411,0.1,230.0,4.880264185049613,0.0,0.0,0.0
2010-05-17 18:00:00,0.9012263849912922,0.1,230.0,3.918375586918662,0.0,0.0,0.0
2010-05-17 19:00:00,0.7392668760458914,0.1,230.0,3.2142038088951796,0.0,0.0,0.0
2010-05-17 20:00:00,0.6509187519643485,0.1,230.0,2.830081530279776,0.0,0.0,0.0
2010-05-17 21:00:00,0.5072504977889021,0.1,230.0,2.2054369469082697,0.0,0.0,0.0
2010-05-17 22:00:00,0.7725868471326489,0.1,230.0,3.3590732484028214,0.0,0.0,0.0
2010-05-17 23:00:00,0.6301979760298995,0.1,230.0,2.7399912001299978,0.0,0.0,0.0
2010-05-18 00:00:00,0.8651459221659776,0.1,230.0,3.761504009417294,0.0,0.0,0.0
2010-05-18 01:00:00,1.1563420718179418,0.1,230.0,5.027574225295399,0.0,0.0,0.0
2010-05-18 02:00:00,1.3720110224276745,0.1,230.0,5.965265314902933,0.0,0.0,0.0
2010-05-18 03:00:00,1.816954142276815,0.1,230.0,7.899800618594848,0.0,0.0,0.0
2010-05-18 04:00:00,2.1634207244589843,0.1,230.0,9.406177062865149,0.0,0.0,0.0
2010-05-18 05:00:00,2.514664902858934,0.1,230.0,10.93332566460406,0.0,0.0,0.0
2010-05-18 06:00:00,2.655194718811279,0.1,230.0,11.544324864396865,0.0,0.0,0.0
2010-05-18 07:00:00,2.8091191305702736,0.1,230.0,12.21356143726206,0.0,0.0,0.0
2010-05-18 08:00:00,2.9197994596539414,0.1,230.0,12.694780259364963,0.0,0.0,0.0
2010-05-18 09:00:00,2.7913117289686973,0.1,230.0,12.136137952037815,0.0,0.0,0.0
2010-05-18 10:00:00,2.9904640474103523,0.1,230.0,13.002017597436314,0.0,0.0,0.0
2010-05-18 11:00:00,2.773836372084441,0.1,230.0,12.060158139497569,0.0,0.0,0.0
2010-05-18 12:00:00,2.5805577753948112,0.1,230.0,11.21981641476005,0.0,0.0,0.0
2010-05-18 13:00:00,2.433188718053869,0.1,230.0,10.57908138284291,0.0,0.0,0.0
2010-05-18 14:00:00,2.221862524425272,0.1,230.0,9.660271845327268,0.0,0.0,0.0
2010-05-18 15:00:00,1.8880674922122735,0.1,230.0,8.208989096575102,0.0,0.0,0.0
2010-05-18 16:00:00,1.526161554118289,0.1,230.0,6.635485017905604,0.0,0.0,0.0
2010-05-18 17:00:00,1.0068559966260673,0.1,230.0,4.377634767939423,0.0,0.0,0.0
2010-05-18 18:00:00,0.766200913239706,0.1,230.0,3.3313083184335044,0.0,0.0,0.0
2010-05-18 19:00:00,0.7150942932165842,0.1,230.0,3.109105622680801,0.0,0.0,0.0
2010-05-18 20:00:00,0.6754338695023874,0.1,230.0,2.936668997836467,0.0,0.0,0.0
2010-05-18 21:00:00,0.4121497147620695,0.1,230.0,1.7919552815742152,0.0,0.0,0.0
2010-05-18 22:00:00,0.5989539002069297,0.1,230.0,2.6041473922040423,0.0,0.0,0.0
2010-05-18 23:00:00,0.7690909516409032,0.1,230.0,3.3438737027865355,0.0,0.0,0.0
2010-05-19 00:00:00,0.7302365188647917,0.1,230.0,3.1749413863686597,0.0,0.0,0.0
2010-05-19 01:00:00,1.176173850633705,0.1,230.0,5.113799350581326,0.0,0.0,0.0
2010-05-19 02:00:00,1.5777036217250442,0.1,230.0,6.859580964021932,0.0,0.0,0.0
2010-05-19 03:00:00,1.7904652294354693,0.1,230.0,7.784631432328127,0.0,0.0,0.0
2010-05-19 04:00:00,2.086362588088197,0.1,230.0,9.071141687339988,0.0,0.0,0.0
2010-05-19 05:00:00,2.483148407623492,0.1,230.0,10.796297424449968,0.0,0.0,0.0
2010-05-19 06:00:00,2.5876521556229113,0.1,230.0,11.25066154618657,0.0,0.0,0.0
2010-05-19 07:00:00,2.722279080201732,0.1,230.0,11.835996000877094,0.0,0.0,0.0
2010-05-19 08:00:00,2.786870487016137,0.1,230.0,12.116828204417988,0.0,0.0,0.0
2010-05-19 09:00:00,3.1241082934408078,0.1,230.0,13.583079536699165,0.0,0.0,0.0
2010-05-19 10:00:00,2.952781471004707,0.1,230.0,12.838180308716119,0.0,0.0,0.0
2010-05-19 11:00:00,2.8156727948384233,0.1,230.0,12.242055629732274,0.0,0.0,0.0
2010-05-19 12:00:00,2.4372286906316885,0.1,230.0,10.596646481007342,0.0,0.0,0.0
2010-05-19 13:00:00,2.40732166345707,0.1,230.0,10.46661592807422,0.0,0.0,0.0
2010-05-19 14:00:00,1.8963771277936066,0.1,230.0,8.245117946928724,0.0,0.0,0.0
2010-05-19 15:00:00,1.6962065719911887,0.1,230.0,7.374811182570386,0.0,0.0,0.0
2010-05-19 16:00:00,1.3311857610576865,0.1,230.0,5.78776417851168,0.0,0.0,0.0
2010-05-19 17:00:00,1.0911178828063068,0.1,230.0,4.7439907948100295,0.0,0.0,0.0
2010-05-19 18:00:00,1.1340386282773651,0.1,230.0,4.930602731640718,0.0,0.0,0.0
2010-05-19 19:00:00,0.8732289126255792,0.1,230.0,3.7966474461981705,0.0,0.0,0.0
2010-05-19 20:00:00,0.5646838032951943,0.1,230.0,2.455146970848671,0.0,0.0,0.0
2010-05-19 21:00:00,0.47743969226280847,0.1,230.0,2.0758247489687327,0.0,0.0,0.0
2010-05-19 22:00:00,0.7121367008340376,0.1,230.0,3.096246525365381,0.0,0.0,0.0
2010-05-19 23:00:00,0.6351977971038181,0.1,230.0,2.761729552625296,0.0,0.0,0.0
2010-05-20 00:00:00,0.8693594712943051,0.1,230.0,3.779823788236109,0.0,0.0,0.0
2010-05-20 01:00:00,1.3356391359156774,0.1,230.0,5.807126677894249,0.0,0.0,0.0
2010-05-20 02:00:00,1.4736814336974249,0.1,230.0,6.407310581293151,0.0,0.0,0.0
2010-05-20 03:00:00,1.5599737905118665,0.1,230.0,6.782494741355941,0.0,0.0,0.0
2010-05-20 04:00:00,1.9970959489950375,0.1,230.0,8.683025865195816,0.0,0.0,0.0
2010-05-20 05:00:00,2.364750430402042,0.1,230.0,10.28152361044366,0.0,0.0,0.0
2010-05-20 06:00:00,2.649808765070778,0.1,230.0,11.520907674220775,0.0,0.0,0.0
2010-05-20 07:00:00,2.874986584170639,0.1,230.0,12.499941670307125,0.0,0.0,0.0
2010-05-20 08:00:00,3.0266429559154653,0.1,230.0,13.159317199632458,0.0,0.0,0.0
2010-05-20 09:00:00,2.9733731801226004,0.1,230.0,12.927709478793915,0.0,0.0,0.0
2010-05-20 10:00:00,3.080878704770733,0.1,230.0,13.395124803351015,0.0,0.0,0.0
2010-05-20 11:00:00,2.946234933421389,0.1,230.0,12.809717101832126,0.0,0.0,0.0
2010-05-20 12:00:00,2.577110072521354,0.1,230.0,11.204826402266757,0.0,0.0,0.0
2010-05-20 13:00:00,2.427073554665102,0.1,230.0,10.552493715935224,0.0,0.0,0.0
2010-05-20 14:00:00,2.2246787435024427,0.1,230.0,9.672516276097577,0.0,0.0,0.0
2010-05-20 15:00:00,1.7787297179127577,0.1,230.0,7.733607469185903,0.0,0.0,0.0
2010-05-20 16:00:00,1.5548685906225779,0.1,230.0,6.760298220098164,0.0,0.0,0.0
2010-05-20 17:00:00,1.1633526770648748,0.1,230.0,5.058055117673368,0.0,0.0,0.0
2010-05-20 18:00:00,0.8625193942253634,0.1,230.0,3.7500843227189713,0.0,0.0,0.0
2010-05-20 19:00:00,0.7364295454372368,0.1,230.0,3.201867588857551,0.0,0.0,0.0
2010-05-20 20:00:00,0.6867097540864217,0.1,230.0,2.985694582984442,0.0,0.0,0.0
2010-05-20 21:00:00,0.506943428190324,0.1,230.0,2.204101861697061,0.0,0.0,0.0
2010-05-20 22:00:00,0.6358001654601165,0.1,230.0,2.7643485454787675,0.0,0.0,0.0
2010-05-20 23:00:00,0.7124167672084324,0.1,230.0,3.0974642052540537,0.0,0.0,0.0
2010-05-21 00:00:00,0.8951689721001432,0.1,230.0,3.8920390091310577,0.0,0.0,0.0
2010-05-21 01:00:00,1.2617361459648655,0.1,230.0,5.485809330282024,0.0,0.0,0.0
2010-05-21 02:00:00,1.4743540910361053,0.1,230.0,6.410235178417849,0.0,0.0,0.0
2010-05-21 03:00:00,1.7362153670597464,0.1,230.0,7.548762465477159,0.0,0.0,0.0
2010-05-21 04:00:00,2.15571264848086,0.1,230.0,9.372663689047217,0.0,0.0,0.0
2010-05-21 05:00:00,2.38358981103927,0.1,230.0,10.363433961040304,0.0,0.0,0.0
2010-05-21 06:00:00,2.8417543704893102,0.1,230.0,12.355453784736131,0.0,0.0,0.0
2010-05-21 07:00:00,2.9554594384623654,0.1,230.0,12.849823645488543,0.0,0.0,0.0
2010-05-21 08:00:00,2.8820823229372974,0.1,230.0,12.530792708423032,0.0,0.0,0.0
2010-05-21 09:00:00,2.8729702609140753,0.1,230.0,12.491175047452503,0.0,0.0,0.0
2010-05-21 10:00:00,2.977594923758744,0.1,230.0,12.946064885907582,0.0,0.0,0.0
2010-05-21 11:00:00,2.8943052724517533,0.1,230.0,12.583935967181537,0.0,0.0,0.0
2010-05-21 12:00:00,2.8209601318327806,0.1,230.0,12.265044051446871,0.0,0.0,0.0
2010-05-21 13:00:00,2.413492280985777,0.1,230.0,10.493444699938161,0.0,0.0,0.0
2010-05-21 14:00:00,2.129574632397512,0.1,230.0,9.259020140858746,0.0,0.0,0.0
2010-05-21 15:00:00,1.7417071051225792,0.1,230.0,7.5726395874894745,0.0,0.0,0.0
2010-05-21 16:00:00,1.6380903172852712,0.1,230.0,7.1221318142837875,0.0,0.0,0.0
2010-05-21 17:00:00,1.2745568747471325,0.1,230.0,5.541551629335359,0.0,0.0,0.0
2010-05-21 18:00:00,1.0125946093360492,0.1,230.0,4.402585257982823,0.0,0.0,0.0
2010-05-21 19:00:00,0.9749087092921996,0.1,230.0,4.238733518661737,0.0,0.0,0.0
2010-05-21 20:00:00,0.7718422953648475,0.1,230.0,3.355836066803685,0.0,0.0,0.0
2010-05-21 21:00:00,0.4580619567378754,0.1,230.0,1.9915737249472845,0.0,0.0,0.0
2010-05-21 22:00:00,0.6628585192645444,0.1,230.0,2.8819935620197583,0.0,0.0,0.0
2010-05-21 23:00:00,0.9088629220393488,0.1,230.0,3.9515779219102125,0.0,0.0,0.0
2010-05-22 00:00:00,1.1204080217900116,0.1,230.0,4.871339225173964,0.0,0.0,0.0
2010-05-22 01:00:00,1.3630521606350205,0.1,230.0,5.926313741891394,0.0,0.0,0.0
2010-05-22 02:00:00,1.9946805717936353,0.1,230.0,8.672524225189719,0.0,0.0,0.0
2010-05-22 03:00:00,2.3742142043585983,0.1,230.0,10.322670453733036,0.0,0.0,0.0
2010-05-22 04:00:00,2.791969998965885,0.1,230.0,12.138999995503848,0.0,0.0,0.0
2010-05-22 05:00:00,2.9688004989958605,0.1,230.0,12.907828256503741,0.0,0.0,0.0
2010-05-22 06:00:00,3.4920526444335396,0.1,230.0,15.182837584493651,0.0,0.0,0.0
2010-05-22 07:00:00,3.695489711140847,0.1,230.0,16.067346570177595,0.0,0.0,0.0
2010-05-22 08:00:00,3.792258266795796,0.1,230.0,16.488079420851285,0.0,0.0,0.0
2010-05-22 09:00:00,3.9111892073965064,0.1,230.0,17.005170466941333,0.0,0.0,0.0
2010-05-22 10:00:00,3.8321056513139586,0.1,230.0,16.661328918756343,0.0,0.0,0.0
2010-05-22 11:00:00,3.580568574845132,0.1,230.0,15.5676894558484,0.0,0.0,0.0
2010-05-22 12:00:00,3.5264674887655754,0.1,230.0,15.332467342459024,0.0,0.0,0.0
2010-05-22 13:00:00,3.0117262635326334,0.1,230.0,13.094462015359275,0.0,0.0,0.0
2010-05-22 14:00:00,2.7579596822388934,0.1,230.0,11.99112905321258,0.0,0.0,0.0
2010-05-22 15:00:00,2.3012121802595793,0.1,230.0,10.005270348954692,0.0,0.0,0.0
2010-05-22 16:00:00,2.03548741223282,0.1,230.0,8.849945270577479,0.0,0.0,0.0
2010-05-22 17:00:00,1.4406981191202421,0.1,230.0,6.263904865740184,0.0,0.0,0.0
2010-05-22 18:00:00,1.3543459511213645,0.1,230.0,5.888460657049412,0.0,0.0,0.0
2010-05-22 19:00:00,0.9196933700340129,0.1,230.0,3.998666826234839,0.0,0.0,0.0
2010-05-22 20:00:00,0.695124175309509,0.1,230.0,3.0222790230848213,0.0,0.0,0.0
2010-05-22 21:00:00,0.8721795558221797,0.1,230.0,3.7920850253138245,0.0,0.0,0.0
2010-05-22 22:00:00,0.9342856238165155,0.1,230.0,4.062111407897893,0.0,0.0,0.0
2010-05-22 23:00:00,1.1501488060127059,0.1,230.0,5.000646982663938,0.0,0.0,0.0
2010-05-23 00:00:00,1.2786345281749913,0.1,230.0,5.559280557282571,0.0,0.0,0.0
2010-05-23 01:00:00,1.4263723485684452,0.1,230.0,6.201618906819327,0.0,0.0,0.0
2010-05-23 02:00:00,1.8786458376511135,0.1,230.0,8.168025381091798,0.0,0.0,0.0
2010-05-23 03:00:00,2.301977856231267,0.1,230.0,10.008599374918553,0.0,0.0,0.0
2010-05-23 04:00:00,2.720994724340959,0.1,230.0,11.83041184496069,0.0,0.0,0.0
2010-05-23 05:00:00,3.1982632913713687,0.1,230.0,13.905492571179863,0.0,0.0,0.0
2010-05-23 06:00:00,3.532899865958325,0.1,230.0,15.360434199818803,0.0,0.0,0.0
2010-05-23 07:00:00,3.706163912787859,0.1,230.0,16.11375614255591,0.0,0.0,0.0
2010-05-23 08:00:00,3.888215372020883,0.1,230.0,16.905284226177752,0.0,0.0,0.0
2010-05-23 09:00:00,3.809964236851637,0.1,230.0,16.565061899354944,0.0,0.0,0.0
2010-05-23 10:00:00,4.0060304499403765,0.1,230.0,17.41752369539294,0.0,0.0,0.0
2010-05-23 11:00:00,3.611263901319405,0.1,230.0,15.70114739704089,0.0,0.0,0.0
2010-05-23 12:00:00,3.409614727625656,0.1,230.0,14.824411859241984,0.0,0.0,0.0
2010-05-23 13:00:00,3.041791899215184,0.1,230.0,13.2251821705008,0.0,0.0,0.0
2010-05-23 14:00:00,2.896016023134183,0.1,230.0,12.591374013626883,0.0,0.0,0.0
2010-05-23 15:00:00,2.2735437239863456,0.1,230.0,9.88497271298411,0.0,0.0,0.0
2010-05-23 16:00:00,1.8988441823484106,0.1,230.0,8.255844271080047,0.0,0.0,0.0
2010-05-23 17:00:00,1.5748452157754786,0.1,230.0,6.847153112067298,0.0,0.0,0.0
2010-05-23 18:00:00,1.1834079383237583,0.1,230.0,5.145251905755471,0.0,0.0,0.0
2010-05-23 19:00:00,0.8138939592218377,0.1,230.0,3.5386693879210336,0.0,0.0,0.0
2010-05-23 20:00:00,0.8183614885894299,0.1,230.0,3.5580934286496952,0.0,0.0,0.0
2010-05-23 21:00:00,0.7711857360171805,0.1,230.0,3.352981460944263,0.0,0.0,0.0
2010-05-23 22:00:00,0.9614273740493171,0.1,230.0,4.180119017605726,0.0,0.0,0.0
2010-05-23 23:00:00,0.8864330620460603,0.1,230.0,3.85405679150461,0.0,0.0,0.0
2010-05-24 00:00:00,1.2112808408454099,0.1,230.0,5.266438438458303,0.0,0.0,0.0
2010-05-24 01:00:00,1.1501865596064416,0.1,230.0,5.000811128723659,0.0,0.0,0.0
2010-05-24 02:00:00,1.5272905637403589,0.1,230.0,6.640393755392865,0.0,0.0,0.0
2010-05-24 03:00:00,1.7282941076387999,0.1,230.0,7.514322207125217,0.0,0.0,0.0
2010-05-24 04:00:00,2.025341690392752,0.1,230.0,8.805833436490225,0.0,0.0,0.0
2010-05-24 05:00:00,2.355755778200418,0.1,230.0,10.242416426958341,0.0,0.0,0.0
2010-05-24 06:00:00,2.5482523497305003,0.1,230.0,11.079358042306522,0.0,0.0,0.0
2010-05-24 07:00:00,2.846215833612875,0.1,230.0,12.37485145049076,0.0,0.0,0.0
2010-05-24 08:00:00,2.9305632044245895,0.1,230.0,12.741579149672129,0.0,0.0,0.0
2010-05-24 09:00:00,2.921553848522832,0.1,230.0,12.70240803705579,0.0,0.0,0.0
2010-05-24 10:00:00,2.907219678423537,0.1,230.0,12.640085558363205,0.0,0.0,0.0
2010-05-24 11:00:00,2.9136685070394126,0.1,230.0,12.66812394364962,0.0,0.0,0.0
2010-05-24 12:00:00,2.5694785946809358,0.1,230.0,11.171646063830154,0.0,0.0,0.0
2010-05-24 13:00:00,2.362693913438672,0.1,230.0,10.272582232342053,0.0,0.0,0.0
2010-05-24 14:00:00,2.061593618932522,0.1,230.0,8.963450517097922,0.0,0.0,0.0
2010-05-24 15:00:00,1.5914409398066847,0.1,230.0,6.919308433942107,0.0,0.0,0.0
2010-05-24 16:00:00,1.5501421077681754,0.1,230.0,6.739748294644241,0.0,0.0,0.0
2010-05-24 17:00:00,1.3317683899392572,0.1,230.0,5.790297347561987,0.0,0.0,0.0
2010-05-24 18:00:00,0.8928978938492125,0.1,230.0,3.882164755866141,0.0,0.0,0.0
2010-05-24 19:00:00,0.8052339348781508,0.1,230.0,3.5010171081658727,0.0,0.0,0.0
2010-05-24 20:00:00,0.639298817603017,0.1,230.0,2.7795600765348567,0.0,0.0,0.0
2010-05-24 21:00:00,0.6428916111167892,0.1,230.0,2.795180917899083,0.0,0.0,0.0
2010-05-24 22:00:00,0.5687311657214662,0.1,230.0,2.4727441987889835,0.0,0.0,0.0
2010-05-24 23:00:00,0.6475035633441002,0.1,230.0,2.815232884104783,0.0,0.0,0.0
2010-05-25 00:00:00,0.8989897571802803,0.1,230.0,3.9086511181751318,0.0,0.0,0.0
2010-05-25 01:00:00,1.2970745349978599,0.1,230.0,5.639454499990696,0.0,0.0,0.0
2010-05-25 02:00:00,1.4956690395132273,0.1,230.0,6.502908867448815,0.0,0.0,0.0
2010-05-25 03:00:00,1.6525110244095533,0.1,230.0,7.1848305409111015,0.0,0.0,0.0
2010-05-25 04:00:00,2.040859798914524,0.1,230.0,8.873303473541409,0.0,0.0,0.0
2010-05-25 05:00:00,2.383492637963679,0.1,230.0,10.3630114694073,0.0,0.0,0.0
2010-05-25 06:00:00,2.7175571186695966,0.1,230.0,11.815465733346072,0.0,0.0,0.0
2010-05-25 07:00:00,2.9189923372926487,0.1,230.0,12.691271031707169,0.0,0.0,0.0
2010-05-25 08:00:00,2.807757011000016,0.1,230.0,12.207639178260939,0.0,0.0,0.0
2010-05-25 09:00:00,2.975112782034365,0.1,230.0,12.935272965366805,0.0,0.0,0.0
2010-05-25 10:00:00,3.1211611560928456,0.1,230.0,13.570265896055849,0.0,0.0,0.0
2010-05-25 11:00:00,2.7877325829814787,0.1,230.0,12.12057644774556,0.0,0.0,0.0
2010-05-25 12:00:00,2.627194962911171,0.1,230.0,11.42258679526596,0.0,0.0,0.0
2010-05-25 13:00:00,2.5731790476875025,0.1,230.0,11.187734989945664,0.0,0.0,0.0
2010-05-25 14:00:00,2.270106650772446,0.1,230.0,9.870028916401939,0.0,0.0,0.0
2010-05-25 15:00:00,1.630001163320307,0.1,230.0,7.086961579653509,0.0,0.0,0.0
2010-05-25 16:00:00,1.5052799167614337,0.1,230.0,6.544695290267103,0.0,0.0,0.0
2010-05-25 17:00:00,1.061749650647335,0.1,230.0,4.616302828901456,0.0,0.0,0.0
2010-05-25 18:00:00,1.021580054430178,0.1,230.0,4.441652410565991,0.0,0.0,0.0
2010-05-25 19:00:00,0.6181372054309775,0.1,230.0,2.6875530670912062,0.0,0.0,0.0
2010-05-25 20:00:00,0.6457436991194198,0.1,230.0,2.807581300519216,0.0,0.0,0.0
2010-05-25 21:00:00,0.5135573953681152,0.1,230.0,2.2328582407309354,0.0,0.0,0.0
2010-05-25 22:00:00,0.4933034534485329,0.1,230.0,2.144797623689273,0.0,0.0,0.0
2010-05-25 23:00:00,0.6383314628853073,0.1,230.0,2.7753541864578577,0.0,0.0,0.0
2010-05-26 00:00:00,1.0379165124724556,0.1,230.0,4.512680489010677,0.0,0.0,0.0
2010-05-26 01:00:00,1.0339851108814078,0.1,230.0,4.495587438614816,0.0,0.0,0.0
2010-05-26 02:00:00,1.5724047803374335,0.1,230.0,6.836542523206233,0.0,0.0,0.0
2010-05-26 03:00:00,1.8017578709337696,0.1,230.0,7.833729873625086,0.0,0.0,0.0
2010-05-26 04:00:00,2.0609512252154367,0.1,230.0,8.960657500936682,0.0,0.0,0.0
2010-05-26 05:00:00,2.406840734215549,0.1,230.0,10.464524931371953,0.0,0.0,0.0
2010-05-26 06:00:00,2.554766238609473,0.1,230.0,11.107679298302056,0.0,0.0,0.0
2010-05-26 07:00:00,2.6949088417638407,0.1,230.0,11.716994964190613,0.0,0.0,0.0
2010-05-26 08:00:00,3.0101326890810314,0.1,230.0,13.087533430787094,0.0,0.0,0.0
2010-05-26 09:00:00,3.102100323194666,0.1,230.0,13.487392709542027,0.0,0.0,0.0
2010-05-26 10:00:00,2.971803535519118,0.1,230.0,12.920884937039643,0.0,0.0,0.0
2010-05-26 11:00:00,2.8876443083589307,0.1,230.0,12.554975253734481,0.0,0.0,0.0
2010-05-26 12:00:00,2.67767579243307,0.1,230.0,11.642068662752479,0.0,0.0,0.0
2010-05-26 13:00:00,2.38918667297874,0.1,230.0,10.387768143385825,0.0,0.0,0.0
2010-05-26 14:00:00,1.9820776847972985,0.1,230.0,8.61772906433608,0.0,0.0,0.0
2010-05-26 15:00:00,1.86083366255244,0.1,230.0,8.090581141532349,0.0,0.0,0.0
2010-05-26 16:00:00,1.6311982586767102,0.1,230.0,7.092166342072653,0.0,0.0,0.0
2010-05-26 17:00:00,1.279081198225573,0.1,230.0,5.561222600980752,0.0,0.0,0.0
2010-05-26 18:00:00,0.9065049718466458,0.1,230.0,3.941325964550634,0.0,0.0,0.0
2010-05-26 19:00:00,0.7733779552848776,0.1,230.0,3.3625128490646854,0.0,0.0,0.0
2010-05-26 20:00:00,0.6226840370897153,0.1,230.0,2.7073219003900664,0.0,0.0,0.0
2010-05-26 21:00:00,0.5366523567262684,0.1,230.0,2.333271116201167,0.0,0.0,0.0
2010-05-26 22:00:00,0.6746312853559573,0.1,230.0,2.9331795015476403,0.0,0.0,0.0
2010-05-26 23:00:00,0.8335234962708933,0.1,230.0,3.6240152011777966,0.0,0.0,0.0
2010-05-27 00:00:00,1.0861122205936258,0.1,230.0,4.722227046059243,0.0,0.0,0.0
2010-05-27 01:00:00,1.230912311004195,0.1,230.0,5.3517926565399785,0.0,0.0,0.0
2010-05-27 02:00:00,1.451504692798593,0.1,230.0,6.310889968689535,0.0,0.0,0.0
2010-05-27 03:00:00,1.605531768557473,0.1,230.0,6.980572906771622,0.0,0.0,0.0
2010-05-27 04:00:00,2.1378652213653124,0.1,230.0,9.295066179849183,0.0,0.0,0.0
2010-05-27 05:00:00,2.2376880450229257,0.1,230.0,9.729078456621416,0.0,0.0,0.0
2010-05-27 06:00:00,2.851236802704407,0.1,230.0,12.396681750888726,0.0,0.0,0.0
2010-05-27 07:00:00,2.7712846755128844,0.1,230.0,12.049063806577758,0.0,0.0,0.0
2010-05-27 08:00:00,2.873529492878342,0.1,230.0,12.493606490775402,0.0,0.0,0.0
2010-05-27 09:00:00,2.9237362616793052,0.1,230.0,12.711896789910023,0.0,0.0,0.0
2010-05-27 10:00:00,3.2052846590602133,0.1,230.0,13.936020256783538,0.0,0.0,0.0
2010-05-27 11:00:00,2.889498647106982,0.1,230.0,12.563037596117313,0.0,0.0,0.0
2010-05-27 12:00:00,2.5940176238641337,0.1,230.0,11.278337495061452,0.0,0.0,0.0
2010-05-27 13:00:00,2.5468009100118745,0.1,230.0,11.073047434834237,0.0,0.0,0.0
2010-05-27 14:00:00,2.2009746357079893,0.1,230.0,9.569454937860824,0.0,0.0,0.0
2010-05-27 15:00:00,1.8459048402717237,0.1,230.0,8.025673218572711,0.0,0.0,0.0
2010-05-27 16:00:00,1.4568801873807462,0.1,230.0,6.334261684264114,0.0,0.0,0.0
2010-05-27 17:00:00,1.1758769652567553,0.1,230.0,5.112508544594588,0.0,0.0,0.0
2010-05-27 18:00:00,0.9665583958560255,0.1,230.0,4.202427808069676,0.0,0.0,0.0
2010-05-27 19:00:00,0.7739765651221272,0.1,230.0,3.365115500530988,0.0,0.0,0.0
2010-05-27 20:00:00,0.6840497883334227,0.1,230.0,2.9741295144931423,0.0,0.0,0.0
2010-05-27 21:00:00,0.6312187182040448,0.1,230.0,2.744429209582804,0.0,0.0,0.0
2010-05-27 22:00:00,0.637980154345381,0.1,230.0,2.7738267580233957,0.0,0.0,0.0
2010-05-27 23:00:00,0.8207496823304347,0.1,230.0,3.568476879697542,0.0,0.0,0.0
2010-05-28 00:00:00,1.0416632111133652,0.1,230.0,4.528970483101587,0.0,0.0,0.0
2010-05-28 01:00:00,1.214401284116002,0.1,230.0,5.280005583113052,0.0,0.0,0.0
2010-05-28 02:00:00,1.4360810748045143,0.1,230.0,6.243830760019628,0.0,0.0,0.0
2010-05-28 03:00:00,1.7312188444572627,0.1,230.0,7.527038454162012,0.0,0.0,0.0
2010-05-28 04:00:00,2.0679404083596347,0.1,230.0,8.991045253737541,0.0,0.0,0.0
2010-05-28 05:00:00,2.3246896616257033,0.1,230.0,10.10734635489436,0.0,0.0,0.0
2010-05-28 06:00:00,2.5748754591240988,0.1,230.0,11.195110691843906,0.0,0.0,0.0
2010-05-28 07:00:00,2.9566345010437547,0.1,230.0,12.854932613233716,0.0,0.0,0.0
2010-05-28 08:00:00,2.9933216364570217,0.1,230.0,13.014441897639225,0.0,0.0,0.0
2010-05-28 09:00:00,3.2402612361294505,0.1,230.0,14.088092330997611,0.0,0.0,0.0
2010-05-28 10:00:00,3.000710361942585,0.1,230.0,13.046566791054719,0.0,0.0,0.0
2010-05-28 11:00:00,2.882045024155615,0.1,230.0,12.530630539807023,0.0,0.0,0.0
2010-05-28 12:00:00,2.5704064811141603,0.1,230.0,11.175680352670263,0.0,0.0,0.0
2010-05-28 13:00:00,2.3425119756822324,0.1,230.0,10.184834676879271,0.0,0.0,0.0
2010-05-28 14:00:00,2.1146053970707728,0.1,230.0,9.19393650900336,0.0,0.0,0.0
2010-05-28 15:00:00,1.7827451840424402,0.1,230.0,7.751066017575827,0.0,0.0,0.0
2010-05-28 16:00:00,1.4913579284566814,0.1,230.0,6.484164906333397,0.0,0.0,0.0
2010-05-28 17:00:00,1.2135514292710152,0.1,230.0,5.276310562047892,0.0,0.0,0.0
2010-05-28 18:00:00,0.8988872336034386,0.1,230.0,3.9082053634932112,0.0,0.0,0.0
2010-05-28 19:00:00,0.8267277167923293,0.1,230.0,3.5944683338796923,0.0,0.0,0.0
2010-05-28 20:00:00,0.8365213888540753,0.1,230.0,3.637049516756849,0.0,0.0,0.0
2010-05-28 21:00:00,0.5712982375788298,0.1,230.0,2.4839053807775207,0.0,0.0,0.0
2010-05-28 22:00:00,0.4885968683048971,0.1,230.0,2.1243342100212916,0.0,0.0,0.0
2010-05-28 23:00:00,0.8203569755717831,0.1,230.0,3.5667694590077526,0.0,0.0,0.0
2010-05-29 00:00:00,1.4080571524466534,0.1,230.0,6.121987619333275,0.0,0.0,0.0
2010-05-29 01:00:00,1.4487414164938188,0.1,230.0,6.298875723886169,0.0,0.0,0.0
2010-05-29 02:00:00,1.944493074884728,0.1,230.0,8.454317716890122,0.0,0.0,0.0
2010-05-29 03:00:00,2.1906324746481025,0.1,230.0,9.52448902020914,0.0,0.0,0.0
2010-05-29 04:00:00,2.825916432574644,0.1,230.0,12.286593185107149,0.0,0.0,0.0
2010-05-29 05:00:00,3.1540051230022086,0.1,230.0,13.713065752183516,0.0,0.0,0.0
2010-05-29 06:00:00,3.3624523744258066,0.1,230.0,14.61935814967742,0.0,0.0,0.0
2010-05-29 07:00:00,3.884760943429023,0.1,230.0,16.890264971430536,0.0,0.0,0.0
2010-05-29 08:00:00,3.760160702202979,0.1,230.0,16.348524792186865,0.0,0.0,0.0
2010-05-29 09:00:00,4.111863871468043,0.1,230.0,17.877669006382796,0.0,0.0,0.0
2010-05-29 10:00:00,4.0557748084536875,0.1,230.0,17.633803515016034,0.0,0.0,0.0
2010-05-29 11:00:00,3.6949262368435702,0.1,230.0,16.064896681928566,0.0,0.0,0.0
2010-05-29 12:00:00,3.51668840949496,0.1,230.0,15.289949606499826,0.0,0.0,0.0
2010-05-29 13:00:00,3.1960413550788696,0.1,230.0,13.89583197860378,0.0,0.0,0.0
2010-05-29 14:00:00,2.7698397146442555,0.1,230.0,12.0427813680185,0.0,0.0,0.0
2010-05-29 15:00:00,2.4122967258762142,0.1,230.0,10.48824663424441,0.0,0.0,0.0
2010-05-29 16:00:00,1.9087747539965583,0.1,230.0,8.299020669550254,0.0,0.0,0.0
2010-05-29 17:00:00,1.645177839604579,0.1,230.0,7.152947128715561,0.0,0.0,0.0
2010-05-29 18:00:00,1.1414739866368508,0.1,230.0,4.96293037668196,0.0,0.0,0.0
2010-05-29 19:00:00,0.9372175418369383,0.1,230.0,4.074858877551906,0.0,0.0,0.0
2010-05-29 20:00:00,0.8129905472723715,0.1,230.0,3.534741509879876,0.0,0.0,0.0
2010-05-29 21:00:00,0.790560708359102,0.1,230.0,3.4372204711265306,0.0,0.0,0.0
2010-05-29 22:00:00,0.6805836227706532,0.1,230.0,2.9590592294376226,0.0,0.0,0.0
2010-05-29 23:00:00,1.0225281047388857,0.1,230.0,4.445774368429937,0.0,0.0,0.0
2010-05-30 00:00:00,1.1786749143353823,0.1,230.0,5.124673540588619,0.0,0.0,0.0
2010-05-30 01:00:00,1.7292028392718728,0.1,230.0,7.518273214225534,0.0,0.0,0.0
2010-05-30 02:00:00,1.9901651023680633,0.1,230.0,8.652891749426363,0.0,0.0,0.0
2010-05-30 03:00:00,2.265916542007825,0.1,230.0,9.851811052207935,0.0,0.0,0.0
2010-05-30 04:00:00,2.8357997525598075,0.1,230.0,12.329564141564381,0.0,0.0,0.0
2010-05-30 05:00:00,3.0479730460511396,0.1,230.0,13.252056721961477,0.0,0.0,0.0
2010-05-30 06:00:00,3.597145306993302,0.1,230.0,15.639762204318705,0.0,0.0,0.0
2010-05-30 07:00:00,3.6981879450470965,0.1,230.0,16.079078021943896,0.0,0.0,0.0
2010-05-30 08:00:00,3.890200134041528,0.1,230.0,16.913913626267515,0.0,0.0,0.0
2010-05-30 09:00:00,4.045018513822481,0.1,230.0,17.587037016619483,0.0,0.0,0.0
2010-05-30 10:00:00,3.927114056853566,0.1,230.0,17.07440894284159,0.0,0.0,0.0
2010-05-30 11:00:00,3.5736578949668067,0.1,230.0,15.537643021594812,0.0,0.0,0.0
2010-05-30 12:00:00,3.4494784187089254,0.1,230.0,14.997732255256198,0.0,0.0,0.0
2010-05-30 13:00:00,3.041562493099325,0.1,230.0,13.22418475260576,0.0,0.0,0.0
2010-05-30 14:00:00,2.6275607412064677,0.1,230.0,11.424177135680296,0.0,0.0,0.0
2010-05-30 15:00:00,2.265486342020607,0.1,230.0,9.8499406174809,0.0,0.0,0.0
2010-05-30 16:00:00,1.9032220819796173,0.1,230.0,8.274878617302685,0.0,0.0,0.0
2010-05-30 17:00:00,1.647967195526146,0.1,230.0,7.165074763157156,0.0,0.0,0.0
2010-05-30 18:00:00,1.1041153930216587,0.1,230.0,4.80050170878982,0.0,0.0,0.0
2010-05-30 19:00:00,1.0179735422442124,0.1,230.0,4.425971922800923,0.0,0.0,0.0
2010-05-30 20:00:00,0.7519500237866155,0.1,230.0,3.269347929507024,0.0,0.0,0.0
2010-05-30 21:00:00,0.8659478826167315,0.1,230.0,3.764990793985789,0.0,0.0,0.0
2010-05-30 22:00:00,0.8980810973402555,0.1,230.0,3.904700423218502,0.0,0.0,0.0
2010-05-30 23:00:00,0.8159114723988709,0.1,230.0,3.5474411843429166,0.0,0.0,0.0
2010-05-31 00:00:00,0.8756275442174327,0.1,230.0,3.807076279206229,0.0,0.0,0.0
2010-05-31 01:00:00,1.2615032639945922,0.1,230.0,5.484796799976488,0.0,0.0,0.0
2010-05-31 02:00:00,1.5136694414760474,0.1,230.0,6.5811714846784675,0.0,0.0,0.0
2010-05-31 03:00:00,1.8316540197142848,0.1,230.0,7.963713129192542,0.0,0.0,0.0
2010-05-31 04:00:00,2.0936620424589587,0.1,230.0,9.102878445473733,0.0,0.0,0.0
2010-05-31 05:00:00,2.2875772828389236,0.1,230.0,9.945988186256189,0.0,0.0,0.0
2010-05-31 06:00:00,2.712449158355245,0.1,230.0,11.793257210240196,0.0,0.0,0.0
2010-05-31 07:00:00,2.8549737467701766,0.1,230.0,12.412929333783376,0.0,0.0,0.0
2010-05-31 08:00:00,2.9579298735319184,0.1,230.0,12.860564667530081,0.0,0.0,0.0
2010-05-31 09:00:00,2.9805335448246155,0.1,230.0,12.958841499237458,0.0,0.0,0.0
2010-05-31 10:00:00,2.7463291908905014,0.1,230.0,11.94056169952392,0.0,0.0,0.0
2010-05-31 11:00:00,2.9095367356633584,0.1,230.0,12.650159720275472,0.0,0.0,0.0
2010-05-31 12:00:00,2.6649756337341546,0.1,230.0,11.586850581452847,0.0,0.0,0.0
2010-05-31 13:00:00,2.6423655478339207,0.1,230.0,11.48854586014748,0.0,0.0,0.0
2010-05-31 14:00:00,2.1226827455087443,0.1,230.0,9.22905541525541,0.0,0.0,0.0
2010-05-31 15:00:00,1.8122230992748676,0.1,230.0,7.879230866412468,0.0,0.0,0.0
2010-05-31 16:00:00,1.5603208424987187,0.1,230.0,6.7840036630379075,0.0,0.0,0.0
2010-05-31 17:00:00,1.2632993490784736,0.1,230.0,5.4926058655585805,0.0,0.0,0.0
2010-05-31 18:00:00,1.1769033956153876,0.1,230.0,5.1169712852842935,0.0,0.0,0.0
2010-05-31 19:00:00,0.7716504405839728,0.1,230.0,3.3550019155824904,0.0,0.0,0.0
2010-05-31 20:00:00,0.6432950835306622,0.1,230.0,2.796935145785488,0.0,0.0,0.0
2010-05-31 21:00:00,0.7426631965483254,0.1,230.0,3.2289704197753277,0.0,0.0,0.0
2010-05-31 22:00:00,0.6383179032540163,0.1,230.0,2.7752952315392014,0.0,0.0,0.0
2010-05-31 23:00:00,0.8809324963323125,0.1,230.0,3.830141288401359,0.0,0.0,0.0
2010-06-01 00:00:00,1.013466894143011,0.1,230.0,4.406377800621787,0.0,0.0,0.0
2010-06-01 01:00:00,1.0466632580952897,0.1,230.0,4.550709817805607,0.0,0.0,0.0
2010-06-01 02:00:00,1.1816337292832426,0.1,230.0,5.137537953405403,0.0,0.0,0.0
2010-06-01 03:00:00,1.3388512105854704,0.1,230.0,5.821092219936828,0.0,0.0,0.0
2010-06-01 04:00:00,1.8204612883906401,0.1,230.0,7.915049079959306,0.0,0.0,0.0
2010-06-01 05:00:00,2.0795988836731008,0.1,230.0,9.041734276839568,0.0,0.0,0.0
2010-06-01 06:00:00,1.916529461427035,0.1,230.0,8.332736788813195,0.0,0.0,0.0
2010-06-01 07:00:00,2.5780292044530446,0.1,230.0,11.208822628056716,0.0,0.0,0.0
2010-06-01 08:00:00,2.4921451307940954,0.1,230.0,10.83541361214824,0.0,0.0,0.0
2010-06-01 09:00:00,2.5646990406499386,0.1,230.0,11.150865394130168,0.0,0.0,0.0
2010-06-01 10:00:00,2.4394062353581747,0.1,230.0,10.606114066774673,0.0,0.0,0.0
2010-06-01 11:00:00,2.3498019986531378,0.1,230.0,10.216530428926685,0.0,0.0,0.0
2010-06-01 12:00:00,2.208401400517587,0.1,230.0,9.601745219641682,0.0,0.0,0.0
2010-06-01 13:00:00,2.1088768308061745,0.1,230.0,9.16902969915728,0.0,0.0,0.0
2010-06-01 14:00:00,1.6831870858457791,0.1,230.0,7.318204721068605,0.0,0.0,0.0
2010-06-01 15:00:00,1.482010390876789,0.1,230.0,6.443523438594735,0.0,0.0,0.0
2010-06-01 16:00:00,1.18163150770528,0.1,230.0,5.1375282943707825,0.0,0.0,0.0
2010-06-01 17:00:00,1.0405110999431386,0.1,230.0,4.523961304100602,0.0,0.0,0.0
2010-06-01 18:00:00,0.8050661066553422,0.1,230.0,3.5002874202406185,0.0,0.0,0.0
2010-06-01 19:00:00,0.5441286215172771,0.1,230.0,2.3657766152925093,0.0,0.0,0.0
2010-06-01 20:00:00,0.5939946571991113,0.1,230.0,2.5825854660830925,0.0,0.0,0.0
2010-06-01 21:00:00,0.47046521470650615,0.1,230.0,2.0455009335065486,0.0,0.0,0.0
2010-06-01 22:00:00,0.4606899530219929,0.1,230.0,2.002999795747795,0.0,0.0,0.0
2010-06-01 23:00:00,0.6297866584450771,0.1,230.0,2.738202862804683,0.0,0.0,0.0
2010-06-02 00:00:00,0.8481872808682545,0.1,230.0,3.687770786383715,0.0,0.0,0.0
2010-06-02 01:00:00,0.9607516386598132,0.1,230.0,4.177181037651361,0.0,0.0,0.0
2010-06-02 02:00:00,1.2698628308647337,0.1,230.0,5.521142742890147,0.0,0.0,0.0
2010-06-02 03:00:00,1.6207203436331374,0.1,230.0,7.046610189709293,0.0,0.0,0.0
2010-06-02 04:00:00,1.787455656809535,0.1,230.0,7.7715463339544995,0.0,0.0,0.0
2010-06-02 05:00:00,2.0383859023024726,0.1,230.0,8.862547401315098,0.0,0.0,0.0
2010-06-02 06:00:00,2.1447178839434957,0.1,230.0,9.32486036497172,0.0,0.0,0.0
2010-06-02 07:00:00,2.5104138377919787,0.1,230.0,10.914842773008601,0.0,0.0,0.0
2010-06-02 08:00:00,2.4972282508376153,0.1,230.0,10.857514134076588,0.0,0.0,0.0
2010-06-02 09:00:00,2.7604880114640706,0.1,230.0,12.00212178897422,0.0,0.0,0.0
2010-06-02 10:00:00,2.327463344030135,0.1,230.0,10.119405843609282,0.0,0.0,0.0
2010-06-02 11:00:00,2.514891025402631,0.1,230.0,10.934308806098395,0.0,0.0,0.0
2010-06-02 12:00:00,2.3066094934269024,0.1,230.0,10.028736927943052,0.0,0.0,0.0
2010-06-02 13:00:00,2.18847914336449,0.1,230.0,9.515126710280391,0.0,0.0,0.0
2010-06-02 14:00:00,1.6173013271202066,0.1,230.0,7.031744900522638,0.0,0.0,0.0
2010-06-02 15:00:00,1.514828933201241,0.1,230.0,6.586212753048874,0.0,0.0,0.0
2010-06-02 16:00:00,1.3171459724048808,0.1,230.0,5.726721619151657,0.0,0.0,0.0
2010-06-02 17:00:00,1.1448521182038438,0.1,230.0,4.977617905234103,0.0,0.0,0.0
2010-06-02 18:00:00,0.7363525656883265,0.1,230.0,3.2015328942970718,0.0,0.0,0.0
2010-06-02 19:00:00,0.7447720432247048,0.1,230.0,3.238139318368282,0.0,0.0,0.0
2010-06-02 20:00:00,0.49794630936354384,0.1,230.0,2.1649839537545383,0.0,0.0,0.0
2010-06-02 21:00:00,0.6166247176978705,0.1,230.0,2.680977033469002,0.0,0.0,0.0
2010-06-02 22:00:00,0.7036936397293811,0.1,230.0,3.0595375640407876,0.0,0.0,0.0
2010-06-02 23:00:00,0.7688720066475925,0.1,230.0,3.3429217680330106,0.0,0.0,0.0
2010-06-03 00:00:00,0.8106359874945491,0.1,230.0,3.5245042934545614,0.0,0.0,0.0
2010-06-03 01:00:00,0.9699138250828773,0.1,230.0,4.2170166307951185,0.0,0.0,0.0
2010-06-03 02:00:00,1.1377745592886845,0.1,230.0,4.946845909950802,0.0,0.0,0.0
2010-06-03 03:00:00,1.6041582242131405,0.1,230.0,6.974600974839742,0.0,0.0,0.0
2010-06-03 04:00:00,1.7659741398473425,0.1,230.0,7.678148434118881,0.0,0.0,0.0
2010-06-03 05:00:00,1.9627742812918585,0.1,230.0,8.53380122300808,0.0,0.0,0.0
2010-06-03 06:00:00,2.2215802520757806,0.1,230.0,9.659044574242525,0.0,0.0,0.0
2010-06-03 07:00:00,2.316647629746608,0.1,230.0,10.072380998898295,0.0,0.0,0.0
2010-06-03 08:00:00,2.5351505940102275,0.1,230.0,11.02239388700099,0.0,0.0,0.0
2010-06-03 09:00:00,2.5270319153637284,0.1,230.0,10.987095284190124,0.0,0.0,0.0
2010-06-03 10:00:00,2.6185441378307917,0.1,230.0,11.384974512307789,0.0,0.0,0.0
2010-06-03 11:00:00,2.3120249358105878,0.1,230.0,10.052282329611252,0.0,0.0,0.0
2010-06-03 12:00:00,2.143551156358267,0.1,230.0,9.319787636340292,0.0,0.0,0.0
2010-06-03 13:00:00,2.097084381984365,0.1,230.0,9.117758182540719,0.0,0.0,0.0
2010-06-03 14:00:00,1.8432558108774568,0.1,230.0,8.014155699467203,0.0,0.0,0.0
2010-06-03 15:00:00,1.5205791524423153,0.1,230.0,6.611213706270936,0.0,0.0,0.0
2010-06-03 16:00:00,1.1490178193243494,0.1,230.0,4.995729649236302,0.0,0.0,0.0
2010-06-03 17:00:00,0.9521777368847806,0.1,230.0,4.139903203846872,0.0,0.0,0.0
2010-06-03 18:00:00,0.825403286136823,0.1,230.0,3.5887099397253173,0.0,0.0,0.0
2010-06-03 19:00:00,0.6044151105774396,0.1,230.0,2.6278917851193024,0.0,0.0,0.0
2010-06-03 20:00:00,0.5491712283671397,0.1,230.0,2.3877009929006077,0.0,0.0,0.0
2010-06-03 21:00:00,0.6575834211928941,0.1,230.0,2.859058353012583,0.0,0.0,0.0
2010-06-03 22:00:00,0.582585432351016,0.1,230.0,2.5329801406565915,0.0,0.0,0.0
2010-06-03 23:00:00,0.5188748671032523,0.1,230.0,2.2559776830576186,0.0,0.0,0.0
2010-06-04 00:00:00,0.9750783653281168,0.1,230.0,4.239471153600507,0.0,0.0,0.0
2010-06-04 01:00:00,0.9097688144236625,0.1,230.0,3.9555165844507068,0.0,0.0,0.0
2010-06-04 02:00:00,1.3364644181692298,0.1,230.0,5.810714861605346,0.0,0.0,0.0
2010-06-04 03:00:00,1.5399414851453475,0.1,230.0,6.6953977615015114,0.0,0.0,0.0
2010-06-04 04:00:00,1.7709867964180637,0.1,230.0,7.6999425931220165,0.0,0.0,0.0
2010-06-04 05:00:00,2.013477285186605,0.1,230.0,8.754249066028718,0.0,0.0,0.0
2010-06-04 06:00:00,2.411393518205105,0.1,230.0,10.484319644370022,0.0,0.0,0.0
2010-06-04 07:00:00,2.4475843831914155,0.1,230.0,10.641671231267024,0.0,0.0,0.0
2010-06-04 08:00:00,2.3697232696483708,0.1,230.0,10.30314465064509,0.0,0.0,0.0
2010-06-04 09:00:00,2.5422125716866453,0.1,230.0,11.053098137768023,0.0,0.0,0.0
2010-06-04 10:00:00,2.265659372711137,0.1,230.0,9.85069292483103,0.0,0.0,0.0
2010-06-04 11:00:00,2.453210018185281,0.1,230.0,10.666130513849048,0.0,0.0,0.0
2010-06-04 12:00:00,2.324615378360788,0.1,230.0,10.10702338417734,0.0,0.0,0.0
2010-06-04 13:00:00,2.105738203784961,0.1,230.0,9.155383494717222,0.0,0.0,0.0
2010-06-04 14:00:00,1.7664978339028394,0.1,230.0,7.680425364794954,0.0,0.0,0.0
2010-06-04 15:00:00,1.5013963042459613,0.1,230.0,6.527810018460701,0.0,0.0,0.0
2010-06-04 16:00:00,1.0016272171278522,0.1,230.0,4.3549009440341395,0.0,0.0,0.0
2010-06-04 17:00:00,1.2224844943535618,0.1,230.0,5.315149975450269,0.0,0.0,0.0
2010-06-04 18:00:00,0.5598947300100707,0.1,230.0,2.4343249130872637,0.0,0.0,0.0
2010-06-04 19:00:00,0.5936163691945178,0.1,230.0,2.5809407356283383,0.0,0.0,0.0
2010-06-04 20:00:00,0.4531169933558989,0.1,230.0,1.970073884156082,0.0,0.0,0.0
2010-06-04 21:00:00,0.4353350688684777,0.1,230.0,1.8927611689933814,0.0,0.0,0.0
2010-06-04 22:00:00,0.5092065643229567,0.1,230.0,2.2139415840128556,0.0,0.0,0.0
2010-06-04 23:00:00,0.44220536336918725,0.1,230.0,1.9226320146486402,0.0,0.0,0.0
2010-06-05 00:00:00,1.1847355847185521,0.1,230.0,5.15102428138501,0.0,0.0,0.0
2010-06-05 01:00:00,1.2354515607749956,0.1,230.0,5.371528525108677,0.0,0.0,0.0
2010-06-05 02:00:00,1.5218418175362791,0.1,230.0,6.616703554505562,0.0,0.0,0.0
2010-06-05 03:00:00,1.9793760903415882,0.1,230.0,8.605983001485166,0.0,0.0,0.0
2010-06-05 04:00:00,2.0221749432019576,0.1,230.0,8.792064970443294,0.0,0.0,0.0
2010-06-05 05:00:00,2.522581726933134,0.1,230.0,10.967746638839712,0.0,0.0,0.0
2010-06-05 06:00:00,2.4858756881534343,0.1,230.0,10.808155165884497,0.0,0.0,0.0
2010-06-05 07:00:00,3.2089042354489385,0.1,230.0,13.951757545430167,0.0,0.0,0.0
2010-06-05 08:00:00,3.3245891581141014,0.1,230.0,14.45473547006131,0.0,0.0,0.0
2010-06-05 09:00:00,3.386375870847826,0.1,230.0,14.723373351512286,0.0,0.0,0.0
2010-06-05 10:00:00,3.296964244433603,0.1,230.0,14.334627149711318,0.0,0.0,0.0
2010-06-05 11:00:00,3.044755332863181,0.1,230.0,13.238066664622524,0.0,0.0,0.0
2010-06-05 12:00:00,3.0335553210528197,0.1,230.0,13.189370961099216,0.0,0.0,0.0
2010-06-05 13:00:00,2.714698312734555,0.1,230.0,11.803036142324151,0.0,0.0,0.0
2010-06-05 14:00:00,2.205534598039723,0.1,230.0,9.589280861042274,0.0,0.0,0.0
2010-06-05 15:00:00,1.9512171913463594,0.1,230.0,8.483553005853736,0.0,0.0,0.0
2010-06-05 16:00:00,1.539512599703081,0.1,230.0,6.693533042187308,0.0,0.0,0.0
2010-06-05 17:00:00,1.266717538699515,0.1,230.0,5.507467559563109,0.0,0.0,0.0
2010-06-05 18:00:00,1.2548525677950604,0.1,230.0,5.455880729543741,0.0,0.0,0.0
2010-06-05 19:00:00,0.8871044354512577,0.1,230.0,3.856975806309816,0.0,0.0,0.0
2010-06-05 20:00:00,0.7046904216011549,0.1,230.0,3.0638713982658907,0.0,0.0,0.0
2010-06-05 21:00:00,0.5078618205642287,0.1,230.0,2.2080948720183855,0.0,0.0,0.0
2010-06-05 22:00:00,0.7514992108748391,0.1,230.0,3.2673878733688655,0.0,0.0,0.0
2010-06-05 23:00:00,0.9045170992640076,0.1,230.0,3.932683040278294,0.0,0.0,0.0
2010-06-06 00:00:00,1.0131635124782647,0.1,230.0,4.405058749905499,0.0,0.0,0.0
2010-06-06 01:00:00,1.2933344928263293,0.1,230.0,5.623193447070997,0.0,0.0,0.0
2010-06-06 02:00:00,1.8696421870450644,0.1,230.0,8.128879074108974,0.0,0.0,0.0
2010-06-06 03:00:00,1.973443460772055,0.1,230.0,8.5801889598785,0.0,0.0,0.0
2010-06-06 04:00:00,2.3062299879205845,0.1,230.0,10.027086904002541,0.0,0.0,0.0
2010-06-06 05:00:00,2.4685028502405952,0.1,230.0,10.732621088002588,0.0,0.0,0.0
2010-06-06 06:00:00,2.9547227973185195,0.1,230.0,12.846620857906606,0.0,0.0,0.0
2010-06-06 07:00:00,3.0340445181050715,0.1,230.0,13.191497904804658,0.0,0.0,0.0
2010-06-06 08:00:00,3.2868016137258826,0.1,230.0,14.290441798808185,0.0,0.0,0.0
2010-06-06 09:00:00,3.289699786988772,0.1,230.0,14.303042552125097,0.0,0.0,0.0
2010-06-06 10:00:00,3.024336418207076,0.1,230.0,13.149288774813373,0.0,0.0,0.0
2010-06-06 11:00:00,3.195297542669071,0.1,230.0,13.892598011604656,0.0,0.0,0.0
2010-06-06 12:00:00,2.834845046738789,0.1,230.0,12.325413246690387,0.0,0.0,0.0
2010-06-06 13:00:00,2.753447406670878,0.1,230.0,11.971510463786425,0.0,0.0,0.0
2010-06-06 14:00:00,2.365294908078758,0.1,230.0,10.283890904690253,0.0,0.0,0.0
2010-06-06 15:00:00,1.964900978341785,0.1,230.0,8.543047731920804,0.0,0.0,0.0
2010-06-06 16:00:00,1.6276826713464931,0.1,230.0,7.076881179767362,0.0,0.0,0.0
2010-06-06 17:00:00,1.3170376702144886,0.1,230.0,5.726250740062993,0.0,0.0,0.0
2010-06-06 18:00:00,0.9580045590553123,0.1,230.0,4.165237213283967,0.0,0.0,0.0
2010-06-06 19:00:00,0.6144671230600907,0.1,230.0,2.6715961872177854,0.0,0.0,0.0
2010-06-06 20:00:00,0.8906782018471774,0.1,230.0,3.8725139210746846,0.0,0.0,0.0
2010-06-06 21:00:00,0.631621634090477,0.1,230.0,2.7461810177846826,0.0,0.0,0.0
2010-06-06 22:00:00,0.565872904583969,0.1,230.0,2.460316976452039,0.0,0.0,0.0
2010-06-06 23:00:00,0.9380391863578139,0.1,230.0,4.078431245033974,0.0,0.0,0.0
2010-06-07 00:00:00,0.7944428859356348,0.1,230.0,3.454099504067978,0.0,0.0,0.0
2010-06-07 01:00:00,1.0065350662532089,0.1,230.0,4.376239418492212,0.0,0.0,0.0
2010-06-07 02:00:00,1.008210308230559,0.1,230.0,4.383523079263299,0.0,0.0,0.0
2010-06-07 03:00:00,1.604283283018244,0.1,230.0,6.975144708774974,0.0,0.0,0.0
2010-06-07 04:00:00,1.6163086459492673,0.1,230.0,7.027428895431597,0.0,0.0,0.0
2010-06-07 05:00:00,2.0449964845802437,0.1,230.0,8.891289063392364,0.0,0.0,0.0
2010-06-07 06:00:00,2.1586402817324886,0.1,230.0,9.385392529271689,0.0,0.0,0.0
2010-06-07 07:00:00,2.2973693215933455,0.1,230.0,9.988562267797153,0.0,0.0,0.0
2010-06-07 08:00:00,2.5391196496417385,0.1,230.0,11.039650650616254,0.0,0.0,0.0
2010-06-07 09:00:00,2.503216429644857,0.1,230.0,10.883549694108074,0.0,0.0,0.0
2010-06-07 10:00:00,2.4478916799850596,0.1,230.0,10.643007304282866,0.0,0.0,0.0
2010-06-07 11:00:00,2.313539353901544,0.1,230.0,10.05886675609367,0.0,0.0,0.0
2010-06-07 12:00:00,2.364300396961193,0.1,230.0,10.279566943309534,0.0,0.0,0.0
2010-06-07 13:00:00,2.0144668850834524,0.1,230.0,8.75855167427588,0.0,0.0,0.0
2010-06-07 14:00:00,1.9834392167461137,0.1,230.0,8.623648768461365,0.0,0.0,0.0
2010-06-07 15:00:00,1.3464068558056694,0.1,230.0,5.8539428513289975,0.0,0.0,0.0
2010-06-07 16:00:00,1.119634673187408,0.1,230.0,4.8679768399452525,0.0,0.0,0.0
2010-06-07 17:00:00,0.9477406686906863,0.1,230.0,4.120611603002984,0.0,0.0,0.0
2010-06-07 18:00:00,0.963179434664894,0.1,230.0,4.187736672456061,0.0,0.0,0.0
2010-06-07 19:00:00,0.636791784394339,0.1,230.0,2.7686599321493004,0.0,0.0,0.0
2010-06-07 20:00:00,0.6515684029090691,0.1,230.0,2.8329060996046485,0.0,0.0,0.0
2010-06-07 21:00:00,0.448661296480942,0.1,230.0,1.950701289047574,0.0,0.0,0.0
2010-06-07 22:00:00,0.44382326520246296,0.1,230.0,1.929666370445491,0.0,0.0,0.0
2010-06-07 23:00:00,0.6686594826084022,0.1,230.0,2.907215141775662,0.0,0.0,0.0
2010-06-08 00:00:00,0.6892026338780538,0.1,230.0,2.996533190774147,0.0,0.0,0.0
2010-06-08 01:00:00,0.9476115657547873,0.1,230.0,4.12005028589038,0.0,0.0,0.0
2010-06-08 02:00:00,1.164795043614488,0.1,230.0,5.064326276584731,0.0,0.0,0.0
2010-06-08 03:00:00,1.4907659579541737,0.1,230.0,6.481591121539886,0.0,0.0,0.0
2010-06-08 04:00:00,1.7925987283827718,0.1,230.0,7.793907514707703,0.0,0.0,0.0
2010-06-08 05:00:00,2.019557160252849,0.1,230.0,8.78068330544717,0.0,0.0,0.0
2010-06-08 06:00:00,2.1037483962092143,0.1,230.0,9.146732157431366,0.0,0.0,0.0
2010-06-08 07:00:00,2.4959394959439773,0.1,230.0,10.851910851930336,0.0,0.0,0.0
2010-06-08 08:00:00,2.547800450027722,0.1,230.0,11.077393260990096,0.0,0.0,0.0
2010-06-08 09:00:00,2.5482897613418403,0.1,230.0,11.079520701486263,0.0,0.0,0.0
2010-06-08 10:00:00,2.5994570256043943,0.1,230.0,11.301987067845193,0.0,0.0,0.0
2010-06-08 11:00:00,2.4784980191646024,0.1,230.0,10.776078344193923,0.0,0.0,0.0
2010-06-08 12:00:00,2.335778603397066,0.1,230.0,10.155559145204634,0.0,0.0,0.0
2010-06-08 13:00:00,2.207701555292975,0.1,230.0,9.598702414317282,0.0,0.0,0.0
2010-06-08 14:00:00,1.95953413941713,0.1,230.0,8.519713649639696,0.0,0.0,0.0
2010-06-08 15:00:00,1.4949126634811898,0.1,230.0,6.499620276005174,0.0,0.0,0.0
2010-06-08 16:00:00,1.4621184880633615,0.1,230.0,6.357036904623311,0.0,0.0,0.0
2010-06-08 17:00:00,1.0150657609301097,0.1,230.0,4.4133293953483035,0.0,0.0,0.0
2010-06-08 18:00:00,0.6473073609645209,0.1,230.0,2.8143798302805254,0.0,0.0,0.0
2010-06-08 19:00:00,0.6692930469393076,0.1,230.0,2.9099697693013375,0.0,0.0,0.0
2010-06-08 20:00:00,0.3758132572509155,0.1,230.0,1.6339706836996326,0.0,0.0,0.0
2010-06-08 21:00:00,0.46006106823643,0.1,230.0,2.000265514071435,0.0,0.0,0.0
2010-06-08 22:00:00,0.7254084301227419,0.1,230.0,3.1539496961858347,0.0,0.0,0.0
2010-06-08 23:00:00,0.8629231419536942,0.1,230.0,3.7518397476247576,0.0,0.0,0.0
2010-06-09 00:00:00,0.7516224940140678,0.1,230.0,3.267923887017686,0.0,0.0,0.0
2010-06-09 01:00:00,0.9524901446012127,0.1,230.0,4.141261498266142,0.0,0.0,0.0
2010-06-09 02:00:00,1.3721181745141855,0.1,230.0,5.965731193539937,0.0,0.0,0.0
2010-06-09 03:00:00,1.641541521640374,0.1,230.0,7.137137050610321,0.0,0.0,0.0
2010-06-09 04:00:00,1.7969112659924447,0.1,230.0,7.81265767822802,0.0,0.0,0.0
2010-06-09 05:00:00,2.1806826702324744,0.1,230.0,9.481229001010758,0.0,0.0,0.0
2010-06-09 06:00:00,2.31741367660683,0.1,230.0,10.075711637421,0.0,0.0,0.0
2010-06-09 07:00:00,2.152445560778989,0.1,230.0,9.35845895990865,0.0,0.0,0.0
2010-06-09 08:00:00,2.469903890527942,0.1,230.0,10.738712567512792,0.0,0.0,0.0
2010-06-09 09:00:00,2.4753958939043836,0.1,230.0,10.762590843062538,0.0,0.0,0.0
2010-06-09 10:00:00,2.5588341350341954,0.1,230.0,11.125365804496502,0.0,0.0,0.0
2010-06-09 11:00:00,2.388299951330135,0.1,230.0,10.383912831870154,0.0,0.0,0.0
2010-06-09 12:00:00,2.3526468525314637,0.1,230.0,10.22889935883245,0.0,0.0,0.0
2010-06-09 13:00:00,1.7755958669142389,0.1,230.0,7.719982030061908,0.0,0.0,0.0
2010-06-09 14:00:00,1.7604046877247113,0.1,230.0,7.653933424890049,0.0,0.0,0.0
2010-06-09 15:00:00,1.5005437039363865,0.1,230.0,6.524103060592985,0.0,0.0,0.0
2010-06-09 16:00:00,1.0162395269996898,0.1,230.0,4.418432726085608,0.0,0.0,0.0
2010-06-09 17:00:00,0.9737461819713298,0.1,230.0,4.2336790520492595,0.0,0.0,0.0
2010-06-09 18:00:00,0.6597844449510859,0.1,230.0,2.8686280215264603,0.0,0.0,0.0
2010-06-09 19:00:00,0.6963576287528231,0.1,230.0,3.0276418641427094,0.0,0.0,0.0
2010-06-09 20:00:00,0.5315646154640284,0.1,230.0,2.3111505020175147,0.0,0.0,0.0
2010-06-09 21:00:00,0.5848379699438739,0.1,230.0,2.5427737823646694,0.0,0.0,0.0
2010-06-09 22:00:00,0.6058107719117354,0.1,230.0,2.6339598778771105,0.0,0.0,0.0
2010-06-09 23:00:00,0.7358851587386319,0.1,230.0,3.199500690167965,0.0,0.0,0.0
2010-06-10 00:00:00,0.8878749259621959,0.1,230.0,3.860325765053026,0.0,0.0,0.0
2010-06-10 01:00:00,0.8408311840079916,0.1,230.0,3.655787756556485,0.0,0.0,0.0
2010-06-10 02:00:00,1.3549581935503856,0.1,230.0,5.8911225806538505,0.0,0.0,0.0
2010-06-10 03:00:00,1.5370860362586511,0.1,230.0,6.682982766341961,0.0,0.0,0.0
2010-06-10 04:00:00,1.796771214766961,0.1,230.0,7.812048759856353,0.0,0.0,0.0
2010-06-10 05:00:00,2.085024719002565,0.1,230.0,9.065324865228542,0.0,0.0,0.0
2010-06-10 06:00:00,2.2604633652276593,0.1,230.0,9.828101587946344,0.0,0.0,0.0
2010-06-10 07:00:00,2.3190444122416065,0.1,230.0,10.082801792354811,0.0,0.0,0.0
2010-06-10 08:00:00,2.4542058408978016,0.1,230.0,10.670460177816528,0.0,0.0,0.0
2010-06-10 09:00:00,2.529777691124066,0.1,230.0,10.999033439669853,0.0,0.0,0.0
2010-06-10 10:00:00,2.4543521778336266,0.1,230.0,10.671096425363594,0.0,0.0,0.0
2010-06-10 11:00:00,2.4054927122241856,0.1,230.0,10.45866396619211,0.0,0.0,0.0
2010-06-10 12:00:00,2.313643154078144,0.1,230.0,10.059318061209321,0.0,0.0,0.0
2010-06-10 13:00:00,1.947406370765671,0.1,230.0,8.466984220720308,0.0,0.0,0.0
2010-06-10 14:00:00,1.7491880312828798,0.1,230.0,7.605165353403826,0.0,0.0,0.0
2010-06-10 15:00:00,1.470539659923808,0.1,230.0,6.393650695320905,0.0,0.0,0.0
2010-06-10 16:00:00,1.2951521590102861,0.1,230.0,5.631096343522983,0.0,0.0,0.0
2010-06-10 17:00:00,0.8133026754634205,0.1,230.0,3.536098588971394,0.0,0.0,0.0
2010-06-10 18:00:00,0.792276887727996,0.1,230.0,3.444682120556504,0.0,0.0,0.0
2010-06-10 19:00:00,0.7940637637857211,0.1,230.0,3.4524511468944397,0.0,0.0,0.0
2010-06-10 20:00:00,0.6211623452721865,0.1,230.0,2.7007058490095064,0.0,0.0,0.0
2010-06-10 21:00:00,0.6393531444560567,0.1,230.0,2.779796280243725,0.0,0.0,0.0
2010-06-10 22:00:00,0.6311795364602958,0.1,230.0,2.7442588541751993,0.0,0.0,0.0
2010-06-10 23:00:00,0.6277463287338695,0.1,230.0,2.729331864060302,0.0,0.0,0.0
2010-06-11 00:00:00,0.5818540569420002,0.1,230.0,2.5298002475739136,0.0,0.0,0.0
2010-06-11 01:00:00,1.0613141676444067,0.1,230.0,4.614409424540899,0.0,0.0,0.0
2010-06-11 02:00:00,1.2656636570267095,0.1,230.0,5.502885465333519,0.0,0.0,0.0
2010-06-11 03:00:00,1.4927102498101972,0.1,230.0,6.490044564392162,0.0,0.0,0.0
2010-06-11 04:00:00,2.0112269593616485,0.1,230.0,8.74446504070282,0.0,0.0,0.0
2010-06-11 05:00:00,1.9874346514168386,0.1,230.0,8.641020223551472,0.0,0.0,0.0
2010-06-11 06:00:00,2.08426662637724,0.1,230.0,9.062028810335825,0.0,0.0,0.0
2010-06-11 07:00:00,2.472040540083854,0.1,230.0,10.748002348190669,0.0,0.0,0.0
2010-06-11 08:00:00,2.272678706997258,0.1,230.0,9.881211769553294,0.0,0.0,0.0
2010-06-11 09:00:00,2.439633584774497,0.1,230.0,10.607102542497813,0.0,0.0,0.0
2010-06-11 10:00:00,2.3818436807102636,0.1,230.0,10.355842090044623,0.0,0.0,0.0
2010-06-11 11:00:00,2.4061950284623537,0.1,230.0,10.461717515053712,0.0,0.0,0.0
2010-06-11 12:00:00,2.1658418379320503,0.1,230.0,9.416703643182826,0.0,0.0,0.0
2010-06-11 13:00:00,1.9354614100738678,0.1,230.0,8.415049609016817,0.0,0.0,0.0
2010-06-11 14:00:00,1.6427915363856815,0.1,230.0,7.14257189732905,0.0,0.0,0.0
2010-06-11 15:00:00,1.4804826030631058,0.1,230.0,6.436880882883068,0.0,0.0,0.0
2010-06-11 16:00:00,1.247630400724009,0.1,230.0,5.424480003147866,0.0,0.0,0.0
2010-06-11 17:00:00,1.0435449858723873,0.1,230.0,4.5371521124886405,0.0,0.0,0.0
2010-06-11 18:00:00,1.016538815915056,0.1,230.0,4.419733982239373,0.0,0.0,0.0
2010-06-11 19:00:00,0.6197323423363541,0.1,230.0,2.6944884449406703,0.0,0.0,0.0
2010-06-11 20:00:00,0.6105015265435908,0.1,230.0,2.6543544632330036,0.0,0.0,0.0
2010-06-11 21:00:00,0.37289518002354394,0.1,230.0,1.6212833914067128,0.0,0.0,0.0
2010-06-11 22:00:00,0.5540165765941011,0.1,230.0,2.408767724322179,0.0,0.0,0.0
2010-06-11 23:00:00,0.5527209597696008,0.1,230.0,2.403134607693916,0.0,0.0,0.0
2010-06-12 00:00:00,1.0622690151340761,0.1,230.0,4.618560935365549,0.0,0.0,0.0
2010-06-12 01:00:00,1.2642315102091866,0.1,230.0,5.496658740039941,0.0,0.0,0.0
2010-06-12 02:00:00,1.635984005929338,0.1,230.0,7.112973938823209,0.0,0.0,0.0
2010-06-12 03:00:00,2.1662529702950417,0.1,230.0,9.418491175195834,0.0,0.0,0.0
2010-06-12 04:00:00,2.314753041804838,0.1,230.0,10.064143660021033,0.0,0.0,0.0
2010-06-12 05:00:00,2.535393225222106,0.1,230.0,11.023448805313503,0.0,0.0,0.0
2010-06-12 06:00:00,2.9101446379995455,0.1,230.0,12.652802773911068,0.0,0.0,0.0
2010-06-12 07:00:00,3.0637145665109955,0.1,230.0,13.320498115265199,0.0,0.0,0.0
2010-06-12 08:00:00,3.240092240069847,0.1,230.0,14.087357565521073,0.0,0.0,0.0
2010-06-12 09:00:00,3.2527877687521625,0.1,230.0,14.142555516313749,0.0,0.0,0.0
2010-06-12 10:00:00,3.1428151285046346,0.1,230.0,13.664413602194063,0.0,0.0,0.0
2010-06-12 11:00:00,3.186156073303777,0.1,230.0,13.852852492625116,0.0,0.0,0.0
2010-06-12 12:00:00,2.953335830390713,0.1,230.0,12.840590566916143,0.0,0.0,0.0
2010-06-12 13:00:00,2.6721632939217375,0.1,230.0,11.618101277920598,0.0,0.0,0.0
2010-06-12 14:00:00,2.2465602604720285,0.1,230.0,9.767653306400124,0.0,0.0,0.0
2010-06-12 15:00:00,1.8885742479725989,0.1,230.0,8.21119238248956,0.0,0.0,0.0
2010-06-12 16:00:00,1.6417299252933326,0.1,230.0,7.137956196927533,0.0,0.0,0.0
2010-06-12 17:00:00,1.4847085029757912,0.1,230.0,6.455254360764309,0.0,0.0,0.0
2010-06-12 18:00:00,1.0193590696484642,0.1,230.0,4.431995954993323,0.0,0.0,0.0
2010-06-12 19:00:00,0.929800211305235,0.1,230.0,4.042609614370587,0.0,0.0,0.0
2010-06-12 20:00:00,0.8139271296329,0.1,230.0,3.538813607099565,0.0,0.0,0.0
2010-06-12 21:00:00,0.6372951172217491,0.1,230.0,2.7708483357467353,0.0,0.0,0.0
2010-06-12 22:00:00,0.7022417025921531,0.1,230.0,3.0532247938789268,0.0,0.0,0.0
2010-06-12 23:00:00,0.7466547612844968,0.1,230.0,3.2463250490630293,0.0,0.0,0.0
2010-06-13 00:00:00,0.8596442612479935,0.1,230.0,3.7375837445564937,0.0,0.0,0.0
2010-06-13 01:00:00,1.2642967554728581,0.1,230.0,5.496942415099383,0.0,0.0,0.0
2010-06-13 02:00:00,1.698265913050279,0.1,230.0,7.383764839349039,0.0,0.0,0.0
2010-06-13 03:00:00,1.8294481994507608,0.1,230.0,7.9541226063076556,0.0,0.0,0.0
2010-06-13 04:00:00,2.294551451980743,0.1,230.0,9.976310660785838,0.0,0.0,0.0
2010-06-13 05:00:00,2.6338269999841457,0.1,230.0,11.451421739061503,0.0,0.0,0.0
2010-06-13 06:00:00,2.724809946340321,0.1,230.0,11.846999766697047,0.0,0.0,0.0
2010-06-13 07:00:00,2.9706543344568535,0.1,230.0,12.915888410681973,0.0,0.0,0.0
2010-06-13 08:00:00,3.261513473064075,0.1,230.0,14.180493361148152,0.0,0.0,0.0
2010-06-13 09:00:00,3.457908576270074,0.1,230.0,15.034385114217715,0.0,0.0,0.0
2010-06-13 10:00:00,3.15059145987898,0.1,230.0,13.698223738604261,0.0,0.0,0.0
2010-06-13 11:00:00,3.108094975636849,0.1,230.0,13.513456415812387,0.0,0.0,0.0
2010-06-13 12:00:00,2.822704634172525,0.1,230.0,12.27262884422837,0.0,0.0,0.0
2010-06-13 13:00:00,2.498442109016473,0.1,230.0,10.862791778332491,0.0,0.0,0.0
2010-06-13 14:00:00,2.3581732852192165,0.1,230.0,10.252927327040073,0.0,0.0,0.0
2010-06-13 15:00:00,1.8685209872087203,0.1,230.0,8.124004292211827,0.0,0.0,0.0
2010-06-13 16:00:00,1.582343091652886,0.1,230.0,6.879752572403852,0.0,0.0,0.0
2010-06-13 17:00:00,1.1928505662530282,0.1,230.0,5.186306809795775,0.0,0.0,0.0
2010-06-13 18:00:00,1.128686356265359,0.1,230.0,4.907331983762431,0.0,0.0,0.0
2010-06-13 19:00:00,0.8003731216654448,0.1,230.0,3.4798831376758472,0.0,0.0,0.0
2010-06-13 20:00:00,0.6933029880655338,0.1,230.0,3.0143608176762338,0.0,0.0,0.0
2010-06-13 21:00:00,0.6549097810400755,0.1,230.0,2.847433830609024,0.0,0.0,0.0
2010-06-13 22:00:00,0.6327773123423347,0.1,230.0,2.7512057058362376,0.0,0.0,0.0
2010-06-13 23:00:00,0.8636867750850585,0.1,230.0,3.7551598916741677,0.0,0.0,0.0
2010-06-14 00:00:00,1.098187714201463,0.1,230.0,4.774729192180274,0.0,0.0,0.0
2010-06-14 01:00:00,1.0889927743163537,0.1,230.0,4.7347511926797985,0.0,0.0,0.0
2010-06-14 02:00:00,1.3350965840676723,0.1,230.0,5.804767756815966,0.0,0.0,0.0
2010-06-14 03:00:00,1.608168548214574,0.1,230.0,6.992037166150322,0.0,0.0,0.0
2010-06-14 04:00:00,1.6519176226556491,0.1,230.0,7.182250533285432,0.0,0.0,0.0
2010-06-14 05:00:00,1.9972519405200428,0.1,230.0,8.683704089217578,0.0,0.0,0.0
2010-06-14 06:00:00,2.1378857804723976,0.1,230.0,9.295155567271294,0.0,0.0,0.0
2010-06-14 07:00:00,2.282316484691613,0.1,230.0,9.9231151508331,0.0,0.0,0.0
2010-06-14 08:00:00,2.652643445911076,0.1,230.0,11.533232373526417,0.0,0.0,0.0
2010-06-14 09:00:00,2.502649763549501,0.1,230.0,10.88108592847609,0.0,0.0,0.0
2010-06-14 10:00:00,2.6304851517592405,0.1,230.0,11.436891964170611,0.0,0.0,0.0
2010-06-14 11:00:00,2.2584103276899907,0.1,230.0,9.81917533778257,0.0,0.0,0.0
2010-06-14 12:00:00,2.2998655619760306,0.1,230.0,9.999415486852307,0.0,0.0,0.0
2010-06-14 13:00:00,2.089770216794399,0.1,230.0,9.085957464323474,0.0,0.0,0.0
2010-06-14 14:00:00,1.6690768773738138,0.1,230.0,7.256855988581799,0.0,0.0,0.0
2010-06-14 15:00:00,1.6045299011555607,0.1,230.0,6.976216961545917,0.0,0.0,0.0
2010-06-14 16:00:00,1.2894982982730343,0.1,230.0,5.606514340317541,0.0,0.0,0.0
2010-06-14 17:00:00,1.135192724825192,0.1,230.0,4.935620542718226,0.0,0.0,0.0
2010-06-14 18:00:00,0.806001264933772,0.1,230.0,3.5043533257990083,0.0,0.0,0.0
2010-06-14 19:00:00,0.6483708435309522,0.1,230.0,2.8190036675258794,0.0,0.0,0.0
2010-06-14 20:00:00,0.40167810009774263,0.1,230.0,1.7464265221640984,0.0,0.0,0.0
2010-06-14 21:00:00,0.3255014687621728,0.1,230.0,1.4152237772268383,0.0,0.0,0.0
2010-06-14 22:00:00,0.5023151514724298,0.1,230.0,2.1839789194453467,0.0,0.0,0.0
2010-06-14 23:00:00,0.5416373884225026,0.1,230.0,2.3549451670543595,0.0,0.0,0.0
2010-06-15 00:00:00,0.6506673586105342,0.1,230.0,2.828988515697975,0.0,0.0,0.0
2010-06-15 01:00:00,1.069580830451151,0.1,230.0,4.650351436744134,0.0,0.0,0.0
2010-06-15 02:00:00,1.0526241260804783,0.1,230.0,4.576626635132515,0.0,0.0,0.0
2010-06-15 03:00:00,1.4213631543419099,0.1,230.0,6.1798398014865645,0.0,0.0,0.0
2010-06-15 04:00:00,1.8796518039544532,0.1,230.0,8.172399147628058,0.0,0.0,0.0
2010-06-15 05:00:00,1.8527610469289775,0.1,230.0,8.055482812734684,0.0,0.0,0.0
2010-06-15 06:00:00,2.3503882808521794,0.1,230.0,10.219079481965997,0.0,0.0,0.0
2010-06-15 07:00:00,2.4558648348818664,0.1,230.0,10.67767319513855,0.0,0.0,0.0
2010-06-15 08:00:00,2.4762313835244436,0.1,230.0,10.766223406628015,0.0,0.0,0.0
2010-06-15 09:00:00,2.4520856341522266,0.1,230.0,10.661241887618377,0.0,0.0,0.0
2010-06-15 10:00:00,2.43299774736872,0.1,230.0,10.578251075516174,0.0,0.0,0.0
2010-06-15 11:00:00,2.477921049008426,0.1,230.0,10.773569778297505,0.0,0.0,0.0
2010-06-15 12:00:00,2.191286754621553,0.1,230.0,9.527333715745883,0.0,0.0,0.0
2010-06-15 13:00:00,1.9242747189207485,0.1,230.0,8.366411821394559,0.0,0.0,0.0
2010-06-15 14:00:00,1.727477197845274,0.1,230.0,7.510770425414235,0.0,0.0,0.0
2010-06-15 15:00:00,1.6478030604781269,0.1,230.0,7.164361132513594,0.0,0.0,0.0
2010-06-15 16:00:00,1.4043996329568058,0.1,230.0,6.106085360681765,0.0,0.0,0.0
2010-06-15 17:00:00,1.10949030726676,0.1,230.0,4.823870901159825,0.0,0.0,0.0
2010-06-15 18:00:00,0.7917616296345973,0.1,230.0,3.44244186797651,0.0,0.0,0.0
2010-06-15 19:00:00,0.6492427545225744,0.1,230.0,2.822794584880758,0.0,0.0,0.0
2010-06-15 20:00:00,0.5929360701694916,0.1,230.0,2.577982913780398,0.0,0.0,0.0
2010-06-15 21:00:00,0.6111959712269863,0.1,230.0,2.6573737879434187,0.0,0.0,0.0
2010-06-15 22:00:00,0.6954394532800163,0.1,230.0,3.0236497968696363,0.0,0.0,0.0
2010-06-15 23:00:00,0.8365611962867192,0.1,230.0,3.637222592550953,0.0,0.0,0.0
2010-06-16 00:00:00,0.7690641344536954,0.1,230.0,3.343757106320415,0.0,0.0,0.0
2010-06-16 01:00:00,1.0418781659023557,0.1,230.0,4.529905069140677,0.0,0.0,0.0
2010-06-16 02:00:00,1.099430908892445,0.1,230.0,4.780134386488891,0.0,0.0,0.0
2010-06-16 03:00:00,1.4551635154754803,0.1,230.0,6.326797893371654,0.0,0.0,0.0
2010-06-16 04:00:00,1.6154374642045797,0.1,230.0,7.023641148715564,0.0,0.0,0.0
2010-06-16 05:00:00,2.1541063390447013,0.1,230.0,9.365679734976961,0.0,0.0,0.0
2010-06-16 06:00:00,2.336864228344883,0.1,230.0,10.160279253673405,0.0,0.0,0.0
2010-06-16 07:00:00,2.2678338191257867,0.1,230.0,9.860147039677333,0.0,0.0,0.0
2010-06-16 08:00:00,2.4943291610066702,0.1,230.0,10.844909395681176,0.0,0.0,0.0
2010-06-16 09:00:00,2.6179521025340295,0.1,230.0,11.382400445800128,0.0,0.0,0.0
2010-06-16 10:00:00,2.517065261167538,0.1,230.0,10.943762005076252,0.0,0.0,0.0
2010-06-16 11:00:00,2.371774630060896,0.1,230.0,10.312063608960418,0.0,0.0,0.0
2010-06-16 12:00:00,2.199561824071623,0.1,230.0,9.563312278572274,0.0,0.0,0.0
2010-06-16 13:00:00,1.951441544185532,0.1,230.0,8.484528452980573,0.0,0.0,0.0
2010-06-16 14:00:00,1.6060403885899717,0.1,230.0,6.982784298217267,0.0,0.0,0.0
2010-06-16 15:00:00,1.6312506451123359,0.1,230.0,7.0923941091840685,0.0,0.0,0.0
2010-06-16 16:00:00,1.3385725436326723,0.1,230.0,5.81988062448988,0.0,0.0,0.0
2010-06-16 17:00:00,1.2142856549197028,0.1,230.0,5.2795028474769685,0.0,0.0,0.0
2010-06-16 18:00:00,0.7613319816159069,0.1,230.0,3.310139050503943,0.0,0.0,0.0
2010-06-16 19:00:00,0.7510598829486042,0.1,230.0,3.2654777519504528,0.0,0.0,0.0
2010-06-16 20:00:00,0.5806000728193235,0.1,230.0,2.524348142692711,0.0,0.0,0.0
2010-06-16 21:00:00,0.48521144312082476,0.1,230.0,2.109614970090542,0.0,0.0,0.0
2010-06-16 22:00:00,0.47967488875802,0.1,230.0,2.085542994600087,0.0,0.0,0.0
2010-06-16 23:00:00,0.7955427863582195,0.1,230.0,3.4588816798183455,0.0,0.0,0.0
2010-06-17 00:00:00,0.7625091082742487,0.1,230.0,3.3152569924967334,0.0,0.0,0.0
2010-06-17 01:00:00,1.015958009195991,0.1,230.0,4.417208735634744,0.0,0.0,0.0
2010-06-17 02:00:00,1.2130546487368428,0.1,230.0,5.2741506466819255,0.0,0.0,0.0
2010-06-17 03:00:00,1.5276161597785571,0.1,230.0,6.641809390341553,0.0,0.0,0.0
2010-06-17 04:00:00,1.876421471558239,0.1,230.0,8.158354224166256,0.0,0.0,0.0
2010-06-17 05:00:00,2.0284929762627923,0.1,230.0,8.819534679403445,0.0,0.0,0.0
2010-06-17 06:00:00,2.2280784049168103,0.1,230.0,9.687297412681783,0.0,0.0,0.0
2010-06-17 07:00:00,2.6266849447992158,0.1,230.0,11.420369325213981,0.0,0.0,0.0
2010-06-17 08:00:00,2.645147585776364,0.1,230.0,11.500641677288538,0.0,0.0,0.0
2010-06-17 09:00:00,2.497935871439908,0.1,230.0,10.860590745390903,0.0,0.0,0.0
2010-06-17 10:00:00,2.4059189711583455,0.1,230.0,10.46051726590585,0.0,0.0,0.0
2010-06-17 11:00:00,2.413687519171806,0.1,230.0,10.494293561616548,0.0,0.0,0.0
2010-06-17 12:00:00,2.373183597746908,0.1,230.0,10.31818955542134,0.0,0.0,0.0
2010-06-17 13:00:00,2.060498806665604,0.1,230.0,8.958690463763496,0.0,0.0,0.0
2010-06-17 14:00:00,1.7305853992729712,0.1,230.0,7.524284344665093,0.0,0.0,0.0
2010-06-17 15:00:00,1.6305975073940953,0.1,230.0,7.089554379974326,0.0,0.0,0.0
2010-06-17 16:00:00,1.3271055294577345,0.1,230.0,5.7700240411205845,0.0,0.0,0.0
2010-06-17 17:00:00,1.0254907233588573,0.1,230.0,4.4586553189515525,0.0,0.0,0.0
2010-06-17 18:00:00,0.6902194520814064,0.1,230.0,3.0009541394843757,0.0,0.0,0.0
2010-06-17 19:00:00,0.7532211825238373,0.1,230.0,3.2748747066253796,0.0,0.0,0.0
2010-06-17 20:00:00,0.5455054461931725,0.1,230.0,2.371762809535533,0.0,0.0,0.0
2010-06-17 21:00:00,0.655589127858315,0.1,230.0,2.8503875124274565,0.0,0.0,0.0
2010-06-17 22:00:00,0.33935461567833414,0.1,230.0,1.4754548507753658,0.0,0.0,0.0
2010-06-17 23:00:00,0.597111769621344,0.1,230.0,2.596138128788452,0.0,0.0,0.0
2010-06-18 00:00:00,0.7741483200636906,0.1,230.0,3.365862261146481,0.0,0.0,0.0
2010-06-18 01:00:00,0.7876510707680004,0.1,230.0,3.4245698729043497,0.0,0.0,0.0
2010-06-18 02:00:00,1.067560311909135,0.1,230.0,4.641566573517978,0.0,0.0,0.0
2010-06-18 03:00:00,1.5766834470077478,0.1,230.0,6.855145421772817,0.0,0.0,0.0
2010-06-18 04:00:00,1.7181241063798571,0.1,230.0,7.4701048103472045,0.0,0.0,0.0
2010-06-18 05:00:00,2.03966589969851,0.1,230.0,8.868112607384827,0.0,0.0,0.0
2010-06-18 06:00:00,2.209212038046405,0.1,230.0,9.605269730636545,0.0,0.0,0.0
2010-06-18 07:00:00,2.3448917950602484,0.1,230.0,10.195181717653254,0.0,0.0,0.0
2010-06-18 08:00:00,2.5017610501561425,0.1,230.0,10.87722195720062,0.0,0.0,0.0
2010-06-18 09:00:00,2.5806046962458553,0.1,230.0,11.22002041846024,0.0,0.0,0.0
2010-06-18 10:00:00,2.6010837048290014,0.1,230.0,11.30905958621305,0.0,0.0,0.0
2010-06-18 11:00:00,2.230978698977875,0.1,230.0,9.699907386860326,0.0,0.0,0.0
2010-06-18 12:00:00,2.198120891489067,0.1,230.0,9.55704735430029,0.0,0.0,0.0
2010-06-18 13:00:00,1.8623404096218907,0.1,230.0,8.09713221574735,0.0,0.0,0.0
2010-06-18 14:00:00,1.714590758411843,0.1,230.0,7.454742427877578,0.0,0.0,0.0
2010-06-18 15:00:00,1.6155956590700091,0.1,230.0,7.0243289524783,0.0,0.0,0.0
2010-06-18 16:00:00,1.2728881498078528,0.1,230.0,5.534296303512404,0.0,0.0,0.0
2010-06-18 17:00:00,1.1825550711340027,0.1,230.0,5.141543787539142,0.0,0.0,0.0
2010-06-18 18:00:00,0.6414869377898756,0.1,230.0,2.789073642564677,0.0,0.0,0.0
2010-06-18 19:00:00,0.7507572128503454,0.1,230.0,3.2641617950015016,0.0,0.0,0.0
2010-06-18 20:00:00,0.5726830250532623,0.1,230.0,2.4899261958837493,0.0,0.0,0.0
2010-06-18 21:00:00,0.6981960552105744,0.1,230.0,3.035635022654671,0.0,0.0,0.0
2010-06-18 22:00:00,0.7357091606625704,0.1,230.0,3.1987354811416107,0.0,0.0,0.0
2010-06-18 23:00:00,0.543422475678655,0.1,230.0,2.362706415994152,0.0,0.0,0.0
2010-06-19 00:00:00,0.9519714279053377,0.1,230.0,4.139006208284077,0.0,0.0,0.0
2010-06-19 01:00:00,1.3008022817819096,0.1,230.0,5.655662094703955,0.0,0.0,0.0
2010-06-19 02:00:00,1.5267038430175697,0.1,230.0,6.637842795728564,0.0,0.0,0.0
2010-06-19 03:00:00,2.0733845485234306,0.1,230.0,9.014715428362742,0.0,0.0,0.0
2010-06-19 04:00:00,2.213068835044313,0.1,230.0,9.622038413236144,0.0,0.0,0.0
2010-06-19 05:00:00,2.655123416016235,0.1,230.0,11.5440148522445,0.0,0.0,0.0
2010-06-19 06:00:00,3.047439599424067,0.1,230.0,13.249737388800293,0.0,0.0,0.0
2010-06-19 07:00:00,3.154699245600072,0.1,230.0,13.716083676522052,0.0,0.0,0.0
2010-06-19 08:00:00,3.110089555501685,0.1,230.0,13.52212850218124,0.0,0.0,0.0
2010-06-19 09:00:00,3.2484821395478374,0.1,230.0,14.123835389338424,0.0,0.0,0.0
2010-06-19 10:00:00,3.1283246531952837,0.1,230.0,13.601411535631668,0.0,0.0,0.0
2010-06-19 11:00:00,2.940934892787135,0.1,230.0,12.786673446900586,0.0,0.0,0.0
2010-06-19 12:00:00,2.9040323098596335,0.1,230.0,12.62622743417232,0.0,0.0,0.0
2010-06-19 13:00:00,2.548125340308181,0.1,230.0,11.078805827426875,0.0,0.0,0.0
2010-06-19 14:00:00,2.2157672026560116,0.1,230.0,9.633770446330486,0.0,0.0,0.0
2010-06-19 15:00:00,1.9419343622279155,0.1,230.0,8.443192879251807,0.0,0.0,0.0
2010-06-19 16:00:00,1.7623917394662065,0.1,230.0,7.662572780287854,0.0,0.0,0.0
2010-06-19 17:00:00,1.4336148935099924,0.1,230.0,6.23310823265214,0.0,0.0,0.0
2010-06-19 18:00:00,1.1315439302505708,0.1,230.0,4.919756218480742,0.0,0.0,0.0
2010-06-19 19:00:00,0.9345028324215776,0.1,230.0,4.063055793137294,0.0,0.0,0.0
2010-06-19 20:00:00,0.825791035129211,0.1,230.0,3.590395804909613,0.0,0.0,0.0
2010-06-19 21:00:00,0.7757456499468772,0.1,230.0,3.3728071736820753,0.0,0.0,0.0
2010-06-19 22:00:00,0.46592042406068357,0.1,230.0,2.0257409741768853,0.0,0.0,0.0
2010-06-19 23:00:00,1.0375033420359088,0.1,230.0,4.5108840958083,0.0,0.0,0.0
2010-06-20 00:00:00,1.28344922540703,0.1,230.0,5.580214023508827,0.0,0.0,0.0
2010-06-20 01:00:00,1.3253798858925543,0.1,230.0,5.762521243011106,0.0,0.0,0.0
2010-06-20 02:00:00,1.5309110975170004,0.1,230.0,6.656135206595653,0.0,0.0,0.0
2010-06-20 03:00:00,1.9867386836843621,0.1,230.0,8.63799427688853,0.0,0.0,0.0
2010-06-20 04:00:00,2.304772592747461,0.1,230.0,10.020750403249831,0.0,0.0,0.0
2010-06-20 05:00:00,2.580844034470148,0.1,230.0,11.221061019435426,0.0,0.0,0.0
2010-06-20 06:00:00,2.5560293854906218,0.1,230.0,11.113171241263572,0.0,0.0,0.0
2010-06-20 07:00:00,3.0748930173651075,0.1,230.0,13.369100075500468,0.0,0.0,0.0
2010-06-20 08:00:00,3.179881738757229,0.1,230.0,13.825572777205343,0.0,0.0,0.0
2010-06-20 09:00:00,3.2480184682242563,0.1,230.0,14.121819427061983,0.0,0.0,0.0
2010-06-20 10:00:00,3.1981469129190243,0.1,230.0,13.9049865779088,0.0,0.0,0.0
2010-06-20 11:00:00,2.98520168537311,0.1,230.0,12.979137762491781,0.0,0.0,0.0
2010-06-20 12:00:00,2.84588292401861,0.1,230.0,12.373404017472218,0.0,0.0,0.0
2010-06-20 13:00:00,2.415797090567823,0.1,230.0,10.503465611164447,0.0,0.0,0.0
2010-06-20 14:00:00,2.3640436316842637,0.1,230.0,10.278450572540278,0.0,0.0,0.0
2010-06-20 15:00:00,2.0011565500532416,0.1,230.0,8.700680652405397,0.0,0.0,0.0
2010-06-20 16:00:00,1.6719907050589673,0.1,230.0,7.269524804604205,0.0,0.0,0.0
2010-06-20 17:00:00,1.2531827102099917,0.1,230.0,5.448620479173877,0.0,0.0,0.0
2010-06-20 18:00:00,1.0692836104984322,0.1,230.0,4.64905917608014,0.0,0.0,0.0
2010-06-20 19:00:00,1.019265034059961,0.1,230.0,4.431587104608526,0.0,0.0,0.0
2010-06-20 20:00:00,0.8016826142407861,0.1,230.0,3.485576583655592,0.0,0.0,0.0
2010-06-20 21:00:00,0.4927287094214568,0.1,230.0,2.1422987366150297,0.0,0.0,0.0
2010-06-20 22:00:00,0.9416283107434865,0.1,230.0,4.094036133667332,0.0,0.0,0.0
2010-06-20 23:00:00,0.7596640163429136,0.1,230.0,3.302887027577885,0.0,0.0,0.0
2010-06-21 00:00:00,0.7378830856828749,0.1,230.0,3.2081873290559777,0.0,0.0,0.0
2010-06-21 01:00:00,0.8857361752012989,0.1,230.0,3.8510268487012995,0.0,0.0,0.0
2010-06-21 02:00:00,1.2660345588244377,0.1,230.0,5.504498081845381,0.0,0.0,0.0
2010-06-21 03:00:00,1.5643989761962522,0.1,230.0,6.801734679114141,0.0,0.0,0.0
2010-06-21 04:00:00,1.72538706121359,0.1,230.0,7.501682874841696,0.0,0.0,0.0
2010-06-21 05:00:00,1.6587431977577494,0.1,230.0,7.211926946772824,0.0,0.0,0.0
2010-06-21 06:00:00,1.9999875298821195,0.1,230.0,8.695597956009214,0.0,0.0,0.0
2010-06-21 07:00:00,2.22937941227632,0.1,230.0,9.692953966418784,0.0,0.0,0.0
2010-06-21 08:00:00,2.5692271256433856,0.1,230.0,11.170552720188633,0.0,0.0,0.0
2010-06-21 09:00:00,2.3735048303610213,0.1,230.0,10.319586218960962,0.0,0.0,0.0
2010-06-21 10:00:00,2.403906300161438,0.1,230.0,10.451766522441035,0.0,0.0,0.0
2010-06-21 11:00:00,2.2640766928436555,0.1,230.0,9.843811708015894,0.0,0.0,0.0
2010-06-21 12:00:00,2.2851887528921413,0.1,230.0,9.935603273444093,0.0,0.0,0.0
2010-06-21 13:00:00,1.9649880543017972,0.1,230.0,8.543426323051293,0.0,0.0,0.0
2010-06-21 14:00:00,1.9619100498555535,0.1,230.0,8.530043695024146,0.0,0.0,0.0
2010-06-21 15:00:00,1.422809847009917,0.1,230.0,6.1861297696083355,0.0,0.0,0.0
2010-06-21 16:00:00,1.1584323204567721,0.1,230.0,5.036662262855532,0.0,0.0,0.0
2010-06-21 17:00:00,0.9657372408976008,0.1,230.0,4.198857569120004,0.0,0.0,0.0
2010-06-21 18:00:00,0.9499624359029939,0.1,230.0,4.1302714604477995,0.0,0.0,0.0
2010-06-21 19:00:00,0.5939835398544304,0.1,230.0,2.5825371298018713,0.0,0.0,0.0
2010-06-21 20:00:00,0.556468540831862,0.1,230.0,2.4194284383994002,0.0,0.0,0.0
2010-06-21 21:00:00,0.3805931861203626,0.1,230.0,1.6547529831320114,0.0,0.0,0.0
2010-06-21 22:00:00,0.4884731346155191,0.1,230.0,2.1237962374587784,0.0,0.0,0.0
2010-06-21 23:00:00,0.5112017105339545,0.1,230.0,2.2226161327563236,0.0,0.0,0.0
2010-06-22 00:00:00,0.8687412435784427,0.1,230.0,3.7771358416454035,0.0,0.0,0.0
2010-06-22 01:00:00,1.1734668953532705,0.1,230.0,5.1020299797968285,0.0,0.0,0.0
2010-06-22 02:00:00,1.225582093701016,0.1,230.0,5.328617798700069,0.0,0.0,0.0
2010-06-22 03:00:00,1.6240627049641652,0.1,230.0,7.06114219549637,0.0,0.0,0.0
2010-06-22 04:00:00,1.7141863200957879,0.1,230.0,7.4529840004164685,0.0,0.0,0.0
2010-06-22 05:00:00,2.0192521785568025,0.1,230.0,8.779357298073053,0.0,0.0,0.0
2010-06-22 06:00:00,2.111460049745154,0.1,230.0,9.180261085848494,0.0,0.0,0.0
2010-06-22 07:00:00,2.259709379579033,0.1,230.0,9.824823389474057,0.0,0.0,0.0
2010-06-22 08:00:00,2.6327327033424694,0.1,230.0,11.446663927575955,0.0,0.0,0.0
2010-06-22 09:00:00,2.6522119555730885,0.1,230.0,11.531356328578648,0.0,0.0,0.0
2010-06-22 10:00:00,2.6180208815324666,0.1,230.0,11.38269948492377,0.0,0.0,0.0
2010-06-22 11:00:00,2.359293249598716,0.1,230.0,10.257796737385723,0.0,0.0,0.0
2010-06-22 12:00:00,2.3344040254371645,0.1,230.0,10.149582719292018,0.0,0.0,0.0
2010-06-22 13:00:00,1.8363358211915997,0.1,230.0,7.984068787789564,0.0,0.0,0.0
2010-06-22 14:00:00,1.6649534373921548,0.1,230.0,7.238927988661543,0.0,0.0,0.0
2010-06-22 15:00:00,1.6567467129112303,0.1,230.0,7.203246577874914,0.0,0.0,0.0
2010-06-22 16:00:00,1.2271288581127493,0.1,230.0,5.335342861359779,0.0,0.0,0.0
2010-06-22 17:00:00,0.9817508642521363,0.1,230.0,4.268482018487549,0.0,0.0,0.0
2010-06-22 18:00:00,0.787424217194713,0.1,230.0,3.4235835530204914,0.0,0.0,0.0
2010-06-22 19:00:00,0.8795672094764888,0.1,230.0,3.8242052585934294,0.0,0.0,0.0
2010-06-22 20:00:00,0.43450537071224704,0.1,230.0,1.889153785705422,0.0,0.0,0.0
2010-06-22 21:00:00,0.42213814365711444,0.1,230.0,1.8353832332918019,0.0,0.0,0.0
2010-06-22 22:00:00,0.4734551027767585,0.1,230.0,2.0585004468554717,0.0,0.0,0.0
2010-06-22 23:00:00,0.5852802204811484,0.1,230.0,2.5446966107876015,0.0,0.0,0.0
2010-06-23 00:00:00,0.8267247757946525,0.1,230.0,3.5944555469332715,0.0,0.0,0.0
2010-06-23 01:00:00,0.8426279036518425,0.1,230.0,3.6635995810949673,0.0,0.0,0.0
2010-06-23 02:00:00,1.2896817574039015,0.1,230.0,5.607311988712615,0.0,0.0,0.0
2010-06-23 03:00:00,1.3770371480812837,0.1,230.0,5.9871180351360165,0.0,0.0,0.0
2010-06-23 04:00:00,1.901052761815352,0.1,230.0,8.265446790501532,0.0,0.0,0.0
2010-06-23 05:00:00,1.9900889426996313,0.1,230.0,8.65256062043318,0.0,0.0,0.0
2010-06-23 06:00:00,2.2758346019704914,0.1,230.0,9.894933052045614,0.0,0.0,0.0
2010-06-23 07:00:00,2.1883719901626275,0.1,230.0,9.514660826794032,0.0,0.0,0.0
2010-06-23 08:00:00,2.515479748296464,0.1,230.0,10.936868470854192,0.0,0.0,0.0
2010-06-23 09:00:00,2.6420693470557937,0.1,230.0,11.487258030677364,0.0,0.0,0.0
2010-06-23 10:00:00,2.541846444529315,0.1,230.0,11.05150628056224,0.0,0.0,0.0
2010-06-23 11:00:00,2.2400506502159123,0.1,230.0,9.739350653112663,0.0,0.0,0.0
2010-06-23 12:00:00,2.210881110323109,0.1,230.0,9.612526566622213,0.0,0.0,0.0
2010-06-23 13:00:00,1.9294701650974968,0.1,230.0,8.389000717815204,0.0,0.0,0.0
2010-06-23 14:00:00,1.7564870576514182,0.1,230.0,7.63690025065834,0.0,0.0,0.0
2010-06-23 15:00:00,1.5096109432914058,0.1,230.0,6.563525840397417,0.0,0.0,0.0
2010-06-23 16:00:00,1.3200580222168257,0.1,230.0,5.739382705290547,0.0,0.0,0.0
2010-06-23 17:00:00,1.0320254432513543,0.1,230.0,4.487067144571106,0.0,0.0,0.0
2010-06-23 18:00:00,0.8115622015805939,0.1,230.0,3.5285313112199734,0.0,0.0,0.0
2010-06-23 19:00:00,0.6964700390419641,0.1,230.0,3.0281306045302787,0.0,0.0,0.0
2010-06-23 20:00:00,0.6008574718451143,0.1,230.0,2.612423790630932,0.0,0.0,0.0
2010-06-23 21:00:00,0.57578653446136,0.1,230.0,2.5034197150493913,0.0,0.0,0.0
2010-06-23 22:00:00,0.5894365036049156,0.1,230.0,2.562767406977894,0.0,0.0,0.0
2010-06-23 23:00:00,0.5794443410791548,0.1,230.0,2.519323222083282,0.0,0.0,0.0
2010-06-24 00:00:00,0.8557181930291616,0.1,230.0,3.720513882735485,0.0,0.0,0.0
2010-06-24 01:00:00,1.0219612630214434,0.1,230.0,4.443309839223667,0.0,0.0,0.0
2010-06-24 02:00:00,1.2568986788804126,0.1,230.0,5.464776864697447,0.0,0.0,0.0
2010-06-24 03:00:00,1.4312942959632204,0.1,230.0,6.223018678100959,0.0,0.0,0.0
2010-06-24 04:00:00,1.6266268764580745,0.1,230.0,7.07229076720902,0.0,0.0,0.0
2010-06-24 05:00:00,1.9176826616061333,0.1,230.0,8.337750702635361,0.0,0.0,0.0
2010-06-24 06:00:00,2.2006195394350887,0.1,230.0,9.567911041022125,0.0,0.0,0.0
2010-06-24 07:00:00,2.3744119376243837,0.1,230.0,10.323530163584278,0.0,0.0,0.0
2010-06-24 08:00:00,2.41496154838381,0.1,230.0,10.499832819060043,0.0,0.0,0.0
2010-06-24 09:00:00,2.533878750445933,0.1,230.0,11.016864132373621,0.0,0.0,0.0
2010-06-24 10:00:00,2.5330001676103766,0.1,230.0,11.013044207001638,0.0,0.0,0.0
2010-06-24 11:00:00,2.4023659465473264,0.1,230.0,10.445069332814462,0.0,0.0,0.0
2010-06-24 12:00:00,2.1997525234232884,0.1,230.0,9.564141406188211,0.0,0.0,0.0
2010-06-24 13:00:00,2.0409774370591363,0.1,230.0,8.873814943735375,0.0,0.0,0.0
2010-06-24 14:00:00,1.9842540038883567,0.1,230.0,8.627191321253724,0.0,0.0,0.0
2010-06-24 15:00:00,1.239085163563102,0.1,230.0,5.387326798100443,0.0,0.0,0.0
2010-06-24 16:00:00,1.1165884337946173,0.1,230.0,4.8547323208461615,0.0,0.0,0.0
2010-06-24 17:00:00,1.0415602492503921,0.1,230.0,4.528522822827792,0.0,0.0,0.0
2010-06-24 18:00:00,0.7539883613149816,0.1,230.0,3.2782102665868766,0.0,0.0,0.0
2010-06-24 19:00:00,0.4820254452920009,0.1,230.0,2.0957628056173956,0.0,0.0,0.0
2010-06-24 20:00:00,0.6545536571522305,0.1,230.0,2.8458854658792627,0.0,0.0,0.0
2010-06-24 21:00:00,0.2567823521244465,0.1,230.0,1.116445009236724,0.0,0.0,0.0
2010-06-24 22:00:00,0.713031780395951,0.1,230.0,3.10013817563457,0.0,0.0,0.0
2010-06-24 23:00:00,0.7411142694289246,0.1,230.0,3.2222359540388026,0.0,0.0,0.0
2010-06-25 00:00:00,0.9931860890179223,0.1,230.0,4.3182003870344445,0.0,0.0,0.0
2010-06-25 01:00:00,1.0358781213027344,0.1,230.0,4.503817918707541,0.0,0.0,0.0
2010-06-25 02:00:00,1.3673010371670653,0.1,230.0,5.9447871181176755,0.0,0.0,0.0
2010-06-25 03:00:00,1.5009697514399167,0.1,230.0,6.525955441043116,0.0,0.0,0.0
2010-06-25 04:00:00,2.082979851495005,0.1,230.0,9.056434136934806,0.0,0.0,0.0
2010-06-25 05:00:00,1.988127774493455,0.1,230.0,8.644033802145456,0.0,0.0,0.0
2010-06-25 06:00:00,2.1824059042885224,0.1,230.0,9.488721322993575,0.0,0.0,0.0
2010-06-25 07:00:00,2.2701065691548683,0.1,230.0,9.870028561542906,0.0,0.0,0.0
2010-06-25 08:00:00,2.5574426208960315,0.1,230.0,11.119315743026222,0.0,0.0,0.0
2010-06-25 09:00:00,2.4365664228858677,0.1,230.0,10.593767056025511,0.0,0.0,0.0
2010-06-25 10:00:00,2.438039609916248,0.1,230.0,10.600172217027165,0.0,0.0,0.0
2010-06-25 11:00:00,2.2903649133379615,0.1,230.0,9.958108318860702,0.0,0.0,0.0
2010-06-25 12:00:00,2.1959824303284443,0.1,230.0,9.547749697080194,0.0,0.0,0.0
2010-06-25 13:00:00,1.8625628789912132,0.1,230.0,8.09809947387484,0.0,0.0,0.0
2010-06-25 14:00:00,1.7540979647050277,0.1,230.0,7.626512890021859,0.0,0.0,0.0
2010-06-25 15:00:00,1.5975414920013127,0.1,230.0,6.945832573918751,0.0,0.0,0.0
2010-06-25 16:00:00,1.2290141707650313,0.1,230.0,5.34353987289144,0.0,0.0,0.0
2010-06-25 17:00:00,0.9790373688768743,0.1,230.0,4.25668421250815,0.0,0.0,0.0
2010-06-25 18:00:00,0.792441993826884,0.1,230.0,3.445399973160365,0.0,0.0,0.0
2010-06-25 19:00:00,0.4677801138124541,0.1,230.0,2.033826581793279,0.0,0.0,0.0
2010-06-25 20:00:00,0.5906365579335102,0.1,230.0,2.5679850344935224,0.0,0.0,0.0
2010-06-25 21:00:00,0.5525982517912202,0.1,230.0,2.402601094744436,0.0,0.0,0.0
2010-06-25 22:00:00,0.38514007132106487,0.1,230.0,1.6745220492220212,0.0,0.0,0.0
2010-06-25 23:00:00,0.5129093513299992,0.1,230.0,2.230040657956518,0.0,0.0,0.0
2010-06-26 00:00:00,1.098613135861494,0.1,230.0,4.7765788515717125,0.0,0.0,0.0
2010-06-26 01:00:00,1.2254205691044175,0.1,230.0,5.327915517845294,0.0,0.0,0.0
2010-06-26 02:00:00,1.6182791458807726,0.1,230.0,7.035996286438142,0.0,0.0,0.0
2010-06-26 03:00:00,2.0172925171279372,0.1,230.0,8.77083703099103,0.0,0.0,0.0
2010-06-26 04:00:00,2.1785211565410587,0.1,230.0,9.471831115395908,0.0,0.0,0.0
2010-06-26 05:00:00,2.5334151691897264,0.1,230.0,11.014848561694462,0.0,0.0,0.0
2010-06-26 06:00:00,2.929233242705839,0.1,230.0,12.735796707416691,0.0,0.0,0.0
2010-06-26 07:00:00,3.022758958791255,0.1,230.0,13.142430255614151,0.0,0.0,0.0
2010-06-26 08:00:00,3.3328624186351608,0.1,230.0,14.49070616797896,0.0,0.0,0.0
2010-06-26 09:00:00,3.264015695812382,0.1,230.0,14.191372590488617,0.0,0.0,0.0
2010-06-26 10:00:00,3.3997180624131937,0.1,230.0,14.781382880057365,0.0,0.0,0.0
2010-06-26 11:00:00,3.115068221411461,0.1,230.0,13.543774875702006,0.0,0.0,0.0
2010-06-26 12:00:00,2.808672904894087,0.1,230.0,12.211621325626465,0.0,0.0,0.0
2010-06-26 13:00:00,2.6245149750098316,0.1,230.0,11.41093467395579,0.0,0.0,0.0
2010-06-26 14:00:00,2.197323478851496,0.1,230.0,9.553580342832591,0.0,0.0,0.0
2010-06-26 15:00:00,1.8069873257146398,0.1,230.0,7.856466633541912,0.0,0.0,0.0
2010-06-26 16:00:00,1.6410741436845,0.1,230.0,7.1351049725413045,0.0,0.0,0.0
2010-06-26 17:00:00,1.2098674564310612,0.1,230.0,5.260293288830701,0.0,0.0,0.0
2010-06-26 18:00:00,0.8414569904687346,0.1,230.0,3.6585086542118894,0.0,0.0,0.0
2010-06-26 19:00:00,0.8062497594288703,0.1,230.0,3.5054337366472623,0.0,0.0,0.0
2010-06-26 20:00:00,0.5905954186691632,0.1,230.0,2.5678061681267965,0.0,0.0,0.0
2010-06-26 21:00:00,0.6102515320501373,0.1,230.0,2.6532675306527707,0.0,0.0,0.0
2010-06-26 22:00:00,0.6738332726380964,0.1,230.0,2.929709881035202,0.0,0.0,0.0
2010-06-26 23:00:00,0.681656987120427,0.1,230.0,2.963726030958378,0.0,0.0,0.0
2010-06-27 00:00:00,1.1117792244536977,0.1,230.0,4.833822715016077,0.0,0.0,0.0
2010-06-27 01:00:00,1.367530022687836,0.1,230.0,5.9457827073384175,0.0,0.0,0.0
2010-06-27 02:00:00,1.7624603101026566,0.1,230.0,7.662870913489812,0.0,0.0,0.0
2010-06-27 03:00:00,1.9852302616551734,0.1,230.0,8.631435920239884,0.0,0.0,0.0
2010-06-27 04:00:00,2.2024383677406396,0.1,230.0,9.575818990176693,0.0,0.0,0.0
2010-06-27 05:00:00,2.6177130538841342,0.1,230.0,11.381361103844062,0.0,0.0,0.0
2010-06-27 06:00:00,2.931964872764858,0.1,230.0,12.747673359847207,0.0,0.0,0.0
2010-06-27 07:00:00,3.2266740775104177,0.1,230.0,14.029017728306163,0.0,0.0,0.0
2010-06-27 08:00:00,3.1908284775428957,0.1,230.0,13.873167293664764,0.0,0.0,0.0
2010-06-27 09:00:00,3.479650633504758,0.1,230.0,15.128915797846773,0.0,0.0,0.0
2010-06-27 10:00:00,3.342731112331369,0.1,230.0,14.533613531875519,0.0,0.0,0.0
2010-06-27 11:00:00,3.140861887025261,0.1,230.0,13.655921247935916,0.0,0.0,0.0
2010-06-27 12:00:00,2.8152570031957125,0.1,230.0,12.24024783998136,0.0,0.0,0.0
2010-06-27 13:00:00,2.631804146264438,0.1,230.0,11.442626722888862,0.0,0.0,0.0
2010-06-27 14:00:00,2.335661120582849,0.1,230.0,10.155048350360213,0.0,0.0,0.0
2010-06-27 15:00:00,1.803710037284859,0.1,230.0,7.842217553412429,0.0,0.0,0.0
2010-06-27 16:00:00,1.5706797037420395,0.1,230.0,6.82904219018278,0.0,0.0,0.0
2010-06-27 17:00:00,1.4151670445567461,0.1,230.0,6.1529001937249825,0.0,0.0,0.0
2010-06-27 18:00:00,1.0697982364768381,0.1,230.0,4.651296680334079,0.0,0.0,0.0
2010-06-27 19:00:00,0.7560073792095939,0.1,230.0,3.286988605259104,0.0,0.0,0.0
2010-06-27 20:00:00,0.5843553784589198,0.1,230.0,2.540675558517043,0.0,0.0,0.0
2010-06-27 21:00:00,0.5841851122489153,0.1,230.0,2.5399352706474576,0.0,0.0,0.0
2010-06-27 22:00:00,0.8609225118844378,0.1,230.0,3.7431413560192945,0.0,0.0,0.0
2010-06-27 23:00:00,0.9173307644783159,0.1,230.0,3.9883946281665903,0.0,0.0,0.0
2010-06-28 00:00:00,0.9610425950535813,0.1,230.0,4.178446065450354,0.0,0.0,0.0
2010-06-28 01:00:00,1.0623713654263607,0.1,230.0,4.61900593663635,0.0,0.0,0.0
2010-06-28 02:00:00,1.2655643770458949,0.1,230.0,5.502453813243021,0.0,0.0,0.0
2010-06-28 03:00:00,1.6479855373832926,0.1,230.0,7.165154510362141,0.0,0.0,0.0
2010-06-28 04:00:00,1.8805535208771016,0.1,230.0,8.176319655987399,0.0,0.0,0.0
2010-06-28 05:00:00,1.8996473480812623,0.1,230.0,8.259336296005488,0.0,0.0,0.0
2010-06-28 06:00:00,2.118072271868214,0.1,230.0,9.209009877687887,0.0,0.0,0.0
2010-06-28 07:00:00,2.412259480939886,0.1,230.0,10.488084699738634,0.0,0.0,0.0
2010-06-28 08:00:00,2.382527195347188,0.1,230.0,10.35881389281386,0.0,0.0,0.0
2010-06-28 09:00:00,2.6611570559889213,0.1,230.0,11.57024806951705,0.0,0.0,0.0
2010-06-28 10:00:00,2.6574027113722867,0.1,230.0,11.55392483205342,0.0,0.0,0.0
2010-06-28 11:00:00,2.5683488836560207,0.1,230.0,11.166734276765306,0.0,0.0,0.0
2010-06-28 12:00:00,2.2078909688160455,0.1,230.0,9.599525951374112,0.0,0.0,0.0
2010-06-28 13:00:00,1.922001361701791,0.1,230.0,8.356527659573004,0.0,0.0,0.0
2010-06-28 14:00:00,1.7050480091242395,0.1,230.0,7.41325221358365,0.0,0.0,0.0
2010-06-28 15:00:00,1.602220620778858,0.1,230.0,6.966176612081992,0.0,0.0,0.0
2010-06-28 16:00:00,1.1195522270124278,0.1,230.0,4.867618378314904,0.0,0.0,0.0
2010-06-28 17:00:00,1.0025592320562553,0.1,230.0,4.358953182853284,0.0,0.0,0.0
2010-06-28 18:00:00,0.5513137689112871,0.1,230.0,2.397016386570814,0.0,0.0,0.0
2010-06-28 19:00:00,0.5874597557798227,0.1,230.0,2.55417285121662,0.0,0.0,0.0
2010-06-28 20:00:00,0.5408744592465642,0.1,230.0,2.351628083680714,0.0,0.0,0.0
2010-06-28 21:00:00,0.6921898606511485,0.1,230.0,3.009521133265863,0.0,0.0,0.0
2010-06-28 22:00:00,0.49377132193745144,0.1,230.0,2.1468318345106585,0.0,0.0,0.0
2010-06-28 23:00:00,0.773548331350788,0.1,230.0,3.363253614568644,0.0,0.0,0.0
2010-06-29 00:00:00,0.732401883037263,0.1,230.0,3.184356013205491,0.0,0.0,0.0
2010-06-29 01:00:00,0.865768299635053,0.1,230.0,3.7642099984132735,0.0,0.0,0.0
2010-06-29 02:00:00,1.173758250780678,0.1,230.0,5.103296742524687,0.0,0.0,0.0
2010-06-29 03:00:00,1.5323108630910613,0.1,230.0,6.66222114387418,0.0,0.0,0.0
2010-06-29 04:00:00,1.6296439679701875,0.1,230.0,7.08540855639212,0.0,0.0,0.0
2010-06-29 05:00:00,2.0058501510683278,0.1,230.0,8.721087613340556,0.0,0.0,0.0
2010-06-29 06:00:00,2.0366759692421414,0.1,230.0,8.855112909748442,0.0,0.0,0.0
2010-06-29 07:00:00,2.355343843748478,0.1,230.0,10.24062540760208,0.0,0.0,0.0
2010-06-29 08:00:00,2.286420017488997,0.1,230.0,9.940956597778248,0.0,0.0,0.0
2010-06-29 09:00:00,2.3358552222561104,0.1,230.0,10.15589227067874,0.0,0.0,0.0
2010-06-29 10:00:00,2.4181898549227077,0.1,230.0,10.513868934446554,0.0,0.0,0.0
2010-06-29 11:00:00,2.2933040581800554,0.1,230.0,9.970887209478503,0.0,0.0,0.0
2010-06-29 12:00:00,2.1342632801454267,0.1,230.0,9.27940556584968,0.0,0.0,0.0
2010-06-29 13:00:00,1.9076713930893454,0.1,230.0,8.294223448214545,0.0,0.0,0.0
2010-06-29 14:00:00,1.7794030552347897,0.1,230.0,7.736535022759955,0.0,0.0,0.0
2010-06-29 15:00:00,1.3793405913671504,0.1,230.0,5.997133005944132,0.0,0.0,0.0
2010-06-29 16:00:00,1.302298438075385,0.1,230.0,5.662167122066892,0.0,0.0,0.0
2010-06-29 17:00:00,1.122272813059857,0.1,230.0,4.879447013303725,0.0,0.0,0.0
2010-06-29 18:00:00,0.6028359681030171,0.1,230.0,2.6210259482739873,0.0,0.0,0.0
2010-06-29 19:00:00,0.5976687096810444,0.1,230.0,2.5985596073088884,0.0,0.0,0.0
2010-06-29 20:00:00,0.5311051370330323,0.1,230.0,2.309152769708836,0.0,0.0,0.0
2010-06-29 21:00:00,0.62994244063846,0.1,230.0,2.738880176688957,0.0,0.0,0.0
2010-06-29 22:00:00,0.4590413986879847,0.1,230.0,1.9958321682086293,0.0,0.0,0.0
2010-06-29 23:00:00,0.6260904549545198,0.1,230.0,2.722132412845738,0.0,0.0,0.0
2010-06-30 00:00:00,0.7075103471101298,0.1,230.0,3.076131943957086,0.0,0.0,0.0
2010-06-30 01:00:00,1.1168520546970582,0.1,230.0,4.855878498682861,0.0,0.0,0.0
2010-06-30 02:00:00,1.1886962248377955,0.1,230.0,5.1682444558165015,0.0,0.0,0.0
2010-06-30 03:00:00,1.4556930919959692,0.1,230.0,6.329100399982474,0.0,0.0,0.0
2010-06-30 04:00:00,1.7013401103732781,0.1,230.0,7.397130914666427,0.0,0.0,0.0
2010-06-30 05:00:00,1.9524081253519752,0.1,230.0,8.488730979791196,0.0,0.0,0.0
2010-06-30 06:00:00,2.1112975458510452,0.1,230.0,9.179554547178457,0.0,0.0,0.0
2010-06-30 07:00:00,2.2544720833226632,0.1,230.0,9.802052536185492,0.0,0.0,0.0
2010-06-30 08:00:00,2.437615764500287,0.1,230.0,10.598329410870814,0.0,0.0,0.0
2010-06-30 09:00:00,2.5356498417137114,0.1,230.0,11.02456452919005,0.0,0.0,0.0
2010-06-30 10:00:00,2.466305848976974,0.1,230.0,10.723068908595538,0.0,0.0,0.0
2010-06-30 11:00:00,2.3777649702035233,0.1,230.0,10.338108566102274,0.0,0.0,0.0
2010-06-30 12:00:00,2.2146337124511786,0.1,230.0,9.628842228048603,0.0,0.0,0.0
2010-06-30 13:00:00,2.2622077658997477,0.1,230.0,9.835685938694555,0.0,0.0,0.0
2010-06-30 14:00:00,1.7156631961174447,0.1,230.0,7.459405200510629,0.0,0.0,0.0
2010-06-30 15:00:00,1.520161691168299,0.1,230.0,6.6093986572534735,0.0,0.0,0.0
2010-06-30 16:00:00,1.2925558404041664,0.1,230.0,5.619808001757246,0.0,0.0,0.0
2010-06-30 17:00:00,0.9053786828835249,0.1,230.0,3.9364290560153257,0.0,0.0,0.0
2010-06-30 18:00:00,0.6459208574411547,0.1,230.0,2.808351554091977,0.0,0.0,0.0
2010-06-30 19:00:00,0.6731104265448478,0.1,230.0,2.926567071934121,0.0,0.0,0.0
2010-06-30 20:00:00,0.49565897195525216,0.1,230.0,2.1550390085010966,0.0,0.0,0.0
2010-06-30 21:00:00,0.5140852056227788,0.1,230.0,2.2351530679251255,0.0,0.0,0.0
2010-06-30 22:00:00,0.6221448046997348,0.1,230.0,2.7049774117379775,0.0,0.0,0.0
2010-06-30 23:00:00,0.5930465223195667,0.1,230.0,2.578463140519855,0.0,0.0,0.0
2010-07-01 00:00:00,0.7963534099013083,0.1,230.0,3.462406130005688,0.0,0.0,0.0
2010-07-01 01:00:00,0.899741322714263,0.1,230.0,3.9119187944098393,0.0,0.0,0.0
2010-07-01 02:00:00,1.1900046442574121,0.1,230.0,5.173933235901792,0.0,0.0,0.0
2010-07-01 03:00:00,1.4509653529640822,0.1,230.0,6.308545012887314,0.0,0.0,0.0
2010-07-01 04:00:00,1.8845518535898416,0.1,230.0,8.19370371126018,0.0,0.0,0.0
2010-07-01 05:00:00,2.0128528588745547,0.1,230.0,8.751534169019802,0.0,0.0,0.0
2010-07-01 06:00:00,2.161849991846967,0.1,230.0,9.399347790638988,0.0,0.0,0.0
2010-07-01 07:00:00,2.4910755667695397,0.1,230.0,10.830763333780608,0.0,0.0,0.0
2010-07-01 08:00:00,2.542903817999377,0.1,230.0,11.056103556519032,0.0,0.0,0.0
2010-07-01 09:00:00,2.4140920371990413,0.1,230.0,10.496052335648006,0.0,0.0,0.0
2010-07-01 10:00:00,2.366812771141989,0.1,230.0,10.290490309312995,0.0,0.0,0.0
2010-07-01 11:00:00,2.3240574567814227,0.1,230.0,10.104597638180099,0.0,0.0,0.0
2010-07-01 12:00:00,2.2714027140256974,0.1,230.0,9.875663974024771,0.0,0.0,0.0
2010-07-01 13:00:00,2.084856179285684,0.1,230.0,9.0645920838508,0.0,0.0,0.0
2010-07-01 14:00:00,1.8254926293589688,0.1,230.0,7.936924475473777,0.0,0.0,0.0
2010-07-01 15:00:00,1.4758021213426786,0.1,230.0,6.416530962359473,0.0,0.0,0.0
2010-07-01 16:00:00,1.2255115300608135,0.1,230.0,5.3283110002644065,0.0,0.0,0.0
2010-07-01 17:00:00,0.88032393620531,0.1,230.0,3.8274953748056957,0.0,0.0,0.0
2010-07-01 18:00:00,0.88192911552579,0.1,230.0,3.834474415329522,0.0,0.0,0.0
2010-07-01 19:00:00,0.4512139237399026,0.1,230.0,1.9617996684343593,0.0,0.0,0.0
2010-07-01 20:00:00,0.49906926486050374,0.1,230.0,2.169866368958712,0.0,0.0,0.0
2010-07-01 21:00:00,0.39415939110279163,0.1,230.0,1.7137364830556159,0.0,0.0,0.0
2010-07-01 22:00:00,0.5163868755541207,0.1,230.0,2.245160328496177,0.0,0.0,0.0
2010-07-01 23:00:00,0.4887859327176347,0.1,230.0,2.1251562292071076,0.0,0.0,0.0
2010-07-02 00:00:00,0.9360665904503594,0.1,230.0,4.069854741088519,0.0,0.0,0.0
2010-07-02 01:00:00,0.9581728078238789,0.1,230.0,4.165968729669038,0.0,0.0,0.0
2010-07-02 02:00:00,1.1422821427722956,0.1,230.0,4.966444099009981,0.0,0.0,0.0
2010-07-02 03:00:00,1.3550964160067562,0.1,230.0,5.891723547855462,0.0,0.0,0.0
2010-07-02 04:00:00,1.7327565456825642,0.1,230.0,7.5337241116633225,0.0,0.0,0.0
2010-07-02 05:00:00,2.0911482573429114,0.1,230.0,9.09194894496918,0.0,0.0,0.0
2010-07-02 06:00:00,2.318948854951505,0.1,230.0,10.082386325876108,0.0,0.0,0.0
2010-07-02 07:00:00,2.2303700094212244,0.1,230.0,9.697260910527064,0.0,0.0,0.0
2010-07-02 08:00:00,2.487851432224957,0.1,230.0,10.816745357499814,0.0,0.0,0.0
2010-07-02 09:00:00,2.464553842776825,0.1,230.0,10.715451490334022,0.0,0.0,0.0
2010-07-02 10:00:00,2.397785321104675,0.1,230.0,10.425153570020326,0.0,0.0,0.0
2010-07-02 11:00:00,2.4503908298381973,0.1,230.0,10.653873173209554,0.0,0.0,0.0
2010-07-02 12:00:00,2.013492440415159,0.1,230.0,8.754314958326777,0.0,0.0,0.0
2010-07-02 13:00:00,1.8752261354714925,0.1,230.0,8.15315711074562,0.0,0.0,0.0
2010-07-02 14:00:00,1.7149967618294455,0.1,230.0,7.456507660128024,0.0,0.0,0.0
2010-07-02 15:00:00,1.3713877836341488,0.1,230.0,5.962555581018038,0.0,0.0,0.0
2010-07-02 16:00:00,1.119329925830812,0.1,230.0,4.866651851438313,0.0,0.0,0.0
2010-07-02 17:00:00,0.8777392757124955,0.1,230.0,3.8162577204891113,0.0,0.0,0.0
2010-07-02 18:00:00,0.905185292255635,0.1,230.0,3.9355882271984135,0.0,0.0,0.0
2010-07-02 19:00:00,0.48307299918620994,0.1,230.0,2.1003173877661303,0.0,0.0,0.0
2010-07-02 20:00:00,0.539923844890148,0.1,230.0,2.347494977783252,0.0,0.0,0.0
2010-07-02 21:00:00,0.3539930061502855,0.1,230.0,1.5391000267403718,0.0,0.0,0.0
2010-07-02 22:00:00,0.544942284048215,0.1,230.0,2.3693142784705,0.0,0.0,0.0
2010-07-02 23:00:00,0.5630335795195953,0.1,230.0,2.4479720848678057,0.0,0.0,0.0
2010-07-03 00:00:00,0.9412895765478473,0.1,230.0,4.092563376294988,0.0,0.0,0.0
2010-07-03 01:00:00,1.4928081839366454,0.1,230.0,6.490470364941937,0.0,0.0,0.0
2010-07-03 02:00:00,1.5837193270481462,0.1,230.0,6.8857362045571575,0.0,0.0,0.0
2010-07-03 03:00:00,1.885992639661197,0.1,230.0,8.199967998526944,0.0,0.0,0.0
2010-07-03 04:00:00,2.247583238120318,0.1,230.0,9.77210103530573,0.0,0.0,0.0
2010-07-03 05:00:00,2.628906730859396,0.1,230.0,11.430029264606068,0.0,0.0,0.0
2010-07-03 06:00:00,3.0579107784120074,0.1,230.0,13.29526425396525,0.0,0.0,0.0
2010-07-03 07:00:00,3.188873782926646,0.1,230.0,13.864668621420199,0.0,0.0,0.0
2010-07-03 08:00:00,3.0982493194931933,0.1,230.0,13.470649215187796,0.0,0.0,0.0
2010-07-03 09:00:00,3.0859455551410955,0.1,230.0,13.41715458756998,0.0,0.0,0.0
2010-07-03 10:00:00,3.2012338113928003,0.1,230.0,13.918407875620872,0.0,0.0,0.0
2010-07-03 11:00:00,3.2355417521394285,0.1,230.0,14.06757283538882,0.0,0.0,0.0
2010-07-03 12:00:00,2.7498226978967084,0.1,230.0,11.955750860420473,0.0,0.0,0.0
2010-07-03 13:00:00,2.6254358483506564,0.1,230.0,11.41493847108981,0.0,0.0,0.0
2010-07-03 14:00:00,2.478225229677591,0.1,230.0,10.774892302946048,0.0,0.0,0.0
2010-07-03 15:00:00,1.9782183486757945,0.1,230.0,8.600949342068672,0.0,0.0,0.0
2010-07-03 16:00:00,1.7492455866973502,0.1,230.0,7.605415594336305,0.0,0.0,0.0
2010-07-03 17:00:00,1.2071462148665664,0.1,230.0,5.24846180376768,0.0,0.0,0.0
2010-07-03 18:00:00,1.04969536809526,0.1,230.0,4.5638929047620005,0.0,0.0,0.0
2010-07-03 19:00:00,0.8042895725018469,0.1,230.0,3.4969111847906382,0.0,0.0,0.0
2010-07-03 20:00:00,0.6961572391796033,0.1,230.0,3.0267706051287098,0.0,0.0,0.0
2010-07-03 21:00:00,0.6631273010039229,0.1,230.0,2.8831621782779253,0.0,0.0,0.0
2010-07-03 22:00:00,0.7536013204511057,0.1,230.0,3.2765274802221986,0.0,0.0,0.0
2010-07-03 23:00:00,0.8043397525310559,0.1,230.0,3.497129358830678,0.0,0.0,0.0
2010-07-04 00:00:00,1.002429012826194,0.1,230.0,4.3583870122878,0.0,0.0,0.0
2010-07-04 01:00:00,1.4825405726930367,0.1,230.0,6.445828576926246,0.0,0.0,0.0
2010-07-04 02:00:00,1.5006502693722814,0.1,230.0,6.524566388575137,0.0,0.0,0.0
2010-07-04 03:00:00,1.9114219237260142,0.1,230.0,8.310530103156584,0.0,0.0,0.0
2010-07-04 04:00:00,2.1939554449112304,0.1,230.0,9.538936717005349,0.0,0.0,0.0
2010-07-04 05:00:00,2.752986361842322,0.1,230.0,11.969505921053573,0.0,0.0,0.0
2010-07-04 06:00:00,2.9183020929909285,0.1,230.0,12.688269969525775,0.0,0.0,0.0
2010-07-04 07:00:00,3.2044633386584036,0.1,230.0,13.932449298514799,0.0,0.0,0.0
2010-07-04 08:00:00,3.2850729549155706,0.1,230.0,14.282925890937264,0.0,0.0,0.0
2010-07-04 09:00:00,3.2350666385315887,0.1,230.0,14.065507124050384,0.0,0.0,0.0
2010-07-04 10:00:00,2.9981871936072206,0.1,230.0,13.035596493944437,0.0,0.0,0.0
2010-07-04 11:00:00,3.098528888839081,0.1,230.0,13.471864734082962,0.0,0.0,0.0
2010-07-04 12:00:00,2.8082290100111664,0.1,230.0,12.209691347874637,0.0,0.0,0.0
2010-07-04 13:00:00,2.663579039801176,0.1,230.0,11.580778433918155,0.0,0.0,0.0
2010-07-04 14:00:00,2.4313947957410056,0.1,230.0,10.571281720613067,0.0,0.0,0.0
2010-07-04 15:00:00,1.8072032251339551,0.1,230.0,7.85740532666937,0.0,0.0,0.0
2010-07-04 16:00:00,1.7931353958737977,0.1,230.0,7.796240851625208,0.0,0.0,0.0
2010-07-04 17:00:00,1.2246850634931457,0.1,230.0,5.324717667361503,0.0,0.0,0.0
2010-07-04 18:00:00,1.149190500198955,0.1,230.0,4.996480435647631,0.0,0.0,0.0
2010-07-04 19:00:00,0.7811619937618512,0.1,230.0,3.3963564946167444,0.0,0.0,0.0
2010-07-04 20:00:00,0.8007591380259533,0.1,230.0,3.481561469678058,0.0,0.0,0.0
2010-07-04 21:00:00,0.6223968138868929,0.1,230.0,2.706073103856056,0.0,0.0,0.0
2010-07-04 22:00:00,0.6396205950218737,0.1,230.0,2.7809591087907557,0.0,0.0,0.0
2010-07-04 23:00:00,0.821475924880859,0.1,230.0,3.5716344560037347,0.0,0.0,0.0
2010-07-05 00:00:00,0.9261057030297344,0.1,230.0,4.026546534911889,0.0,0.0,0.0
2010-07-05 01:00:00,1.1220679130493472,0.1,230.0,4.878556143692814,0.0,0.0,0.0
2010-07-05 02:00:00,1.5728937062633597,0.1,230.0,6.838668288101564,0.0,0.0,0.0
2010-07-05 03:00:00,1.4091723189215741,0.1,230.0,6.1268361692242355,0.0,0.0,0.0
2010-07-05 04:00:00,1.886439054620265,0.1,230.0,8.201908933131586,0.0,0.0,0.0
2010-07-05 05:00:00,1.9246972249839212,0.1,230.0,8.368248804277918,0.0,0.0,0.0
2010-07-05 06:00:00,2.2473291604337042,0.1,230.0,9.770996349711757,0.0,0.0,0.0
2010-07-05 07:00:00,2.367038140307288,0.1,230.0,10.291470175249078,0.0,0.0,0.0
2010-07-05 08:00:00,2.333417690599741,0.1,230.0,10.145294306955394,0.0,0.0,0.0
2010-07-05 09:00:00,2.5571282809709897,0.1,230.0,11.117949047699955,0.0,0.0,0.0
2010-07-05 10:00:00,2.601300433022055,0.1,230.0,11.310001882704585,0.0,0.0,0.0
2010-07-05 11:00:00,2.4101597093370173,0.1,230.0,10.478955257987032,0.0,0.0,0.0
2010-07-05 12:00:00,1.98977430957081,0.1,230.0,8.65119265030787,0.0,0.0,0.0
2010-07-05 13:00:00,1.9470633541386329,0.1,230.0,8.465492844081012,0.0,0.0,0.0
2010-07-05 14:00:00,1.9158727940175253,0.1,230.0,8.329881713119676,0.0,0.0,0.0
2010-07-05 15:00:00,1.4456047925068782,0.1,230.0,6.285238228290775,0.0,0.0,0.0
2010-07-05 16:00:00,1.3220680207252165,0.1,230.0,5.7481218292400715,0.0,0.0,0.0
2010-07-05 17:00:00,0.913510955147051,0.1,230.0,3.9717867615089175,0.0,0.0,0.0
2010-07-05 18:00:00,0.796747776310786,0.1,230.0,3.4641207665686347,0.0,0.0,0.0
2010-07-05 19:00:00,0.7163303585460059,0.1,230.0,3.114479819765243,0.0,0.0,0.0
2010-07-05 20:00:00,0.5126123847078141,0.1,230.0,2.2287494987296266,0.0,0.0,0.0
2010-07-05 21:00:00,0.5340479415409278,0.1,230.0,2.3219475719170775,0.0,0.0,0.0
2010-07-05 22:00:00,0.4260915029220893,0.1,230.0,1.852571751835171,0.0,0.0,0.0
2010-07-05 23:00:00,0.6946478419801002,0.1,230.0,3.0202080086091314,0.0,0.0,0.0
2010-07-06 00:00:00,0.6794475806115365,0.1,230.0,2.9541199157023326,0.0,0.0,0.0
2010-07-06 01:00:00,1.0327696251162783,0.1,230.0,4.490302717896863,0.0,0.0,0.0
2010-07-06 02:00:00,1.2183833826217416,0.1,230.0,5.297319054877138,0.0,0.0,0.0
2010-07-06 03:00:00,1.6985243085067532,0.1,230.0,7.384888297855449,0.0,0.0,0.0
2010-07-06 04:00:00,1.6889395184311622,0.1,230.0,7.343215297526792,0.0,0.0,0.0
2010-07-06 05:00:00,2.0425259457441842,0.1,230.0,8.880547590192105,0.0,0.0,0.0
2010-07-06 06:00:00,2.2421346458061433,0.1,230.0,9.748411503504972,0.0,0.0,0.0
2010-07-06 07:00:00,2.4978215187089163,0.1,230.0,10.860093559603984,0.0,0.0,0.0
2010-07-06 08:00:00,2.596501249174519,0.1,230.0,11.28913586597617,0.0,0.0,0.0
2010-07-06 09:00:00,2.523906340139475,0.1,230.0,10.97350582669337,0.0,0.0,0.0
2010-07-06 10:00:00,2.4882496797414624,0.1,230.0,10.818476868441142,0.0,0.0,0.0
2010-07-06 11:00:00,2.3153889604161417,0.1,230.0,10.066908523548443,0.0,0.0,0.0
2010-07-06 12:00:00,2.198920849716084,0.1,230.0,9.560525433548191,0.0,0.0,0.0
2010-07-06 13:00:00,1.995352769576027,0.1,230.0,8.675446824243595,0.0,0.0,0.0
2010-07-06 14:00:00,1.8005015751181421,0.1,230.0,7.828267717904966,0.0,0.0,0.0
2010-07-06 15:00:00,1.3474998584210827,0.1,230.0,5.858695036613403,0.0,0.0,0.0
2010-07-06 16:00:00,1.2594672488096839,0.1,230.0,5.475944560042104,0.0,0.0,0.0
2010-07-06 17:00:00,1.086303871609915,0.1,230.0,4.7230603113474565,0.0,0.0,0.0
2010-07-06 18:00:00,0.7314579630752628,0.1,230.0,3.180252013370708,0.0,0.0,0.0
2010-07-06 19:00:00,0.7319195304618168,0.1,230.0,3.1822588280948554,0.0,0.0,0.0
2010-07-06 20:00:00,0.5663916158026395,0.1,230.0,2.4625722426201717,0.0,0.0,0.0
2010-07-06 21:00:00,0.4931340217181628,0.1,230.0,2.144060963992012,0.0,0.0,0.0
2010-07-06 22:00:00,0.4922748860920373,0.1,230.0,2.1403255917045096,0.0,0.0,0.0
2010-07-06 23:00:00,0.6659918206426504,0.1,230.0,2.895616611489784,0.0,0.0,0.0
2010-07-07 00:00:00,0.7914797915048111,0.1,230.0,3.441216484803526,0.0,0.0,0.0
2010-07-07 01:00:00,1.0197530932092616,0.1,230.0,4.433709100909833,0.0,0.0,0.0
2010-07-07 02:00:00,1.1599396242538018,0.1,230.0,5.043215757625226,0.0,0.0,0.0
2010-07-07 03:00:00,1.5567486264997428,0.1,230.0,6.768472289129317,0.0,0.0,0.0
2010-07-07 04:00:00,1.7809738028131892,0.1,230.0,7.7433643600573445,0.0,0.0,0.0
2010-07-07 05:00:00,1.8358638177630573,0.1,230.0,7.982016598969815,0.0,0.0,0.0
2010-07-07 06:00:00,2.3603636588023496,0.1,230.0,10.262450690444998,0.0,0.0,0.0
2010-07-07 07:00:00,2.5319621869627955,0.1,230.0,11.008531247664328,0.0,0.0,0.0
2010-07-07 08:00:00,2.3946542185447597,0.1,230.0,10.41154008062939,0.0,0.0,0.0
2010-07-07 09:00:00,2.462504141358508,0.1,230.0,10.706539745036991,0.0,0.0,0.0
2010-07-07 10:00:00,2.4843811271801264,0.1,230.0,10.801657074696202,0.0,0.0,0.0
2010-07-07 11:00:00,2.2804463401761375,0.1,230.0,9.914984087722337,0.0,0.0,0.0
2010-07-07 12:00:00,2.289020231498787,0.1,230.0,9.952261876081682,0.0,0.0,0.0
2010-07-07 13:00:00,2.136944764430748,0.1,230.0,9.291064193177167,0.0,0.0,0.0
2010-07-07 14:00:00,1.8996069206184907,0.1,230.0,8.25916052442822,0.0,0.0,0.0
2010-07-07 15:00:00,1.5223790529837913,0.1,230.0,6.619039360799093,0.0,0.0,0.0
2010-07-07 16:00:00,1.2318108095332274,0.1,230.0,5.355699171883598,0.0,0.0,0.0
2010-07-07 17:00:00,1.2477857954964418,0.1,230.0,5.425155632593225,0.0,0.0,0.0
2010-07-07 18:00:00,0.6531289247836818,0.1,230.0,2.8396909773203554,0.0,0.0,0.0
2010-07-07 19:00:00,0.6854895818568529,0.1,230.0,2.9803894863341434,0.0,0.0,0.0
2010-07-07 20:00:00,0.38193708773502166,0.1,230.0,1.660596033630529,0.0,0.0,0.0
2010-07-07 21:00:00,0.5742516134888415,0.1,230.0,2.496746145603659,0.0,0.0,0.0
2010-07-07 22:00:00,0.6407805948397518,0.1,230.0,2.7860025862597904,0.0,0.0,0.0
2010-07-07 23:00:00,0.5578653549512252,0.1,230.0,2.425501543266197,0.0,0.0,0.0
2010-07-08 00:00:00,0.7032752265158482,0.1,230.0,3.057718376155862,0.0,0.0,0.0
2010-07-08 01:00:00,0.9411124071175592,0.1,230.0,4.091793074424171,0.0,0.0,0.0
2010-07-08 02:00:00,1.2725334986769588,0.1,230.0,5.5327543420737335,0.0,0.0,0.0
2010-07-08 03:00:00,1.3672588529639065,0.1,230.0,5.944603708538724,0.0,0.0,0.0
2010-07-08 04:00:00,1.8866660725020727,0.1,230.0,8.202895967400316,0.0,0.0,0.0
2010-07-08 05:00:00,1.868282335875299,0.1,230.0,8.122966677718692,0.0,0.0,0.0
2010-07-08 06:00:00,2.0679629682764435,0.1,230.0,8.991143340332362,0.0,0.0,0.0
2010-07-08 07:00:00,2.2390714217916785,0.1,230.0,9.73509313822469,0.0,0.0,0.0
2010-07-08 08:00:00,2.5035502190279377,0.1,230.0,10.88500095229538,0.0,0.0,0.0
2010-07-08 09:00:00,2.470716319571985,0.1,230.0,10.742244867704283,0.0,0.0,0.0
2010-07-08 10:00:00,2.440053643059475,0.1,230.0,10.608928882867282,0.0,0.0,0.0
2010-07-08 11:00:00,2.3268664662012273,0.1,230.0,10.116810722614032,0.0,0.0,0.0
2010-07-08 12:00:00,2.087110171638385,0.1,230.0,9.074392050601674,0.0,0.0,0.0
2010-07-08 13:00:00,1.9233199880674374,0.1,230.0,8.362260817684511,0.0,0.0,0.0
2010-07-08 14:00:00,1.8542261518124534,0.1,230.0,8.061852833967189,0.0,0.0,0.0
2010-07-08 15:00:00,1.451901217393923,0.1,230.0,6.31261398866923,0.0,0.0,0.0
2010-07-08 16:00:00,1.2044241686100674,0.1,230.0,5.236626820043772,0.0,0.0,0.0
2010-07-08 17:00:00,0.9630184930589479,0.1,230.0,4.187036926343252,0.0,0.0,0.0
2010-07-08 18:00:00,0.8627055041333641,0.1,230.0,3.7508934962320177,0.0,0.0,0.0
2010-07-08 19:00:00,0.7897479934964006,0.1,230.0,3.43368692824522,0.0,0.0,0.0
2010-07-08 20:00:00,0.6596058689540706,0.1,230.0,2.8678516041481332,0.0,0.0,0.0
2010-07-08 21:00:00,0.4471493482284875,0.1,230.0,1.9441276009934239,0.0,0.0,0.0
2010-07-08 22:00:00,0.439869204580991,0.1,230.0,1.9124748025260478,0.0,0.0,0.0
2010-07-08 23:00:00,0.645449662001054,0.1,230.0,2.806302878265452,0.0,0.0,0.0
2010-07-09 00:00:00,0.7656741872857531,0.1,230.0,3.3290182055902307,0.0,0.0,0.0
2010-07-09 01:00:00,0.860064902655312,0.1,230.0,3.739412620240487,0.0,0.0,0.0
2010-07-09 02:00:00,1.2689610808797385,0.1,230.0,5.517222090781472,0.0,0.0,0.0
2010-07-09 03:00:00,1.363110415271843,0.1,230.0,5.9265670229210565,0.0,0.0,0.0
2010-07-09 04:00:00,1.8833101761018387,0.1,230.0,8.188305113486257,0.0,0.0,0.0
2010-07-09 05:00:00,1.9779851173667287,0.1,230.0,8.59993529289882,0.0,0.0,0.0
2010-07-09 06:00:00,2.209600155442428,0.1,230.0,9.606957197575774,0.0,0.0,0.0
2010-07-09 07:00:00,2.418936740474595,0.1,230.0,10.51711626293302,0.0,0.0,0.0
2010-07-09 08:00:00,2.3804004497562263,0.1,230.0,10.349567172853158,0.0,0.0,0.0
2010-07-09 09:00:00,2.435724133387966,0.1,230.0,10.590104927773766,0.0,0.0,0.0
2010-07-09 10:00:00,2.5009584526635744,0.1,230.0,10.873732402885107,0.0,0.0,0.0
2010-07-09 11:00:00,2.587541588650901,0.1,230.0,11.250180820221308,0.0,0.0,0.0
2010-07-09 12:00:00,2.2907737459523676,0.1,230.0,9.959885851966817,0.0,0.0,0.0
2010-07-09 13:00:00,1.8590142516307915,0.1,230.0,8.082670659264311,0.0,0.0,0.0
2010-07-09 14:00:00,1.6750620045667703,0.1,230.0,7.282878280725089,0.0,0.0,0.0
2010-07-09 15:00:00,1.435639455037579,0.1,230.0,6.24191067407643,0.0,0.0,0.0
2010-07-09 16:00:00,1.3236156563251782,0.1,230.0,5.754850679674687,0.0,0.0,0.0
2010-07-09 17:00:00,0.8883866738376303,0.1,230.0,3.862550755815784,0.0,0.0,0.0
2010-07-09 18:00:00,0.6595239606663847,0.1,230.0,2.8674954811581945,0.0,0.0,0.0
2010-07-09 19:00:00,0.5895546595566107,0.1,230.0,2.5632811285070027,0.0,0.0,0.0
2010-07-09 20:00:00,0.4230823728509885,0.1,230.0,1.8394885776129932,0.0,0.0,0.0
2010-07-09 21:00:00,0.5626613317517617,0.1,230.0,2.4463536163120074,0.0,0.0,0.0
2010-07-09 22:00:00,0.4231110295605367,0.1,230.0,1.8396131720023334,0.0,0.0,0.0
2010-07-09 23:00:00,0.7065539752923767,0.1,230.0,3.0719738056190296,0.0,0.0,0.0
2010-07-10 00:00:00,1.0069425264225267,0.1,230.0,4.378010984445768,0.0,0.0,0.0
2010-07-10 01:00:00,1.4000383967643353,0.1,230.0,6.087123464192762,0.0,0.0,0.0
2010-07-10 02:00:00,1.6205490862018321,0.1,230.0,7.045865592181879,0.0,0.0,0.0
2010-07-10 03:00:00,2.0066145641306887,0.1,230.0,8.7244111483943,0.0,0.0,0.0
2010-07-10 04:00:00,2.2903254105722537,0.1,230.0,9.95793656770545,0.0,0.0,0.0
2010-07-10 05:00:00,2.5281292527590735,0.1,230.0,10.991866316343797,0.0,0.0,0.0
2010-07-10 06:00:00,2.793021619151537,0.1,230.0,12.143572257180596,0.0,0.0,0.0
2010-07-10 07:00:00,3.166872373698747,0.1,230.0,13.769010320429336,0.0,0.0,0.0
2010-07-10 08:00:00,3.2703192687517832,0.1,230.0,14.218779429355578,0.0,0.0,0.0
2010-07-10 09:00:00,3.2993939271902297,0.1,230.0,14.345190987783607,0.0,0.0,0.0
2010-07-10 10:00:00,3.1766558962797222,0.1,230.0,13.811547375129226,0.0,0.0,0.0
2010-07-10 11:00:00,3.340974656127465,0.1,230.0,14.525976765771587,0.0,0.0,0.0
2010-07-10 12:00:00,2.9103816915344947,0.1,230.0,12.653833441454324,0.0,0.0,0.0
2010-07-10 13:00:00,2.619835892925606,0.1,230.0,11.390590838806983,0.0,0.0,0.0
2010-07-10 14:00:00,2.443534513823049,0.1,230.0,10.624063103578475,0.0,0.0,0.0
2010-07-10 15:00:00,1.8946268444117997,0.1,230.0,8.237508019181739,0.0,0.0,0.0
2010-07-10 16:00:00,1.729967519582723,0.1,230.0,7.521597911229231,0.0,0.0,0.0
2010-07-10 17:00:00,1.4232374133813555,0.1,230.0,6.187988753831981,0.0,0.0,0.0
2010-07-10 18:00:00,1.1147595355286295,0.1,230.0,4.8467805892549105,0.0,0.0,0.0
2010-07-10 19:00:00,0.8827465452009359,0.1,230.0,3.8380284573953736,0.0,0.0,0.0
2010-07-10 20:00:00,0.6876391305801349,0.1,230.0,2.989735350348413,0.0,0.0,0.0
2010-07-10 21:00:00,0.7248768518550707,0.1,230.0,3.151638486326394,0.0,0.0,0.0
2010-07-10 22:00:00,0.658162930230544,0.1,230.0,2.861577957524104,0.0,0.0,0.0
2010-07-10 23:00:00,0.8260298443147335,0.1,230.0,3.5914341057162327,0.0,0.0,0.0
2010-07-11 00:00:00,1.124617223113876,0.1,230.0,4.889640100495113,0.0,0.0,0.0
2010-07-11 01:00:00,1.2151070420444776,0.1,230.0,5.283074095845555,0.0,0.0,0.0
2010-07-11 02:00:00,1.5760730741986242,0.1,230.0,6.85249162695054,0.0,0.0,0.0
2010-07-11 03:00:00,1.7811821719745908,0.1,230.0,7.744270312933003,0.0,0.0,0.0
2010-07-11 04:00:00,2.3533873062366952,0.1,230.0,10.23211872276824,0.0,0.0,0.0
2010-07-11 05:00:00,2.513363899782607,0.1,230.0,10.927669129489596,0.0,0.0,0.0
2010-07-11 06:00:00,2.8098463799240387,0.1,230.0,12.216723390974082,0.0,0.0,0.0
2010-07-11 07:00:00,3.1430582255990034,0.1,230.0,13.665470546082624,0.0,0.0,0.0
2010-07-11 08:00:00,3.2109641671164177,0.1,230.0,13.960713770071381,0.0,0.0,0.0
2010-07-11 09:00:00,3.2727169092072494,0.1,230.0,14.229203953074999,0.0,0.0,0.0
2010-07-11 10:00:00,3.0727396368885103,0.1,230.0,13.359737551689175,0.0,0.0,0.0
2010-07-11 11:00:00,3.1473074314554794,0.1,230.0,13.683945354154258,0.0,0.0,0.0
2010-07-11 12:00:00,2.902797188236628,0.1,230.0,12.620857340159253,0.0,0.0,0.0
2010-07-11 13:00:00,2.471753049219427,0.1,230.0,10.746752387910552,0.0,0.0,0.0
2010-07-11 14:00:00,2.394013085007222,0.1,230.0,10.40875254350966,0.0,0.0,0.0
2010-07-11 15:00:00,2.0377006969906124,0.1,230.0,8.85956824778527,0.0,0.0,0.0
2010-07-11 16:00:00,1.6256719629543706,0.1,230.0,7.068138969366829,0.0,0.0,0.0
2010-07-11 17:00:00,1.295041750329252,0.1,230.0,5.630616305779356,0.0,0.0,0.0
2010-07-11 18:00:00,1.0078199421654925,0.1,230.0,4.381825835502141,0.0,0.0,0.0
2010-07-11 19:00:00,0.7302255044273941,0.1,230.0,3.174893497510409,0.0,0.0,0.0
2010-07-11 20:00:00,0.6100507807842934,0.1,230.0,2.6523946990621456,0.0,0.0,0.0
2010-07-11 21:00:00,0.714885064713193,0.1,230.0,3.108195933535622,0.0,0.0,0.0
2010-07-11 22:00:00,0.7383667319070283,0.1,230.0,3.21029013872621,0.0,0.0,0.0
2010-07-11 23:00:00,0.9021706004013983,0.1,230.0,3.922480871310427,0.0,0.0,0.0
2010-07-12 00:00:00,0.7525029482972256,0.1,230.0,3.2717519491183724,0.0,0.0,0.0
2010-07-12 01:00:00,1.196353494114326,0.1,230.0,5.2015369309318515,0.0,0.0,0.0
2010-07-12 02:00:00,1.2323549507093678,0.1,230.0,5.358065003084208,0.0,0.0,0.0
2010-07-12 03:00:00,1.6681323327778301,0.1,230.0,7.252749272947087,0.0,0.0,0.0
2010-07-12 04:00:00,1.7593938366169004,0.1,230.0,7.649538420073481,0.0,0.0,0.0
2010-07-12 05:00:00,1.9232078330579834,0.1,230.0,8.361773187208623,0.0,0.0,0.0
2010-07-12 06:00:00,2.361895025470472,0.1,230.0,10.269108806393357,0.0,0.0,0.0
2010-07-12 07:00:00,2.445212204135006,0.1,230.0,10.631357409282634,0.0,0.0,0.0
2010-07-12 08:00:00,2.4191525213845417,0.1,230.0,10.518054440802354,0.0,0.0,0.0
2010-07-12 09:00:00,2.3546452154580515,0.1,230.0,10.237587893295876,0.0,0.0,0.0
2010-07-12 10:00:00,2.6186047439405886,0.1,230.0,11.385238017132995,0.0,0.0,0.0
2010-07-12 11:00:00,2.2119774493670965,0.1,230.0,9.617293258117812,0.0,0.0,0.0
2010-07-12 12:00:00,2.391808658840173,0.1,230.0,10.399168081913796,0.0,0.0,0.0
2010-07-12 13:00:00,1.9249696470737785,0.1,230.0,8.369433248146864,0.0,0.0,0.0
2010-07-12 14:00:00,1.5750324195625867,0.1,230.0,6.847967041576464,0.0,0.0,0.0
2010-07-12 15:00:00,1.5653551968075634,0.1,230.0,6.805892160032885,0.0,0.0,0.0
2010-07-12 16:00:00,1.2396231194124927,0.1,230.0,5.389665736576055,0.0,0.0,0.0
2010-07-12 17:00:00,1.037307697823875,0.1,230.0,4.510033468799457,0.0,0.0,0.0
2010-07-12 18:00:00,0.6239500091561094,0.1,230.0,2.7128261267656932,0.0,0.0,0.0
2010-07-12 19:00:00,0.6865926798878477,0.1,230.0,2.9851855647297727,0.0,0.0,0.0
2010-07-12 20:00:00,0.5492304357289997,0.1,230.0,2.387958416213042,0.0,0.0,0.0
2010-07-12 21:00:00,0.4447802826911046,0.1,230.0,1.9338273160482808,0.0,0.0,0.0
2010-07-12 22:00:00,0.7197392904670172,0.1,230.0,3.129301262900075,0.0,0.0,0.0
2010-07-12 23:00:00,0.6747003376645035,0.1,230.0,2.9334797289761023,0.0,0.0,0.0
2010-07-13 00:00:00,0.8089288300523625,0.1,230.0,3.5170818697928805,0.0,0.0,0.0
2010-07-13 01:00:00,0.9281914216116559,0.1,230.0,4.035614876572417,0.0,0.0,0.0
2010-07-13 02:00:00,1.2668543946954964,0.1,230.0,5.508062585632594,0.0,0.0,0.0
2010-07-13 03:00:00,1.3384585100992366,0.1,230.0,5.819384826518419,0.0,0.0,0.0
2010-07-13 04:00:00,1.4891497941910488,0.1,230.0,6.474564322569778,0.0,0.0,0.0
2010-07-13 05:00:00,1.8566466672166217,0.1,230.0,8.072376813985313,0.0,0.0,0.0
2010-07-13 06:00:00,2.206392089907955,0.1,230.0,9.593009086556325,0.0,0.0,0.0
2010-07-13 07:00:00,2.2214364126978983,0.1,230.0,9.658419185643035,0.0,0.0,0.0
2010-07-13 08:00:00,2.4550847925482175,0.1,230.0,10.674281706731382,0.0,0.0,0.0
2010-07-13 09:00:00,2.3347734875538775,0.1,230.0,10.151189076321208,0.0,0.0,0.0
2010-07-13 10:00:00,2.2493959845042446,0.1,230.0,9.779982541322802,0.0,0.0,0.0
2010-07-13 11:00:00,2.2835650213654572,0.1,230.0,9.928543571154162,0.0,0.0,0.0
2010-07-13 12:00:00,2.0519382718852444,0.1,230.0,8.921470747327149,0.0,0.0,0.0
2010-07-13 13:00:00,2.0291873837771344,0.1,230.0,8.82255384250928,0.0,0.0,0.0
2010-07-13 14:00:00,1.5491218911113465,0.1,230.0,6.735312570049333,0.0,0.0,0.0
2010-07-13 15:00:00,1.3197275170840141,0.1,230.0,5.737945726452235,0.0,0.0,0.0
2010-07-13 16:00:00,1.1702744885730079,0.1,230.0,5.088149950317425,0.0,0.0,0.0
2010-07-13 17:00:00,0.8858318284707024,0.1,230.0,3.8514427324813147,0.0,0.0,0.0
2010-07-13 18:00:00,0.8908860004703436,0.1,230.0,3.8734173933493197,0.0,0.0,0.0
2010-07-13 19:00:00,0.7011197205448427,0.1,230.0,3.0483466110645336,0.0,0.0,0.0
2010-07-13 20:00:00,0.4731645717825639,0.1,230.0,2.057237268619843,0.0,0.0,0.0
2010-07-13 21:00:00,0.37514525941248655,0.1,230.0,1.6310663452716807,0.0,0.0,0.0
2010-07-13 22:00:00,0.6966643833107317,0.1,230.0,3.0289755796118767,0.0,0.0,0.0
2010-07-13 23:00:00,0.5816511707242171,0.1,230.0,2.5289181335835527,0.0,0.0,0.0
2010-07-14 00:00:00,0.798998809431894,0.1,230.0,3.4739078670951917,0.0,0.0,0.0
2010-07-14 01:00:00,0.888774528878468,0.1,230.0,3.8642370820802956,0.0,0.0,0.0
2010-07-14 02:00:00,1.3800951025543342,0.1,230.0,6.000413489366671,0.0,0.0,0.0
2010-07-14 03:00:00,1.3078972546537833,0.1,230.0,5.686509802842536,0.0,0.0,0.0
2010-07-14 04:00:00,1.854998583830522,0.1,230.0,8.065211234045748,0.0,0.0,0.0
2010-07-14 05:00:00,2.0924671038668623,0.1,230.0,9.097683060290704,0.0,0.0,0.0
2010-07-14 06:00:00,2.141374975284038,0.1,230.0,9.310325979495817,0.0,0.0,0.0
2010-07-14 07:00:00,2.301499560094969,0.1,230.0,10.006519826499863,0.0,0.0,0.0
2010-07-14 08:00:00,2.477986448122998,0.1,230.0,10.773854122273903,0.0,0.0,0.0
2010-07-14 09:00:00,2.556224951339173,0.1,230.0,11.114021527561622,0.0,0.0,0.0
2010-07-14 10:00:00,2.505186554212271,0.1,230.0,10.89211545309683,0.0,0.0,0.0
2010-07-14 11:00:00,2.366419784666159,0.1,230.0,10.288781672461562,0.0,0.0,0.0
2010-07-14 12:00:00,2.225226894736606,0.1,230.0,9.674899542333069,0.0,0.0,0.0
2010-07-14 13:00:00,1.8772834962601708,0.1,230.0,8.162102157652916,0.0,0.0,0.0
2010-07-14 14:00:00,1.8154611813657353,0.1,230.0,7.8933094841988485,0.0,0.0,0.0
2010-07-14 15:00:00,1.450175399013167,0.1,230.0,6.3051104304920305,0.0,0.0,0.0
2010-07-14 16:00:00,1.4025904497389599,0.1,230.0,6.09821934669113,0.0,0.0,0.0
2010-07-14 17:00:00,1.0090647581816223,0.1,230.0,4.387238079050531,0.0,0.0,0.0
2010-07-14 18:00:00,0.7415604653446884,0.1,230.0,3.224175936281254,0.0,0.0,0.0
2010-07-14 19:00:00,0.6659227689184158,0.1,230.0,2.895316386601808,0.0,0.0,0.0
2010-07-14 20:00:00,0.5656295066658608,0.1,230.0,2.4592587246341773,0.0,0.0,0.0
2010-07-14 21:00:00,0.5675844644664753,0.1,230.0,2.4677585411585885,0.0,0.0,0.0
2010-07-14 22:00:00,0.556017072184534,0.1,230.0,2.417465531237104,0.0,0.0,0.0
2010-07-14 23:00:00,0.685043175748514,0.1,230.0,2.9784485902109306,0.0,0.0,0.0
2010-07-15 00:00:00,0.7753081334641632,0.1,230.0,3.370904928105057,0.0,0.0,0.0
2010-07-15 01:00:00,0.9364853298725317,0.1,230.0,4.071675347271877,0.0,0.0,0.0
2010-07-15 02:00:00,1.098798973745128,0.1,230.0,4.777386842370122,0.0,0.0,0.0
2010-07-15 03:00:00,1.5515095480959875,0.1,230.0,6.745693687373859,0.0,0.0,0.0
2010-07-15 04:00:00,1.8306710792689498,0.1,230.0,7.959439475082391,0.0,0.0,0.0
2010-07-15 05:00:00,2.103398681248988,0.1,230.0,9.145211657604298,0.0,0.0,0.0
2010-07-15 06:00:00,2.1228218584229306,0.1,230.0,9.229660254012742,0.0,0.0,0.0
2010-07-15 07:00:00,2.4456762639567295,0.1,230.0,10.633375060681432,0.0,0.0,0.0
2010-07-15 08:00:00,2.637743785314192,0.1,230.0,11.468451240496487,0.0,0.0,0.0
2010-07-15 09:00:00,2.4384320986060777,0.1,230.0,10.601878689591642,0.0,0.0,0.0
2010-07-15 10:00:00,2.4248054898363915,0.1,230.0,10.54263256450605,0.0,0.0,0.0
2010-07-15 11:00:00,2.393573314973737,0.1,230.0,10.406840499885812,0.0,0.0,0.0
2010-07-15 12:00:00,2.1931311453092266,0.1,230.0,9.53535280569229,0.0,0.0,0.0
2010-07-15 13:00:00,2.0984807358483613,0.1,230.0,9.123829286297223,0.0,0.0,0.0
2010-07-15 14:00:00,1.6566838498278262,0.1,230.0,7.2029732601209835,0.0,0.0,0.0
2010-07-15 15:00:00,1.4389301855626013,0.1,230.0,6.256218198098266,0.0,0.0,0.0
2010-07-15 16:00:00,1.1907395779871002,0.1,230.0,5.177128599943914,0.0,0.0,0.0
2010-07-15 17:00:00,1.1130988453932076,0.1,230.0,4.839560197361772,0.0,0.0,0.0
2010-07-15 18:00:00,0.7425063721865802,0.1,230.0,3.2282885747242616,0.0,0.0,0.0
2010-07-15 19:00:00,0.4154395618340695,0.1,230.0,1.8062589644959544,0.0,0.0,0.0
2010-07-15 20:00:00,0.5886794408861767,0.1,230.0,2.559475829939899,0.0,0.0,0.0
2010-07-15 21:00:00,0.6874312193644642,0.1,230.0,2.9888313885411484,0.0,0.0,0.0
2010-07-15 22:00:00,0.28001909740359265,0.1,230.0,1.2174743365373593,0.0,0.0,0.0
2010-07-15 23:00:00,0.7130866616555213,0.1,230.0,3.1003767898066146,0.0,0.0,0.0
2010-07-16 00:00:00,0.8775202281775473,0.1,230.0,3.8153053399023795,0.0,0.0,0.0
2010-07-16 01:00:00,1.1824297830007677,0.1,230.0,5.140999056525077,0.0,0.0,0.0
2010-07-16 02:00:00,1.2832307437327146,0.1,230.0,5.579264103185716,0.0,0.0,0.0
2010-07-16 03:00:00,1.411783964877903,0.1,230.0,6.138191151643056,0.0,0.0,0.0
2010-07-16 04:00:00,1.752856249301422,0.1,230.0,7.621114127397487,0.0,0.0,0.0
2010-07-16 05:00:00,2.1095764116663434,0.1,230.0,9.17207135507106,0.0,0.0,0.0
2010-07-16 06:00:00,2.344155597043405,0.1,230.0,10.191980856710456,0.0,0.0,0.0
2010-07-16 07:00:00,2.354844710846339,0.1,230.0,10.238455264549302,0.0,0.0,0.0
2010-07-16 08:00:00,2.420107467510638,0.1,230.0,10.522206380481034,0.0,0.0,0.0
2010-07-16 09:00:00,2.437453124795398,0.1,230.0,10.597622281719122,0.0,0.0,0.0
2010-07-16 10:00:00,2.521762919527399,0.1,230.0,10.964186606640865,0.0,0.0,0.0
2010-07-16 11:00:00,2.29628396755574,0.1,230.0,9.983843337198868,0.0,0.0,0.0
2010-07-16 12:00:00,2.1859134658584805,0.1,230.0,9.503971590689044,0.0,0.0,0.0
2010-07-16 13:00:00,2.0645490083777265,0.1,230.0,8.976300036424897,0.0,0.0,0.0
2010-07-16 14:00:00,1.679858527276455,0.1,230.0,7.303732727288935,0.0,0.0,0.0
2010-07-16 15:00:00,1.4752490207106084,0.1,230.0,6.414126177002645,0.0,0.0,0.0
2010-07-16 16:00:00,1.2517118699519896,0.1,230.0,5.44222552153039,0.0,0.0,0.0
2010-07-16 17:00:00,0.929779211478561,0.1,230.0,4.0425183107763525,0.0,0.0,0.0
2010-07-16 18:00:00,0.9142470991459172,0.1,230.0,3.9749873875909443,0.0,0.0,0.0
2010-07-16 19:00:00,0.5052212304074555,0.1,230.0,2.1966140452498064,0.0,0.0,0.0
2010-07-16 20:00:00,0.3472072914208739,0.1,230.0,1.5095969192211909,0.0,0.0,0.0
2010-07-16 21:00:00,0.40095751008395264,0.1,230.0,1.743293522104142,0.0,0.0,0.0
2010-07-16 22:00:00,0.5195935652877935,0.1,230.0,2.2591024577730154,0.0,0.0,0.0
2010-07-16 23:00:00,0.4875238683072478,0.1,230.0,2.119668992640208,0.0,0.0,0.0
2010-07-17 00:00:00,1.2101826078166444,0.1,230.0,5.26166351224628,0.0,0.0,0.0
2010-07-17 01:00:00,1.3677997845413854,0.1,230.0,5.946955584962545,0.0,0.0,0.0
2010-07-17 02:00:00,1.6076549141059557,0.1,230.0,6.989803974373721,0.0,0.0,0.0
2010-07-17 03:00:00,1.9132503233857965,0.1,230.0,8.318479666894767,0.0,0.0,0.0
2010-07-17 04:00:00,2.2399750193391563,0.1,230.0,9.739021823213724,0.0,0.0,0.0
2010-07-17 05:00:00,2.7253102870988632,0.1,230.0,11.849175161299405,0.0,0.0,0.0
2010-07-17 06:00:00,2.9041052582135274,0.1,230.0,12.62654460092838,0.0,0.0,0.0
2010-07-17 07:00:00,2.8499379542423315,0.1,230.0,12.39103458366231,0.0,0.0,0.0
2010-07-17 08:00:00,3.082531926408085,0.1,230.0,13.402312723513413,0.0,0.0,0.0
2010-07-17 09:00:00,3.1929330232037914,0.1,230.0,13.882317492190397,0.0,0.0,0.0
2010-07-17 10:00:00,3.169536508819524,0.1,230.0,13.780593516606626,0.0,0.0,0.0
2010-07-17 11:00:00,3.0666480813198267,0.1,230.0,13.333252527477509,0.0,0.0,0.0
2010-07-17 12:00:00,2.7174992826589377,0.1,230.0,11.815214272430165,0.0,0.0,0.0
2010-07-17 13:00:00,2.612647704901679,0.1,230.0,11.359337847398606,0.0,0.0,0.0
2010-07-17 14:00:00,2.3233160844976357,0.1,230.0,10.101374280424503,0.0,0.0,0.0
2010-07-17 15:00:00,1.8754068437823719,0.1,230.0,8.153942799053791,0.0,0.0,0.0
2010-07-17 16:00:00,1.4988875681388194,0.1,230.0,6.51690247016878,0.0,0.0,0.0
2010-07-17 17:00:00,1.3436310643907015,0.1,230.0,5.841874193003051,0.0,0.0,0.0
2010-07-17 18:00:00,1.0817362256699912,0.1,230.0,4.703200981173874,0.0,0.0,0.0
2010-07-17 19:00:00,0.7218690705089924,0.1,230.0,3.138561176126054,0.0,0.0,0.0
2010-07-17 20:00:00,0.6601116797921462,0.1,230.0,2.8700507817049834,0.0,0.0,0.0
2010-07-17 21:00:00,0.5634467300910523,0.1,230.0,2.449768391700227,0.0,0.0,0.0
2010-07-17 22:00:00,0.5407350933727584,0.1,230.0,2.3510221450989492,0.0,0.0,0.0
2010-07-17 23:00:00,1.0044391754132174,0.1,230.0,4.367126849622684,0.0,0.0,0.0
2010-07-18 00:00:00,0.9285319329173443,0.1,230.0,4.037095360510192,0.0,0.0,0.0
2010-07-18 01:00:00,1.1019090861866219,0.1,230.0,4.790909070376617,0.0,0.0,0.0
2010-07-18 02:00:00,1.6384455700578766,0.1,230.0,7.1236763915559855,0.0,0.0,0.0
2010-07-18 03:00:00,1.8254081332668173,0.1,230.0,7.936557101160075,0.0,0.0,0.0
2010-07-18 04:00:00,2.3085665100554094,0.1,230.0,10.037245695893084,0.0,0.0,0.0
2010-07-18 05:00:00,2.697356289389452,0.1,230.0,11.727636040823704,0.0,0.0,0.0
2010-07-18 06:00:00,2.938850439273797,0.1,230.0,12.777610605538246,0.0,0.0,0.0
2010-07-18 07:00:00,3.1911504920190326,0.1,230.0,13.87456735660449,0.0,0.0,0.0
2010-07-18 08:00:00,3.2616509234157594,0.1,230.0,14.181090971372866,0.0,0.0,0.0
2010-07-18 09:00:00,3.2528350858894846,0.1,230.0,14.142761242997759,0.0,0.0,0.0
2010-07-18 10:00:00,3.1641317873836448,0.1,230.0,13.757094727754977,0.0,0.0,0.0
2010-07-18 11:00:00,3.094373368620556,0.1,230.0,13.453797254871983,0.0,0.0,0.0
2010-07-18 12:00:00,2.652627716204904,0.1,230.0,11.533163983499582,0.0,0.0,0.0
2010-07-18 13:00:00,2.2940802685783708,0.1,230.0,9.974262037297263,0.0,0.0,0.0
2010-07-18 14:00:00,2.263362951530741,0.1,230.0,9.840708484916266,0.0,0.0,0.0
2010-07-18 15:00:00,1.8095902621062794,0.1,230.0,7.867783748288171,0.0,0.0,0.0
2010-07-18 16:00:00,1.6700281910753902,0.1,230.0,7.260992135110392,0.0,0.0,0.0
2010-07-18 17:00:00,1.211171937225364,0.1,230.0,5.265964944458104,0.0,0.0,0.0
2010-07-18 18:00:00,1.0258339926574689,0.1,230.0,4.460147794162908,0.0,0.0,0.0
2010-07-18 19:00:00,0.8738432982626211,0.1,230.0,3.7993186880983525,0.0,0.0,0.0
2010-07-18 20:00:00,0.7558272616954382,0.1,230.0,3.28620548563234,0.0,0.0,0.0
2010-07-18 21:00:00,0.6758967729952094,0.1,230.0,2.9386816217183016,0.0,0.0,0.0
2010-07-18 22:00:00,0.642659570639237,0.1,230.0,2.7941720462575517,0.0,0.0,0.0
2010-07-18 23:00:00,0.7922796576709199,0.1,230.0,3.444694163786608,0.0,0.0,0.0
2010-07-19 00:00:00,0.7494688205761842,0.1,230.0,3.2585600894616706,0.0,0.0,0.0
2010-07-19 01:00:00,1.058462963246468,0.1,230.0,4.602012883680295,0.0,0.0,0.0
2010-07-19 02:00:00,1.3636144185076426,0.1,230.0,5.928758341337576,0.0,0.0,0.0
2010-07-19 03:00:00,1.5822915855208173,0.1,230.0,6.879528632699206,0.0,0.0,0.0
2010-07-19 04:00:00,1.8607261969971463,0.1,230.0,8.090113899987593,0.0,0.0,0.0
2010-07-19 05:00:00,2.0676347831979305,0.1,230.0,8.989716448686655,0.0,0.0,0.0
2010-07-19 06:00:00,2.3069608789990523,0.1,230.0,10.030264691300228,0.0,0.0,0.0
2010-07-19 07:00:00,2.2804859428163677,0.1,230.0,9.915156273114642,0.0,0.0,0.0
2010-07-19 08:00:00,2.2185877133593,0.1,230.0,9.646033536344783,0.0,0.0,0.0
2010-07-19 09:00:00,2.629793067834443,0.1,230.0,11.433882903628014,0.0,0.0,0.0
2010-07-19 10:00:00,2.5688202065554817,0.1,230.0,11.168783506762963,0.0,0.0,0.0
2010-07-19 11:00:00,2.4976163706879997,0.1,230.0,10.859201611686956,0.0,0.0,0.0
2010-07-19 12:00:00,2.256703661097127,0.1,230.0,9.81175504824838,0.0,0.0,0.0
2010-07-19 13:00:00,1.9024160508040986,0.1,230.0,8.271374133930864,0.0,0.0,0.0
2010-07-19 14:00:00,1.896389213748631,0.1,230.0,8.245170494559265,0.0,0.0,0.0
2010-07-19 15:00:00,1.515408606502012,0.1,230.0,6.588733071747878,0.0,0.0,0.0
2010-07-19 16:00:00,1.4048535264415332,0.1,230.0,6.108058810615361,0.0,0.0,0.0
2010-07-19 17:00:00,0.7904114636019446,0.1,230.0,3.4365715808780197,0.0,0.0,0.0
2010-07-19 18:00:00,0.8611623355652169,0.1,230.0,3.744184067674856,0.0,0.0,0.0
2010-07-19 19:00:00,0.6010584457516535,0.1,230.0,2.6132975902245805,0.0,0.0,0.0
2010-07-19 20:00:00,0.595505896127768,0.1,230.0,2.589156070120731,0.0,0.0,0.0
2010-07-19 21:00:00,0.5425930228760789,0.1,230.0,2.3591000994612124,0.0,0.0,0.0
2010-07-19 22:00:00,0.5635564824800711,0.1,230.0,2.450245576000309,0.0,0.0,0.0
2010-07-19 23:00:00,0.5679515368684073,0.1,230.0,2.46935450812351,0.0,0.0,0.0
2010-07-20 00:00:00,0.8700893286329315,0.1,230.0,3.782997081012746,0.0,0.0,0.0
2010-07-20 01:00:00,0.9927599203667915,0.1,230.0,4.316347479855615,0.0,0.0,0.0
2010-07-20 02:00:00,1.049135123312529,0.1,230.0,4.561457057880561,0.0,0.0,0.0
2010-07-20 03:00:00,1.535701121776521,0.1,230.0,6.676961399028353,0.0,0.0,0.0
2010-07-20 04:00:00,1.7999128862022469,0.1,230.0,7.825708200879334,0.0,0.0,0.0
2010-07-20 05:00:00,1.9834646475293223,0.1,230.0,8.62375933708401,0.0,0.0,0.0
2010-07-20 06:00:00,2.113793447972618,0.1,230.0,9.190406295533121,0.0,0.0,0.0
2010-07-20 07:00:00,2.200980553542665,0.1,230.0,9.569480667576803,0.0,0.0,0.0
2010-07-20 08:00:00,2.3079850059590434,0.1,230.0,10.034717417213233,0.0,0.0,0.0
2010-07-20 09:00:00,2.4910402341389632,0.1,230.0,10.830609713647666,0.0,0.0,0.0
2010-07-20 10:00:00,2.671947156445982,0.1,230.0,11.617161549765138,0.0,0.0,0.0
2010-07-20 11:00:00,2.3409116675749364,0.1,230.0,10.177876815543202,0.0,0.0,0.0
2010-07-20 12:00:00,2.4970174575936985,0.1,230.0,10.856597641711733,0.0,0.0,0.0
2010-07-20 13:00:00,1.9950005807767062,0.1,230.0,8.673915568594374,0.0,0.0,0.0
2010-07-20 14:00:00,1.7962962048389222,0.1,230.0,7.809983499299662,0.0,0.0,0.0
2010-07-20 15:00:00,1.6532884489304966,0.1,230.0,7.188210647523898,0.0,0.0,0.0
2010-07-20 16:00:00,1.2869642251787252,0.1,230.0,5.595496631211849,0.0,0.0,0.0
2010-07-20 17:00:00,1.0072915362785742,0.1,230.0,4.379528418602496,0.0,0.0,0.0
2010-07-20 18:00:00,0.8479090463962378,0.1,230.0,3.68656107128799,0.0,0.0,0.0
2010-07-20 19:00:00,0.4879366859270339,0.1,230.0,2.121463851856669,0.0,0.0,0.0
2010-07-20 20:00:00,0.5254345551880168,0.1,230.0,2.2844980660348555,0.0,0.0,0.0
2010-07-20 21:00:00,0.6847094108484759,0.1,230.0,2.9769974384716344,0.0,0.0,0.0
2010-07-20 22:00:00,0.4720085021188174,0.1,230.0,2.052210878777467,0.0,0.0,0.0
2010-07-20 23:00:00,0.5858070085087719,0.1,230.0,2.5469869935164,0.0,0.0,0.0
2010-07-21 00:00:00,0.6814389532096201,0.1,230.0,2.962778057433131,0.0,0.0,0.0
2010-07-21 01:00:00,1.0411345578645193,0.1,230.0,4.5266719907153,0.0,0.0,0.0
2010-07-21 02:00:00,1.2231728640663337,0.1,230.0,5.318142887244929,0.0,0.0,0.0
2010-07-21 03:00:00,1.7046423006897136,0.1,230.0,7.4114882638683195,0.0,0.0,0.0
2010-07-21 04:00:00,1.656485615598013,0.1,230.0,7.202111372165274,0.0,0.0,0.0
2010-07-21 05:00:00,1.8693222744807114,0.1,230.0,8.127488149916138,0.0,0.0,0.0
2010-07-21 06:00:00,2.4091363591449535,0.1,230.0,10.474505909325885,0.0,0.0,0.0
2010-07-21 07:00:00,2.464658297655386,0.1,230.0,10.715905641979939,0.0,0.0,0.0
2010-07-21 08:00:00,2.475130805015271,0.1,230.0,10.761438282675092,0.0,0.0,0.0
2010-07-21 09:00:00,2.3803747003853606,0.1,230.0,10.349455219066785,0.0,0.0,0.0
2010-07-21 10:00:00,2.4397589472071104,0.1,230.0,10.607647596552654,0.0,0.0,0.0
2010-07-21 11:00:00,2.3053719995039863,0.1,230.0,10.02335651958255,0.0,0.0,0.0
2010-07-21 12:00:00,2.136218617515147,0.1,230.0,9.287907032674552,0.0,0.0,0.0
2010-07-21 13:00:00,1.792697315101364,0.1,230.0,7.794336152614626,0.0,0.0,0.0
2010-07-21 14:00:00,1.8658266362050142,0.1,230.0,8.112289722630496,0.0,0.0,0.0
2010-07-21 15:00:00,1.6290529996266698,0.1,230.0,7.0828391288116075,0.0,0.0,0.0
2010-07-21 16:00:00,1.2017873426992236,0.1,230.0,5.225162359561843,0.0,0.0,0.0
2010-07-21 17:00:00,1.0841710621362632,0.1,230.0,4.713787226679406,0.0,0.0,0.0
2010-07-21 18:00:00,0.8301986284509357,0.1,230.0,3.609559254134503,0.0,0.0,0.0
2010-07-21 19:00:00,0.7020738022663595,0.1,230.0,3.052494792462433,0.0,0.0,0.0
2010-07-21 20:00:00,0.3746042970245743,0.1,230.0,1.6287143348894535,0.0,0.0,0.0
2010-07-21 21:00:00,0.47619437566835066,0.1,230.0,2.070410328992829,0.0,0.0,0.0
2010-07-21 22:00:00,0.5421502134189761,0.1,230.0,2.35717484095207,0.0,0.0,0.0
2010-07-21 23:00:00,0.6837330227382795,0.1,230.0,2.972752272775128,0.0,0.0,0.0
2010-07-22 00:00:00,0.8677348953856826,0.1,230.0,3.7727604147203593,0.0,0.0,0.0
2010-07-22 01:00:00,0.9305598458057851,0.1,230.0,4.045912373068631,0.0,0.0,0.0
2010-07-22 02:00:00,1.1940759573112507,0.1,230.0,5.191634597005438,0.0,0.0,0.0
2010-07-22 03:00:00,1.578360022859705,0.1,230.0,6.862434881998717,0.0,0.0,0.0
2010-07-22 04:00:00,1.7819273193924898,0.1,230.0,7.747510084315174,0.0,0.0,0.0
2010-07-22 05:00:00,1.9760065747602669,0.1,230.0,8.59133293374029,0.0,0.0,0.0
2010-07-22 06:00:00,2.3055233328240585,0.1,230.0,10.024014490539384,0.0,0.0,0.0
2010-07-22 07:00:00,2.4453096308692066,0.1,230.0,10.631781003779158,0.0,0.0,0.0
2010-07-22 08:00:00,2.450520517697612,0.1,230.0,10.654437033467877,0.0,0.0,0.0
2010-07-22 09:00:00,2.359906972427117,0.1,230.0,10.260465097509204,0.0,0.0,0.0
2010-07-22 10:00:00,2.4232846831472474,0.1,230.0,10.536020361509772,0.0,0.0,0.0
2010-07-22 11:00:00,2.1847393246564017,0.1,230.0,9.498866628940876,0.0,0.0,0.0
2010-07-22 12:00:00,2.1422829982380325,0.1,230.0,9.31427390538275,0.0,0.0,0.0
2010-07-22 13:00:00,1.8765285268686247,0.1,230.0,8.1588196820375,0.0,0.0,0.0
2010-07-22 14:00:00,1.7246236388961163,0.1,230.0,7.498363647374418,0.0,0.0,0.0
2010-07-22 15:00:00,1.4120817921195281,0.1,230.0,6.1394860526936,0.0,0.0,0.0
2010-07-22 16:00:00,1.2404785528015534,0.1,230.0,5.393385012180667,0.0,0.0,0.0
2010-07-22 17:00:00,1.1228490183430517,0.1,230.0,4.8819522536654425,0.0,0.0,0.0
2010-07-22 18:00:00,0.8367695149937496,0.1,230.0,3.6381283260597814,0.0,0.0,0.0
2010-07-22 19:00:00,0.6605456465112396,0.1,230.0,2.8719375935271287,0.0,0.0,0.0
2010-07-22 20:00:00,0.6198364791803793,0.1,230.0,2.6949412138277364,0.0,0.0,0.0
2010-07-22 21:00:00,0.559546397955169,0.1,230.0,2.4328104258920393,0.0,0.0,0.0
2010-07-22 22:00:00,0.410855449206038,0.1,230.0,1.7863280400262522,0.0,0.0,0.0
2010-07-22 23:00:00,0.5665141400080238,0.1,230.0,2.463104956556625,0.0,0.0,0.0
2010-07-23 00:00:00,0.7280382570544262,0.1,230.0,3.1653837263235918,0.0,0.0,0.0
2010-07-23 01:00:00,1.0409998693437736,0.1,230.0,4.526086388451191,0.0,0.0,0.0
2010-07-23 02:00:00,1.20865120169207,0.1,230.0,5.255005224748131,0.0,0.0,0.0
2010-07-23 03:00:00,1.554311871311367,0.1,230.0,6.757877701353769,0.0,0.0,0.0
2010-07-23 04:00:00,1.7681637207332077,0.1,230.0,7.687668351013947,0.0,0.0,0.0
2010-07-23 05:00:00,2.201438408202864,0.1,230.0,9.571471340012453,0.0,0.0,0.0
2010-07-23 06:00:00,2.3321988967653917,0.1,230.0,10.13999520332779,0.0,0.0,0.0
2010-07-23 07:00:00,2.3233899289863893,0.1,230.0,10.101695343419085,0.0,0.0,0.0
2010-07-23 08:00:00,2.537711109612327,0.1,230.0,11.033526563531858,0.0,0.0,0.0
2010-07-23 09:00:00,2.493767576318352,0.1,230.0,10.84246772312327,0.0,0.0,0.0
2010-07-23 10:00:00,2.382809626512687,0.1,230.0,10.360041854402986,0.0,0.0,0.0
2010-07-23 11:00:00,2.4154173056037744,0.1,230.0,10.501814372190323,0.0,0.0,0.0
2010-07-23 12:00:00,2.1013067784367325,0.1,230.0,9.136116427985794,0.0,0.0,0.0
2010-07-23 13:00:00,1.9241956920503465,0.1,230.0,8.366068226305854,0.0,0.0,0.0
2010-07-23 14:00:00,1.7948620499542167,0.1,230.0,7.803748043279203,0.0,0.0,0.0
2010-07-23 15:00:00,1.5014564331505236,0.1,230.0,6.528071448480537,0.0,0.0,0.0
2010-07-23 16:00:00,1.2522310589790984,0.1,230.0,5.444482865126515,0.0,0.0,0.0
2010-07-23 17:00:00,1.0521435731576287,0.1,230.0,4.574537274598385,0.0,0.0,0.0
2010-07-23 18:00:00,0.8757804516459965,0.1,230.0,3.8077410941130285,0.0,0.0,0.0
2010-07-23 19:00:00,0.5836478402160008,0.1,230.0,2.53759930528696,0.0,0.0,0.0
2010-07-23 20:00:00,0.49918082873413827,0.1,230.0,2.170351429278862,0.0,0.0,0.0
2010-07-23 21:00:00,0.5264537581651342,0.1,230.0,2.2889293833266704,0.0,0.0,0.0
2010-07-23 22:00:00,0.5696508399297388,0.1,230.0,2.4767427823032118,0.0,0.0,0.0
2010-07-23 23:00:00,0.6064967169835648,0.1,230.0,2.636942247754629,0.0,0.0,0.0
2010-07-24 00:00:00,1.1307739461605852,0.1,230.0,4.9164084615677615,0.0,0.0,0.0
2010-07-24 01:00:00,1.2312674171431774,0.1,230.0,5.353336596274684,0.0,0.0,0.0
2010-07-24 02:00:00,1.5652541123307602,0.1,230.0,6.805452662307653,0.0,0.0,0.0
2010-07-24 03:00:00,1.9380853931077333,0.1,230.0,8.426458230903188,0.0,0.0,0.0
2010-07-24 04:00:00,2.3629722874671857,0.1,230.0,10.273792554205155,0.0,0.0,0.0
2010-07-24 05:00:00,2.5908182294078435,0.1,230.0,11.264427084381927,0.0,0.0,0.0
2010-07-24 06:00:00,2.848692126690571,0.1,230.0,12.385617942132917,0.0,0.0,0.0
2010-07-24 07:00:00,3.0154189966026954,0.1,230.0,13.110517376533457,0.0,0.0,0.0
2010-07-24 08:00:00,3.14374027965633,0.1,230.0,13.668435998505782,0.0,0.0,0.0
2010-07-24 09:00:00,3.2905783480780713,0.1,230.0,14.306862382948134,0.0,0.0,0.0
2010-07-24 10:00:00,3.175522598829758,0.1,230.0,13.80661999491199,0.0,0.0,0.0
2010-07-24 11:00:00,3.21351587536182,0.1,230.0,13.971808153747045,0.0,0.0,0.0
2010-07-24 12:00:00,2.9199630917748225,0.1,230.0,12.695491703368795,0.0,0.0,0.0
2010-07-24 13:00:00,2.532077961625146,0.1,230.0,11.009034615761504,0.0,0.0,0.0
2010-07-24 14:00:00,2.3998842850808235,0.1,230.0,10.434279500351407,0.0,0.0,0.0
2010-07-24 15:00:00,1.9038581490821394,0.1,230.0,8.277644126444084,0.0,0.0,0.0
2010-07-24 16:00:00,1.5010278246450452,0.1,230.0,6.526207933239327,0.0,0.0,0.0
2010-07-24 17:00:00,1.3675355639139937,0.1,230.0,5.94580679962606,0.0,0.0,0.0
2010-07-24 18:00:00,1.0642861306320928,0.1,230.0,4.62733100274823,0.0,0.0,0.0
2010-07-24 19:00:00,0.8969280263017019,0.1,230.0,3.8996870708769644,0.0,0.0,0.0
2010-07-24 20:00:00,0.76581033768135,0.1,230.0,3.3296101638319566,0.0,0.0,0.0
2010-07-24 21:00:00,0.7298596226994047,0.1,230.0,3.1733027073887166,0.0,0.0,0.0
2010-07-24 22:00:00,0.8314861295860291,0.1,230.0,3.615157085156648,0.0,0.0,0.0
2010-07-24 23:00:00,0.8560815282488351,0.1,230.0,3.7220936010818915,0.0,0.0,0.0
2010-07-25 00:00:00,1.0150664939537641,0.1,230.0,4.41333258240767,0.0,0.0,0.0
2010-07-25 01:00:00,1.302252510146189,0.1,230.0,5.661967435418213,0.0,0.0,0.0
2010-07-25 02:00:00,1.6710002548116434,0.1,230.0,7.265218499181058,0.0,0.0,0.0
2010-07-25 03:00:00,1.836051079087512,0.1,230.0,7.982830778641356,0.0,0.0,0.0
2010-07-25 04:00:00,2.3618167272429624,0.1,230.0,10.268768379317228,0.0,0.0,0.0
2010-07-25 05:00:00,2.6858201127774324,0.1,230.0,11.677478751206227,0.0,0.0,0.0
2010-07-25 06:00:00,3.002052220645756,0.1,230.0,13.052400959329374,0.0,0.0,0.0
2010-07-25 07:00:00,3.1125955580221354,0.1,230.0,13.533024165313632,0.0,0.0,0.0
2010-07-25 08:00:00,3.249731947054821,0.1,230.0,14.129269335020961,0.0,0.0,0.0
2010-07-25 09:00:00,3.220705229584057,0.1,230.0,14.003066215582855,0.0,0.0,0.0
2010-07-25 10:00:00,3.1148431211804963,0.1,230.0,13.542796179045636,0.0,0.0,0.0
2010-07-25 11:00:00,3.0616543286816946,0.1,230.0,13.311540559485628,0.0,0.0,0.0
2010-07-25 12:00:00,2.7453770676306353,0.1,230.0,11.936422033176676,0.0,0.0,0.0
2010-07-25 13:00:00,2.476389055788735,0.1,230.0,10.766908938211893,0.0,0.0,0.0
2010-07-25 14:00:00,2.3233132205847857,0.1,230.0,10.101361828629502,0.0,0.0,0.0
2010-07-25 15:00:00,1.9289770434993179,0.1,230.0,8.3868567108666,0.0,0.0,0.0
2010-07-25 16:00:00,1.5740493503402673,0.1,230.0,6.843692827566379,0.0,0.0,0.0
2010-07-25 17:00:00,1.2683399662581767,0.1,230.0,5.514521592426855,0.0,0.0,0.0
2010-07-25 18:00:00,1.1762481043942032,0.1,230.0,5.114122193018275,0.0,0.0,0.0
2010-07-25 19:00:00,0.9579011580328789,0.1,230.0,4.164787643621213,0.0,0.0,0.0
2010-07-25 20:00:00,0.6750283035725968,0.1,230.0,2.9349056677069423,0.0,0.0,0.0
2010-07-25 21:00:00,0.8234738798257843,0.1,230.0,3.580321216633845,0.0,0.0,0.0
2010-07-25 22:00:00,0.6780892138790222,0.1,230.0,2.9482139733870527,0.0,0.0,0.0
2010-07-25 23:00:00,0.8658534846981172,0.1,230.0,3.7645803682526835,0.0,0.0,0.0
2010-07-26 00:00:00,0.7794338053903779,0.1,230.0,3.3888426321320777,0.0,0.0,0.0
2010-07-26 01:00:00,1.1601750990402833,0.1,230.0,5.0442395610447095,0.0,0.0,0.0
2010-07-26 02:00:00,1.0787250068703882,0.1,230.0,4.690108725523427,0.0,0.0,0.0
2010-07-26 03:00:00,1.4892807086137956,0.1,230.0,6.475133515712154,0.0,0.0,0.0
2010-07-26 04:00:00,1.765530849747963,0.1,230.0,7.676221085860709,0.0,0.0,0.0
2010-07-26 05:00:00,2.0264288278367886,0.1,230.0,8.810560121029516,0.0,0.0,0.0
2010-07-26 06:00:00,2.1443493759459824,0.1,230.0,9.323258156286881,0.0,0.0,0.0
2010-07-26 07:00:00,2.3076616527893443,0.1,230.0,10.033311533866714,0.0,0.0,0.0
2010-07-26 08:00:00,2.506824347842392,0.1,230.0,10.899236294966922,0.0,0.0,0.0
2010-07-26 09:00:00,2.598239803670806,0.1,230.0,11.296694798568721,0.0,0.0,0.0
2010-07-26 10:00:00,2.4868108721558655,0.1,230.0,10.812221183286372,0.0,0.0,0.0
2010-07-26 11:00:00,2.4026602844990474,0.1,230.0,10.446349063039337,0.0,0.0,0.0
2010-07-26 12:00:00,2.04144359589318,0.1,230.0,8.875841721274695,0.0,0.0,0.0
2010-07-26 13:00:00,1.845595650022273,0.1,230.0,8.024328913140318,0.0,0.0,0.0
2010-07-26 14:00:00,1.7350966431307673,0.1,230.0,7.54389844839464,0.0,0.0,0.0
2010-07-26 15:00:00,1.5596055299788545,0.1,230.0,6.780893608603716,0.0,0.0,0.0
2010-07-26 16:00:00,1.3268787805058657,0.1,230.0,5.76903817611246,0.0,0.0,0.0
2010-07-26 17:00:00,0.9277679544630008,0.1,230.0,4.033773715056525,0.0,0.0,0.0
2010-07-26 18:00:00,0.8876742191889468,0.1,230.0,3.8594531269084644,0.0,0.0,0.0
2010-07-26 19:00:00,0.763944077977988,0.1,230.0,3.3214959912086437,0.0,0.0,0.0
2010-07-26 20:00:00,0.26887579620249524,0.1,230.0,1.169025200880414,0.0,0.0,0.0
2010-07-26 21:00:00,0.5806891108141036,0.1,230.0,2.524735264409146,0.0,0.0,0.0
2010-07-26 22:00:00,0.5513383926927318,0.1,230.0,2.397123446490138,0.0,0.0,0.0
2010-07-26 23:00:00,0.7075067029361432,0.1,230.0,3.0761160997223613,0.0,0.0,0.0
2010-07-27 00:00:00,0.9314316653231247,0.1,230.0,4.049702892709238,0.0,0.0,0.0
2010-07-27 01:00:00,1.0634622365542203,0.1,230.0,4.623748854583567,0.0,0.0,0.0
2010-07-27 02:00:00,1.199129127887973,0.1,230.0,5.213604903860753,0.0,0.0,0.0
2010-07-27 03:00:00,1.5005824886871617,0.1,230.0,6.5242716899441815,0.0,0.0,0.0
2010-07-27 04:00:00,1.9266529637882226,0.1,230.0,8.376752016470533,0.0,0.0,0.0
2010-07-27 05:00:00,1.8109112126448366,0.1,230.0,7.873527011499289,0.0,0.0,0.0
2010-07-27 06:00:00,2.2214103127161433,0.1,230.0,9.658305707461492,0.0,0.0,0.0
2010-07-27 07:00:00,2.145888993763119,0.1,230.0,9.32995214679617,0.0,0.0,0.0
2010-07-27 08:00:00,2.553795981839792,0.1,230.0,11.103460790607793,0.0,0.0,0.0
2010-07-27 09:00:00,2.422685771489369,0.1,230.0,10.533416397779865,0.0,0.0,0.0
2010-07-27 10:00:00,2.5260690468556577,0.1,230.0,10.982908899372426,0.0,0.0,0.0
2010-07-27 11:00:00,2.5978797300357575,0.1,230.0,11.295129261025032,0.0,0.0,0.0
2010-07-27 12:00:00,2.101124589582827,0.1,230.0,9.13532430253403,0.0,0.0,0.0
2010-07-27 13:00:00,2.0969837245135765,0.1,230.0,9.117320541363375,0.0,0.0,0.0
2010-07-27 14:00:00,1.8741822795904028,0.1,230.0,8.148618606914795,0.0,0.0,0.0
2010-07-27 15:00:00,1.4326259117028601,0.1,230.0,6.228808311751566,0.0,0.0,0.0
2010-07-27 16:00:00,1.1674239146296634,0.1,230.0,5.075756150563754,0.0,0.0,0.0
2010-07-27 17:00:00,1.1733956894656399,0.1,230.0,5.101720388981043,0.0,0.0,0.0
2010-07-27 18:00:00,0.9819225785434863,0.1,230.0,4.269228602362984,0.0,0.0,0.0
2010-07-27 19:00:00,0.8509506743269849,0.1,230.0,3.6997855405521083,0.0,0.0,0.0
2010-07-27 20:00:00,0.5075747288637873,0.1,230.0,2.2068466472338577,0.0,0.0,0.0
2010-07-27 21:00:00,0.5052555727918968,0.1,230.0,2.196763359964769,0.0,0.0,0.0
2010-07-27 22:00:00,0.6407957277026688,0.1,230.0,2.7860683813159515,0.0,0.0,0.0
2010-07-27 23:00:00,0.6243737410625004,0.1,230.0,2.714668439402176,0.0,0.0,0.0
2010-07-28 00:00:00,0.7415005510400221,0.1,230.0,3.223915439304444,0.0,0.0,0.0
2010-07-28 01:00:00,0.9913032656609072,0.1,230.0,4.310014198525684,0.0,0.0,0.0
2010-07-28 02:00:00,1.2020353835716704,0.1,230.0,5.226240798137697,0.0,0.0,0.0
2010-07-28 03:00:00,1.5316583298507065,0.1,230.0,6.659384042829158,0.0,0.0,0.0
2010-07-28 04:00:00,1.8575681849249963,0.1,230.0,8.076383412717375,0.0,0.0,0.0
2010-07-28 05:00:00,2.0083072007909633,0.1,230.0,8.731770438221579,0.0,0.0,0.0
2010-07-28 06:00:00,2.3455693820405,0.1,230.0,10.198127748002173,0.0,0.0,0.0
2010-07-28 07:00:00,2.2412029276255807,0.1,230.0,9.744360554893829,0.0,0.0,0.0
2010-07-28 08:00:00,2.4801165624894357,0.1,230.0,10.783115489084503,0.0,0.0,0.0
2010-07-28 09:00:00,2.435976254106912,0.1,230.0,10.591201104812662,0.0,0.0,0.0
2010-07-28 10:00:00,2.464452064601916,0.1,230.0,10.715008976530068,0.0,0.0,0.0
2010-07-28 11:00:00,2.515045669031035,0.1,230.0,10.934981169700153,0.0,0.0,0.0
2010-07-28 12:00:00,2.3128179784473097,0.1,230.0,10.05573034107526,0.0,0.0,0.0
2010-07-28 13:00:00,2.078135998422474,0.1,230.0,9.03537390618467,0.0,0.0,0.0
2010-07-28 14:00:00,1.6864141295559518,0.1,230.0,7.332235345895443,0.0,0.0,0.0
2010-07-28 15:00:00,1.4737435911738654,0.1,230.0,6.40758083119072,0.0,0.0,0.0
2010-07-28 16:00:00,1.3209365889388474,0.1,230.0,5.743202560603684,0.0,0.0,0.0
2010-07-28 17:00:00,0.8836143444968951,0.1,230.0,3.8418014978125874,0.0,0.0,0.0
2010-07-28 18:00:00,0.7882935785978745,0.1,230.0,3.4273633852081504,0.0,0.0,0.0
2010-07-28 19:00:00,0.5998034448766146,0.1,230.0,2.607841064680933,0.0,0.0,0.0
2010-07-28 20:00:00,0.49613683716409474,0.1,230.0,2.157116683322151,0.0,0.0,0.0
2010-07-28 21:00:00,0.5011724350550512,0.1,230.0,2.1790105871958745,0.0,0.0,0.0
2010-07-28 22:00:00,0.5406134335964846,0.1,230.0,2.350493189549933,0.0,0.0,0.0
2010-07-28 23:00:00,0.7829258150565429,0.1,230.0,3.4040252828545343,0.0,0.0,0.0
2010-07-29 00:00:00,0.8441020379431743,0.1,230.0,3.670008860622497,0.0,0.0,0.0
2010-07-29 01:00:00,1.0735364787356894,0.1,230.0,4.6675499075464755,0.0,0.0,0.0
2010-07-29 02:00:00,1.3301825665766847,0.1,230.0,5.7834024633768895,0.0,0.0,0.0
2010-07-29 03:00:00,1.4837497914760525,0.1,230.0,6.45108604989588,0.0,0.0,0.0
2010-07-29 04:00:00,1.7253247590829905,0.1,230.0,7.501411996013003,0.0,0.0,0.0
2010-07-29 05:00:00,2.1657942387505686,0.1,230.0,9.416496690219864,0.0,0.0,0.0
2010-07-29 06:00:00,2.251275718231353,0.1,230.0,9.788155296658056,0.0,0.0,0.0
2010-07-29 07:00:00,2.32053783435123,0.1,230.0,10.08929493196187,0.0,0.0,0.0
2010-07-29 08:00:00,2.3231013775957985,0.1,230.0,10.100440772155645,0.0,0.0,0.0
2010-07-29 09:00:00,2.522992788945384,0.1,230.0,10.96953386497993,0.0,0.0,0.0
2010-07-29 10:00:00,2.4733379055923828,0.1,230.0,10.75364306779297,0.0,0.0,0.0
2010-07-29 11:00:00,2.4034931733472487,0.1,230.0,10.44997031890108,0.0,0.0,0.0
2010-07-29 12:00:00,2.129679352666919,0.1,230.0,9.259475446377909,0.0,0.0,0.0
2010-07-29 13:00:00,2.0094255956635094,0.1,230.0,8.736633024623954,0.0,0.0,0.0
2010-07-29 14:00:00,1.712175892379354,0.1,230.0,7.4442430103450175,0.0,0.0,0.0
2010-07-29 15:00:00,1.5208418333678408,0.1,230.0,6.612355797251482,0.0,0.0,0.0
2010-07-29 16:00:00,1.2514569053068103,0.1,230.0,5.4411169795948275,0.0,0.0,0.0
2010-07-29 17:00:00,0.9867667615114616,0.1,230.0,4.290290267441137,0.0,0.0,0.0
2010-07-29 18:00:00,0.8302618906009543,0.1,230.0,3.609834306960671,0.0,0.0,0.0
2010-07-29 19:00:00,0.5324073148758683,0.1,230.0,2.3148144125037753,0.0,0.0,0.0
2010-07-29 20:00:00,0.6349586693128959,0.1,230.0,2.7606898665778083,0.0,0.0,0.0
2010-07-29 21:00:00,0.3164524160665764,0.1,230.0,1.37588006985468,0.0,0.0,0.0
2010-07-29 22:00:00,0.6510656550443166,0.1,230.0,2.8307202393231155,0.0,0.0,0.0
2010-07-29 23:00:00,0.5970081899834174,0.1,230.0,2.5956877825365976,0.0,0.0,0.0
2010-07-30 00:00:00,0.8254108308981299,0.1,230.0,3.5887427430353473,0.0,0.0,0.0
2010-07-30 01:00:00,1.0834090511584067,0.1,230.0,4.710474135471334,0.0,0.0,0.0
2010-07-30 02:00:00,1.3872212347356296,0.1,230.0,6.0313966727636075,0.0,0.0,0.0
2010-07-30 03:00:00,1.507280821270198,0.1,230.0,6.553394875087817,0.0,0.0,0.0
2010-07-30 04:00:00,1.8072872941847984,0.1,230.0,7.857770844281732,0.0,0.0,0.0
2010-07-30 05:00:00,2.0445513434258302,0.1,230.0,8.889353667068827,0.0,0.0,0.0
2010-07-30 06:00:00,2.3332389330824004,0.1,230.0,10.144517100358263,0.0,0.0,0.0
2010-07-30 07:00:00,2.269371074779456,0.1,230.0,9.866830759910679,0.0,0.0,0.0
2010-07-30 08:00:00,2.487272584083253,0.1,230.0,10.814228626448925,0.0,0.0,0.0
2010-07-30 09:00:00,2.391019377064173,0.1,230.0,10.395736422018143,0.0,0.0,0.0
2010-07-30 10:00:00,2.354955683859319,0.1,230.0,10.238937755910083,0.0,0.0,0.0
2010-07-30 11:00:00,2.358101029002301,0.1,230.0,10.252613169575222,0.0,0.0,0.0
2010-07-30 12:00:00,2.271220068695477,0.1,230.0,9.874869863893379,0.0,0.0,0.0
2010-07-30 13:00:00,2.1414205771040553,0.1,230.0,9.310524248278501,0.0,0.0,0.0
2010-07-30 14:00:00,1.7686830050001092,0.1,230.0,7.6899261086961275,0.0,0.0,0.0
2010-07-30 15:00:00,1.306133368242226,0.1,230.0,5.678840731487939,0.0,0.0,0.0
2010-07-30 16:00:00,1.3374688095177931,0.1,230.0,5.815081780512144,0.0,0.0,0.0
2010-07-30 17:00:00,0.8727967925362411,0.1,230.0,3.794768663201048,0.0,0.0,0.0
2010-07-30 18:00:00,0.8982055153487076,0.1,230.0,3.9052413710813374,0.0,0.0,0.0
2010-07-30 19:00:00,0.6577567882214785,0.1,230.0,2.8598121227020807,0.0,0.0,0.0
2010-07-30 20:00:00,0.5726218559084852,0.1,230.0,2.4896602430803707,0.0,0.0,0.0
2010-07-30 21:00:00,0.5333464170556826,0.1,230.0,2.31889746545949,0.0,0.0,0.0
2010-07-30 22:00:00,0.5184453575224521,0.1,230.0,2.254110250097618,0.0,0.0,0.0
2010-07-30 23:00:00,0.603453816949956,0.1,230.0,2.6237122476085046,0.0,0.0,0.0
2010-07-31 00:00:00,1.051477177923243,0.1,230.0,4.5716399040141,0.0,0.0,0.0
2010-07-31 01:00:00,1.3627490412439593,0.1,230.0,5.924995831495475,0.0,0.0,0.0
2010-07-31 02:00:00,1.7294210647258768,0.1,230.0,7.51922202054729,0.0,0.0,0.0
2010-07-31 03:00:00,1.9268423428176185,0.1,230.0,8.377575403554863,0.0,0.0,0.0
2010-07-31 04:00:00,2.1111750428776785,0.1,230.0,9.179021925555125,0.0,0.0,0.0
2010-07-31 05:00:00,2.574713517956109,0.1,230.0,11.19440659980917,0.0,0.0,0.0
2010-07-31 06:00:00,2.7908171563743136,0.1,230.0,12.133987636410058,0.0,0.0,0.0
2010-07-31 07:00:00,2.955412101505889,0.1,230.0,12.8496178326343,0.0,0.0,0.0
2010-07-31 08:00:00,3.2695190481602685,0.1,230.0,14.215300209392472,0.0,0.0,0.0
2010-07-31 09:00:00,3.3456685405724427,0.1,230.0,14.54638495901062,0.0,0.0,0.0
2010-07-31 10:00:00,3.362432106650752,0.1,230.0,14.619270028916313,0.0,0.0,0.0
2010-07-31 11:00:00,3.0913368174985547,0.1,230.0,13.44059485868937,0.0,0.0,0.0
2010-07-31 12:00:00,2.9722728692356757,0.1,230.0,12.922925518415981,0.0,0.0,0.0
2010-07-31 13:00:00,2.5970635261631747,0.1,230.0,11.291580548535542,0.0,0.0,0.0
2010-07-31 14:00:00,2.2498293938826275,0.1,230.0,9.781866929924467,0.0,0.0,0.0
2010-07-31 15:00:00,1.977975155242455,0.1,230.0,8.599891979315021,0.0,0.0,0.0
2010-07-31 16:00:00,1.6529038924030384,0.1,230.0,7.186538662621905,0.0,0.0,0.0
2010-07-31 17:00:00,1.1705462045787587,0.1,230.0,5.089331324255473,0.0,0.0,0.0
2010-07-31 18:00:00,0.9577298982500575,0.1,230.0,4.164043035869815,0.0,0.0,0.0
2010-07-31 19:00:00,0.744236275887052,0.1,230.0,3.2358098951610956,0.0,0.0,0.0
2010-07-31 20:00:00,0.5562048334750348,0.1,230.0,2.418281884674064,0.0,0.0,0.0
2010-07-31 21:00:00,0.4877049092966028,0.1,230.0,2.120456127376534,0.0,0.0,0.0
2010-07-31 22:00:00,0.805316832979177,0.1,230.0,3.501377534692074,0.0,0.0,0.0
2010-07-31 23:00:00,0.7890089651762124,0.1,230.0,3.430473761635706,0.0,0.0,0.0
2010-08-01 00:00:00,1.0425674549068051,0.1,230.0,4.5329019778556745,0.0,0.0,0.0
2010-08-01 01:00:00,1.2836568534326669,0.1,230.0,5.581116754055073,0.0,0.0,0.0
2010-08-01 02:00:00,1.6835318129186372,0.1,230.0,7.319703534428857,0.0,0.0,0.0
2010-08-01 03:00:00,2.033709679830392,0.1,230.0,8.842215999262573,0.0,0.0,0.0
2010-08-01 04:00:00,2.3145545036343997,0.1,230.0,10.063280450584346,0.0,0.0,0.0
2010-08-01 05:00:00,2.6767017564730007,0.1,230.0,11.637833723795655,0.0,0.0,0.0
2010-08-01 06:00:00,3.0404385461906744,0.1,230.0,13.219298026915975,0.0,0.0,0.0
2010-08-01 07:00:00,2.9926498620522435,0.1,230.0,13.01152113935758,0.0,0.0,0.0
2010-08-01 08:00:00,3.404884434334664,0.1,230.0,14.803845366672451,0.0,0.0,0.0
2010-08-01 09:00:00,3.109416980160526,0.1,230.0,13.519204261567506,0.0,0.0,0.0
2010-08-01 10:00:00,3.2231545906525265,0.1,230.0,14.013715611532724,0.0,0.0,0.0
2010-08-01 11:00:00,3.0506657108865816,0.1,230.0,13.263763960376442,0.0,0.0,0.0
2010-08-01 12:00:00,2.8543863075040403,0.1,230.0,12.410375250017566,0.0,0.0,0.0
2010-08-01 13:00:00,2.655907867240028,0.1,230.0,11.547425509739252,0.0,0.0,0.0
2010-08-01 14:00:00,2.1538809346852954,0.1,230.0,9.364699716023024,0.0,0.0,0.0
2010-08-01 15:00:00,1.9012829672682978,0.1,230.0,8.266447683775208,0.0,0.0,0.0
2010-08-01 16:00:00,1.626164875939182,0.1,230.0,7.070282069300791,0.0,0.0,0.0
2010-08-01 17:00:00,1.222426754861707,0.1,230.0,5.314898934181334,0.0,0.0,0.0
2010-08-01 18:00:00,0.8783586130411786,0.1,230.0,3.818950491483385,0.0,0.0,0.0
2010-08-01 19:00:00,0.8571769159182758,0.1,230.0,3.726856156166417,0.0,0.0,0.0
2010-08-01 20:00:00,0.6328374629706596,0.1,230.0,2.7514672303072154,0.0,0.0,0.0
2010-08-01 21:00:00,0.6891854249786529,0.1,230.0,2.996458369472404,0.0,0.0,0.0
2010-08-01 22:00:00,0.6302062214513349,0.1,230.0,2.7400270497884125,0.0,0.0,0.0
2010-08-01 23:00:00,0.7446092840099217,0.1,230.0,3.237431669608355,0.0,0.0,0.0
2010-08-02 00:00:00,0.8237095114885832,0.1,230.0,3.581345702124275,0.0,0.0,0.0
2010-08-02 01:00:00,1.0129303332608293,0.1,230.0,4.404044927220997,0.0,0.0,0.0
2010-08-02 02:00:00,1.2737210545416158,0.1,230.0,5.537917628441808,0.0,0.0,0.0
2010-08-02 03:00:00,1.4679755160116923,0.1,230.0,6.382502243529096,0.0,0.0,0.0
2010-08-02 04:00:00,1.8007830795535102,0.1,230.0,7.8294916502326535,0.0,0.0,0.0
2010-08-02 05:00:00,1.985609884669905,0.1,230.0,8.633086455086543,0.0,0.0,0.0
2010-08-02 06:00:00,2.324511156182016,0.1,230.0,10.106570244269633,0.0,0.0,0.0
2010-08-02 07:00:00,2.260141852636848,0.1,230.0,9.826703707116732,0.0,0.0,0.0
2010-08-02 08:00:00,2.4435419071648075,0.1,230.0,10.624095248542641,0.0,0.0,0.0
2010-08-02 09:00:00,2.477161886702749,0.1,230.0,10.770269072620648,0.0,0.0,0.0
2010-08-02 10:00:00,2.36514106768932,0.1,230.0,10.283222033431825,0.0,0.0,0.0
2010-08-02 11:00:00,2.548230945896985,0.1,230.0,11.079264982160804,0.0,0.0,0.0
2010-08-02 12:00:00,2.247640218592016,0.1,230.0,9.772348776487027,0.0,0.0,0.0
2010-08-02 13:00:00,1.9154311309293213,0.1,230.0,8.327961438823136,0.0,0.0,0.0
2010-08-02 14:00:00,1.9499620337580523,0.1,230.0,8.478095798948054,0.0,0.0,0.0
2010-08-02 15:00:00,1.4998592247994853,0.1,230.0,6.521127064345588,0.0,0.0,0.0
2010-08-02 16:00:00,1.4020437918660256,0.1,230.0,6.095842573330546,0.0,0.0,0.0
2010-08-02 17:00:00,0.8579306680518688,0.1,230.0,3.7301333393559513,0.0,0.0,0.0
2010-08-02 18:00:00,0.7076465283430404,0.1,230.0,3.076724036274089,0.0,0.0,0.0
2010-08-02 19:00:00,0.6490739812108736,0.1,230.0,2.822060787873363,0.0,0.0,0.0
2010-08-02 20:00:00,0.6291121418075466,0.1,230.0,2.7352701817719414,0.0,0.0,0.0
2010-08-02 21:00:00,0.2859440670229434,0.1,230.0,1.2432350740127973,0.0,0.0,0.0
2010-08-02 22:00:00,0.7608653841831036,0.1,230.0,3.3081103660134934,0.0,0.0,0.0
2010-08-02 23:00:00,0.7262689090881591,0.1,230.0,3.1576909090789527,0.0,0.0,0.0
2010-08-03 00:00:00,0.7786184544617598,0.1,230.0,3.385297628094608,0.0,0.0,0.0
2010-08-03 01:00:00,1.136675815317003,0.1,230.0,4.942068762247838,0.0,0.0,0.0
2010-08-03 02:00:00,1.3967468248662607,0.1,230.0,6.07281228202722,0.0,0.0,0.0
2010-08-03 03:00:00,1.4667776919994138,0.1,230.0,6.377294313040929,0.0,0.0,0.0
2010-08-03 04:00:00,1.8105854993575656,0.1,230.0,7.872110866772024,0.0,0.0,0.0
2010-08-03 05:00:00,2.106999341641709,0.1,230.0,9.16086670279004,0.0,0.0,0.0
2010-08-03 06:00:00,2.2098929924818895,0.1,230.0,9.608230402095172,0.0,0.0,0.0
2010-08-03 07:00:00,2.352231561623403,0.1,230.0,10.227093746188709,0.0,0.0,0.0
2010-08-03 08:00:00,2.494324286088224,0.1,230.0,10.844888200383583,0.0,0.0,0.0
2010-08-03 09:00:00,2.5533129239057377,0.1,230.0,11.101360538720598,0.0,0.0,0.0
2010-08-03 10:00:00,2.439033420376185,0.1,230.0,10.604493132070372,0.0,0.0,0.0
2010-08-03 11:00:00,2.4507582674364103,0.1,230.0,10.655470727984392,0.0,0.0,0.0
2010-08-03 12:00:00,2.2289696218781754,0.1,230.0,9.691172269035546,0.0,0.0,0.0
2010-08-03 13:00:00,1.865164553129888,0.1,230.0,8.10941110056473,0.0,0.0,0.0
2010-08-03 14:00:00,1.7268165849869372,0.1,230.0,7.507898195595379,0.0,0.0,0.0
2010-08-03 15:00:00,1.3395747925282713,0.1,230.0,5.824238228383788,0.0,0.0,0.0
2010-08-03 16:00:00,1.2685174389603715,0.1,230.0,5.51529321287118,0.0,0.0,0.0
2010-08-03 17:00:00,1.2055774393568923,0.1,230.0,5.24164104068214,0.0,0.0,0.0
2010-08-03 18:00:00,0.6903268874092844,0.1,230.0,3.0014212496055843,0.0,0.0,0.0
2010-08-03 19:00:00,0.5012997173181852,0.1,230.0,2.1795639883399356,0.0,0.0,0.0
2010-08-03 20:00:00,0.501783515539812,0.1,230.0,2.181667458868748,0.0,0.0,0.0
2010-08-03 21:00:00,0.47059061956869497,0.1,230.0,2.0460461720378045,0.0,0.0,0.0
2010-08-03 22:00:00,0.5849794868324105,0.1,230.0,2.5433890731843936,0.0,0.0,0.0
2010-08-03 23:00:00,0.5847138117831078,0.1,230.0,2.5422339642743816,0.0,0.0,0.0
2010-08-04 00:00:00,0.7983265607492195,0.1,230.0,3.4709850467357373,0.0,0.0,0.0
2010-08-04 01:00:00,0.954104152499954,0.1,230.0,4.1482789239128435,0.0,0.0,0.0
2010-08-04 02:00:00,1.174166813292855,0.1,230.0,5.105073101273283,0.0,0.0,0.0
2010-08-04 03:00:00,1.4401794872209737,0.1,230.0,6.261649944439016,0.0,0.0,0.0
2010-08-04 04:00:00,1.862004598512863,0.1,230.0,8.095672167447232,0.0,0.0,0.0
2010-08-04 05:00:00,2.0658306601057332,0.1,230.0,8.98187243524232,0.0,0.0,0.0
2010-08-04 06:00:00,2.152609063896322,0.1,230.0,9.359169843027487,0.0,0.0,0.0
2010-08-04 07:00:00,2.303928794392477,0.1,230.0,10.0170817147499,0.0,0.0,0.0
2010-08-04 08:00:00,2.442013074515027,0.1,230.0,10.617448150065334,0.0,0.0,0.0
2010-08-04 09:00:00,2.4956202088439055,0.1,230.0,10.850522647147415,0.0,0.0,0.0
2010-08-04 10:00:00,2.4429247960942813,0.1,230.0,10.621412156931658,0.0,0.0,0.0
2010-08-04 11:00:00,2.3489897439917904,0.1,230.0,10.212998886920827,0.0,0.0,0.0
2010-08-04 12:00:00,2.1115242071795253,0.1,230.0,9.180540031215326,0.0,0.0,0.0
2010-08-04 13:00:00,1.895767560029926,0.1,230.0,8.242467652304025,0.0,0.0,0.0
2010-08-04 14:00:00,1.7559798071134671,0.1,230.0,7.634694813536814,0.0,0.0,0.0
2010-08-04 15:00:00,1.5145415656142973,0.1,230.0,6.584963328757814,0.0,0.0,0.0
2010-08-04 16:00:00,1.4204781330494556,0.1,230.0,6.175991882823721,0.0,0.0,0.0
2010-08-04 17:00:00,0.9395085303813863,0.1,230.0,4.084819697310375,0.0,0.0,0.0
2010-08-04 18:00:00,0.9300404225061927,0.1,230.0,4.04365401089649,0.0,0.0,0.0
2010-08-04 19:00:00,0.7657898997257842,0.1,230.0,3.3295213031555835,0.0,0.0,0.0
2010-08-04 20:00:00,0.5732769891798708,0.1,230.0,2.4925086486081343,0.0,0.0,0.0
2010-08-04 21:00:00,0.4603108073634343,0.1,230.0,2.0013513363627577,0.0,0.0,0.0
2010-08-04 22:00:00,0.49842960599029174,0.1,230.0,2.167085243436051,0.0,0.0,0.0
2010-08-04 23:00:00,0.6246533930886013,0.1,230.0,2.7158843177765273,0.0,0.0,0.0
2010-08-05 00:00:00,0.8742463804327708,0.1,230.0,3.8010712192729166,0.0,0.0,0.0
2010-08-05 01:00:00,0.9142048535575019,0.1,230.0,3.9748037111195735,0.0,0.0,0.0
2010-08-05 02:00:00,1.1892666937806413,0.1,230.0,5.170724755568006,0.0,0.0,0.0
2010-08-05 03:00:00,1.5826254732426925,0.1,230.0,6.88098031844649,0.0,0.0,0.0
2010-08-05 04:00:00,1.7832260701247895,0.1,230.0,7.753156826629519,0.0,0.0,0.0
2010-08-05 05:00:00,1.9178361723933919,0.1,230.0,8.338418140840835,0.0,0.0,0.0
2010-08-05 06:00:00,2.177958367389541,0.1,230.0,9.469384206041482,0.0,0.0,0.0
2010-08-05 07:00:00,2.4583229023416613,0.1,230.0,10.688360444963743,0.0,0.0,0.0
2010-08-05 08:00:00,2.531425331246238,0.1,230.0,11.006197092374947,0.0,0.0,0.0
2010-08-05 09:00:00,2.679719247608107,0.1,230.0,11.65095325047003,0.0,0.0,0.0
2010-08-05 10:00:00,2.5462891622223895,0.1,230.0,11.070822444445172,0.0,0.0,0.0
2010-08-05 11:00:00,2.278492888461709,0.1,230.0,9.906490819398734,0.0,0.0,0.0
2010-08-05 12:00:00,2.2366702490677377,0.1,230.0,9.72465325681625,0.0,0.0,0.0
2010-08-05 13:00:00,1.9950845631566458,0.1,230.0,8.67428070937672,0.0,0.0,0.0
2010-08-05 14:00:00,1.7474420940555768,0.1,230.0,7.597574321980768,0.0,0.0,0.0
2010-08-05 15:00:00,1.6821201004768986,0.1,230.0,7.313565654247386,0.0,0.0,0.0
2010-08-05 16:00:00,1.497434044828947,0.1,230.0,6.510582803604117,0.0,0.0,0.0
2010-08-05 17:00:00,1.0508068411527138,0.1,230.0,4.568725396316147,0.0,0.0,0.0
2010-08-05 18:00:00,0.787664093257711,0.1,230.0,3.42462649242483,0.0,0.0,0.0
2010-08-05 19:00:00,0.6638608276787712,0.1,230.0,2.8863514246903095,0.0,0.0,0.0
2010-08-05 20:00:00,0.5717706818183864,0.1,230.0,2.485959486166897,0.0,0.0,0.0
2010-08-05 21:00:00,0.42419790153119763,0.1,230.0,1.844338702309555,0.0,0.0,0.0
2010-08-05 22:00:00,0.49649122771133203,0.1,230.0,2.1586575117884004,0.0,0.0,0.0
2010-08-05 23:00:00,0.6517758854053995,0.1,230.0,2.833808197414781,0.0,0.0,0.0
2010-08-06 00:00:00,0.7990385807941375,0.1,230.0,3.4740807860614673,0.0,0.0,0.0
2010-08-06 01:00:00,1.0252041024878542,0.1,230.0,4.45740914125154,0.0,0.0,0.0
2010-08-06 02:00:00,1.14567613058554,0.1,230.0,4.981200567763217,0.0,0.0,0.0
2010-08-06 03:00:00,1.536905883149349,0.1,230.0,6.682199491953691,0.0,0.0,0.0
2010-08-06 04:00:00,1.9503057167768199,0.1,230.0,8.479590072942695,0.0,0.0,0.0
2010-08-06 05:00:00,1.957152005682418,0.1,230.0,8.509356546445296,0.0,0.0,0.0
2010-08-06 06:00:00,2.2344556467069574,0.1,230.0,9.715024550899814,0.0,0.0,0.0
2010-08-06 07:00:00,2.4034522807509697,0.1,230.0,10.449792525004217,0.0,0.0,0.0
2010-08-06 08:00:00,2.6349695346013755,0.1,230.0,11.456389280875545,0.0,0.0,0.0
2010-08-06 09:00:00,2.507467093045307,0.1,230.0,10.902030839327422,0.0,0.0,0.0
2010-08-06 10:00:00,2.3727851570227356,0.1,230.0,10.316457204446678,0.0,0.0,0.0
2010-08-06 11:00:00,2.20594625592359,0.1,230.0,9.591070677928652,0.0,0.0,0.0
2010-08-06 12:00:00,2.2501998505214282,0.1,230.0,9.783477610962732,0.0,0.0,0.0
2010-08-06 13:00:00,1.9672696592063672,0.1,230.0,8.553346344375509,0.0,0.0,0.0
2010-08-06 14:00:00,1.7315048213823037,0.1,230.0,7.528281832096972,0.0,0.0,0.0
2010-08-06 15:00:00,1.46117736204193,0.1,230.0,6.352945052356217,0.0,0.0,0.0
2010-08-06 16:00:00,1.3411474716480434,0.1,230.0,5.831075963687145,0.0,0.0,0.0
2010-08-06 17:00:00,0.9675674191916082,0.1,230.0,4.20681486605047,0.0,0.0,0.0
2010-08-06 18:00:00,0.8603444533453228,0.1,230.0,3.7406280580231424,0.0,0.0,0.0
2010-08-06 19:00:00,0.5891659419283432,0.1,230.0,2.5615910518623615,0.0,0.0,0.0
2010-08-06 20:00:00,0.5581709609087054,0.1,230.0,2.4268302648204583,0.0,0.0,0.0
2010-08-06 21:00:00,0.5647686232590409,0.1,230.0,2.4555157533001775,0.0,0.0,0.0
2010-08-06 22:00:00,0.44718341301044234,0.1,230.0,1.9442757087410536,0.0,0.0,0.0
2010-08-06 23:00:00,0.6592952090384553,0.1,230.0,2.866500908862849,0.0,0.0,0.0
2010-08-07 00:00:00,1.0498485838576426,0.1,230.0,4.56455906025062,0.0,0.0,0.0
2010-08-07 01:00:00,1.4325195041722207,0.1,230.0,6.2283456703140025,0.0,0.0,0.0
2010-08-07 02:00:00,1.5637988529293576,0.1,230.0,6.7991254475189455,0.0,0.0,0.0
2010-08-07 03:00:00,1.8543893225856083,0.1,230.0,8.062562272111341,0.0,0.0,0.0
2010-08-07 04:00:00,2.276914479510155,0.1,230.0,9.89962817178328,0.0,0.0,0.0
2010-08-07 05:00:00,2.56404731262028,0.1,230.0,11.148031794001216,0.0,0.0,0.0
2010-08-07 06:00:00,2.9910639294247043,0.1,230.0,13.00462578010741,0.0,0.0,0.0
2010-08-07 07:00:00,3.126743636533282,0.1,230.0,13.594537550144704,0.0,0.0,0.0
2010-08-07 08:00:00,3.262044626223968,0.1,230.0,14.182802722712907,0.0,0.0,0.0
2010-08-07 09:00:00,3.3894404763250656,0.1,230.0,14.736697723152458,0.0,0.0,0.0
2010-08-07 10:00:00,3.065632850275875,0.1,230.0,13.328838479460327,0.0,0.0,0.0
2010-08-07 11:00:00,3.295013861421408,0.1,230.0,14.326147223571338,0.0,0.0,0.0
2010-08-07 12:00:00,2.814790529740662,0.1,230.0,12.238219694524616,0.0,0.0,0.0
2010-08-07 13:00:00,2.5759679681559184,0.1,230.0,11.199860731112688,0.0,0.0,0.0
2010-08-07 14:00:00,2.215401225397216,0.1,230.0,9.632179240857461,0.0,0.0,0.0
2010-08-07 15:00:00,1.9780196053155066,0.1,230.0,8.600085240502203,0.0,0.0,0.0
2010-08-07 16:00:00,1.6618849479229958,0.1,230.0,7.225586730099981,0.0,0.0,0.0
2010-08-07 17:00:00,1.3265272973413142,0.1,230.0,5.767509988440497,0.0,0.0,0.0
2010-08-07 18:00:00,1.0565896811788211,0.1,230.0,4.593868179038353,0.0,0.0,0.0
2010-08-07 19:00:00,1.0070724386973273,0.1,230.0,4.378575820423163,0.0,0.0,0.0
2010-08-07 20:00:00,0.6933329071512576,0.1,230.0,3.0144909006576417,0.0,0.0,0.0
2010-08-07 21:00:00,0.6182131093117633,0.1,230.0,2.6878830839641883,0.0,0.0,0.0
2010-08-07 22:00:00,0.6319760234399691,0.1,230.0,2.7477218410433437,0.0,0.0,0.0
2010-08-07 23:00:00,0.5932560630990887,0.1,230.0,2.579374187387342,0.0,0.0,0.0
2010-08-08 00:00:00,0.7957737583702353,0.1,230.0,3.459885905957545,0.0,0.0,0.0
2010-08-08 01:00:00,1.3938587000834606,0.1,230.0,6.060255217754177,0.0,0.0,0.0
2010-08-08 02:00:00,1.536082383908348,0.1,230.0,6.678619060471078,0.0,0.0,0.0
2010-08-08 03:00:00,1.7861890402129503,0.1,230.0,7.766039305273697,0.0,0.0,0.0
2010-08-08 04:00:00,2.3765666332570596,0.1,230.0,10.332898405465476,0.0,0.0,0.0
2010-08-08 05:00:00,2.595462586520476,0.1,230.0,11.284619941393375,0.0,0.0,0.0
2010-08-08 06:00:00,2.8302026412873076,0.1,230.0,12.305228875162205,0.0,0.0,0.0
2010-08-08 07:00:00,2.9393251799156794,0.1,230.0,12.779674695285564,0.0,0.0,0.0
2010-08-08 08:00:00,3.2532700644878854,0.1,230.0,14.144652454295155,0.0,0.0,0.0
2010-08-08 09:00:00,3.195014125773763,0.1,230.0,13.89136576423375,0.0,0.0,0.0
2010-08-08 10:00:00,3.2315100359697957,0.1,230.0,14.050043634651287,0.0,0.0,0.0
2010-08-08 11:00:00,3.009296486830296,0.1,230.0,13.083897768827374,0.0,0.0,0.0
2010-08-08 12:00:00,2.864846912935944,0.1,230.0,12.455856143199757,0.0,0.0,0.0
2010-08-08 13:00:00,2.4286328745923487,0.1,230.0,10.559273367792821,0.0,0.0,0.0
2010-08-08 14:00:00,2.4328194527457536,0.1,230.0,10.577475881503275,0.0,0.0,0.0
2010-08-08 15:00:00,1.9964202400111213,0.1,230.0,8.680088000048354,0.0,0.0,0.0
2010-08-08 16:00:00,1.5614930756273808,0.1,230.0,6.789100328814699,0.0,0.0,0.0
2010-08-08 17:00:00,1.2526211356489816,0.1,230.0,5.446178850647747,0.0,0.0,0.0
2010-08-08 18:00:00,0.946680377186649,0.1,230.0,4.116001639941953,0.0,0.0,0.0
2010-08-08 19:00:00,0.8461858178915482,0.1,230.0,3.679068773441514,0.0,0.0,0.0
2010-08-08 20:00:00,0.7023733021501594,0.1,230.0,3.053796965870258,0.0,0.0,0.0
2010-08-08 21:00:00,0.5515214278638061,0.1,230.0,2.397919251581766,0.0,0.0,0.0
2010-08-08 22:00:00,0.7305256013650556,0.1,230.0,3.17619826680459,0.0,0.0,0.0
2010-08-08 23:00:00,0.8075187143039088,0.1,230.0,3.510950931756125,0.0,0.0,0.0
2010-08-09 00:00:00,0.9082261291738305,0.1,230.0,3.948809257277524,0.0,0.0,0.0
2010-08-09 01:00:00,0.9505191014836384,0.1,230.0,4.132691745581036,0.0,0.0,0.0
2010-08-09 02:00:00,1.1943466609219113,0.1,230.0,5.192811569225701,0.0,0.0,0.0
2010-08-09 03:00:00,1.5978516109605718,0.1,230.0,6.947180917219877,0.0,0.0,0.0
2010-08-09 04:00:00,1.8287728072106593,0.1,230.0,7.951186118307215,0.0,0.0,0.0
2010-08-09 05:00:00,2.1271782925794462,0.1,230.0,9.24860127208455,0.0,0.0,0.0
2010-08-09 06:00:00,2.1749576934328383,0.1,230.0,9.45633779753408,0.0,0.0,0.0
2010-08-09 07:00:00,2.2749433298955806,0.1,230.0,9.89105795606774,0.0,0.0,0.0
2010-08-09 08:00:00,2.5322309788732764,0.1,230.0,11.00969990814468,0.0,0.0,0.0
2010-08-09 09:00:00,2.383565698983306,0.1,230.0,10.363329126014374,0.0,0.0,0.0
2010-08-09 10:00:00,2.4111918549559688,0.1,230.0,10.483442847634647,0.0,0.0,0.0
2010-08-09 11:00:00,2.356475823376342,0.1,230.0,10.245547058158008,0.0,0.0,0.0
2010-08-09 12:00:00,2.416828025487707,0.1,230.0,10.507947936903072,0.0,0.0,0.0
2010-08-09 13:00:00,1.9936426082332628,0.1,230.0,8.66801134014462,0.0,0.0,0.0
2010-08-09 14:00:00,1.7301966348910638,0.1,230.0,7.522594064743755,0.0,0.0,0.0
2010-08-09 15:00:00,1.3706069209914669,0.1,230.0,5.959160526049856,0.0,0.0,0.0
2010-08-09 16:00:00,1.3025806379672995,0.1,230.0,5.663394078118693,0.0,0.0,0.0
2010-08-09 17:00:00,0.9397220548007437,0.1,230.0,4.085748064351059,0.0,0.0,0.0
2010-08-09 18:00:00,0.8299409146341825,0.1,230.0,3.6084387592790543,0.0,0.0,0.0
2010-08-09 19:00:00,0.584468459498564,0.1,230.0,2.5411672152111477,0.0,0.0,0.0
2010-08-09 20:00:00,0.5227635259165945,0.1,230.0,2.2728848952895415,0.0,0.0,0.0
2010-08-09 21:00:00,0.6001128420577952,0.1,230.0,2.609186269816501,0.0,0.0,0.0
2010-08-09 22:00:00,0.6568985309478739,0.1,230.0,2.856080569338582,0.0,0.0,0.0
2010-08-09 23:00:00,0.3074337861532984,0.1,230.0,1.3366686354491235,0.0,0.0,0.0
2010-08-10 00:00:00,0.9410059155263206,0.1,230.0,4.0913300675057425,0.0,0.0,0.0
2010-08-10 01:00:00,0.9780215229837483,0.1,230.0,4.252267491233688,0.0,0.0,0.0
2010-08-10 02:00:00,1.1778236636926522,0.1,230.0,5.120972450837618,0.0,0.0,0.0
2010-08-10 03:00:00,1.5463964256373413,0.1,230.0,6.723462720162353,0.0,0.0,0.0
2010-08-10 04:00:00,1.8092078953521307,0.1,230.0,7.866121284139698,0.0,0.0,0.0
2010-08-10 05:00:00,2.0268896034407016,0.1,230.0,8.812563493220441,0.0,0.0,0.0
2010-08-10 06:00:00,2.1662078401156077,0.1,230.0,9.418294957024381,0.0,0.0,0.0
2010-08-10 07:00:00,2.470892432398103,0.1,230.0,10.743010575643927,0.0,0.0,0.0
2010-08-10 08:00:00,2.4283830929321946,0.1,230.0,10.558187360574758,0.0,0.0,0.0
2010-08-10 09:00:00,2.382497407030003,0.1,230.0,10.358684378391317,0.0,0.0,0.0
2010-08-10 10:00:00,2.57805033313794,0.1,230.0,11.208914491904087,0.0,0.0,0.0
2010-08-10 11:00:00,2.1958797575562117,0.1,230.0,9.54730329372266,0.0,0.0,0.0
2010-08-10 12:00:00,2.3391464436321776,0.1,230.0,10.170201928835555,0.0,0.0,0.0
2010-08-10 13:00:00,1.9603872404582126,0.1,230.0,8.523422784600925,0.0,0.0,0.0
2010-08-10 14:00:00,1.8421200857641487,0.1,230.0,8.00921776419195,0.0,0.0,0.0
2010-08-10 15:00:00,1.4029408605899705,0.1,230.0,6.099742872130307,0.0,0.0,0.0
2010-08-10 16:00:00,1.3153191367481405,0.1,230.0,5.718778855426698,0.0,0.0,0.0
2010-08-10 17:00:00,1.1150507294801095,0.1,230.0,4.8480466499135195,0.0,0.0,0.0
2010-08-10 18:00:00,0.7210838290371236,0.1,230.0,3.135147082770103,0.0,0.0,0.0
2010-08-10 19:00:00,0.5757252574345748,0.1,230.0,2.5031532931938036,0.0,0.0,0.0
2010-08-10 20:00:00,0.3820293886693582,0.1,230.0,1.6609973420406878,0.0,0.0,0.0
2010-08-10 21:00:00,0.39929206520622806,0.1,230.0,1.7360524574183829,0.0,0.0,0.0
2010-08-10 22:00:00,0.5508071748485601,0.1,230.0,2.3948138036893916,0.0,0.0,0.0
2010-08-10 23:00:00,0.6635715756293231,0.1,230.0,2.8850938070840133,0.0,0.0,0.0
2010-08-11 00:00:00,0.8785913349962163,0.1,230.0,3.819962326070506,0.0,0.0,0.0
2010-08-11 01:00:00,1.0819841858788917,0.1,230.0,4.704279069038659,0.0,0.0,0.0
2010-08-11 02:00:00,1.252898830654452,0.1,230.0,5.447386220236748,0.0,0.0,0.0
2010-08-11 03:00:00,1.5485184906408154,0.1,230.0,6.732689089742675,0.0,0.0,0.0
2010-08-11 04:00:00,1.8855996216016924,0.1,230.0,8.198259224355185,0.0,0.0,0.0
2010-08-11 05:00:00,2.19315906726562,0.1,230.0,9.535474205502695,0.0,0.0,0.0
2010-08-11 06:00:00,2.29788724685665,0.1,230.0,9.990814116768044,0.0,0.0,0.0
2010-08-11 07:00:00,2.3216608196302553,0.1,230.0,10.094177476653284,0.0,0.0,0.0
2010-08-11 08:00:00,2.463001192912709,0.1,230.0,10.708700838750909,0.0,0.0,0.0
2010-08-11 09:00:00,2.438637468771695,0.1,230.0,10.602771603355198,0.0,0.0,0.0
2010-08-11 10:00:00,2.334933285554511,0.1,230.0,10.151883850237006,0.0,0.0,0.0
2010-08-11 11:00:00,2.398738796131251,0.1,230.0,10.429299113614135,0.0,0.0,0.0
2010-08-11 12:00:00,2.2544419921546246,0.1,230.0,9.801921705020106,0.0,0.0,0.0
2010-08-11 13:00:00,2.1263552871713105,0.1,230.0,9.24502298770135,0.0,0.0,0.0
2010-08-11 14:00:00,1.6253180708630541,0.1,230.0,7.066600308100235,0.0,0.0,0.0
2010-08-11 15:00:00,1.477380321230774,0.1,230.0,6.4233927010033645,0.0,0.0,0.0
2010-08-11 16:00:00,1.2594784588668753,0.1,230.0,5.475993299421197,0.0,0.0,0.0
2010-08-11 17:00:00,0.9764203487507254,0.1,230.0,4.245305864133589,0.0,0.0,0.0
2010-08-11 18:00:00,0.9129543223222454,0.1,230.0,3.969366618792371,0.0,0.0,0.0
2010-08-11 19:00:00,0.6545872264962836,0.1,230.0,2.846031419549059,0.0,0.0,0.0
2010-08-11 20:00:00,0.5906082317231962,0.1,230.0,2.567861877057375,0.0,0.0,0.0
2010-08-11 21:00:00,0.6323386401964295,0.1,230.0,2.7492984356366503,0.0,0.0,0.0
2010-08-11 22:00:00,0.5093573388508402,0.1,230.0,2.2145971254384356,0.0,0.0,0.0
2010-08-11 23:00:00,0.4681265370731429,0.1,230.0,2.03533276988323,0.0,0.0,0.0
2010-08-12 00:00:00,0.7825660027062102,0.1,230.0,3.402460881331349,0.0,0.0,0.0
2010-08-12 01:00:00,0.9483238612490522,0.1,230.0,4.1231472228219666,0.0,0.0,0.0
2010-08-12 02:00:00,1.1717750010042045,0.1,230.0,5.094673917409585,0.0,0.0,0.0
2010-08-12 03:00:00,1.6424097722699096,0.1,230.0,7.140912053347433,0.0,0.0,0.0
2010-08-12 04:00:00,1.574748321323519,0.1,230.0,6.846731831841386,0.0,0.0,0.0
2010-08-12 05:00:00,2.095837381849084,0.1,230.0,9.112336442822105,0.0,0.0,0.0
2010-08-12 06:00:00,2.1662183219623823,0.1,230.0,9.418340530271227,0.0,0.0,0.0
2010-08-12 07:00:00,2.2699638400311266,0.1,230.0,9.869408000135332,0.0,0.0,0.0
2010-08-12 08:00:00,2.4245318215101244,0.1,230.0,10.541442702217932,0.0,0.0,0.0
2010-08-12 09:00:00,2.516980109211399,0.1,230.0,10.943391779179995,0.0,0.0,0.0
2010-08-12 10:00:00,2.541935674605624,0.1,230.0,11.051894237415755,0.0,0.0,0.0
2010-08-12 11:00:00,2.441748050684223,0.1,230.0,10.6162958725401,0.0,0.0,0.0
2010-08-12 12:00:00,2.144421163303235,0.1,230.0,9.323570275231457,0.0,0.0,0.0
2010-08-12 13:00:00,1.9031954979986498,0.1,230.0,8.274763034776738,0.0,0.0,0.0
2010-08-12 14:00:00,1.744509337515492,0.1,230.0,7.584823206589095,0.0,0.0,0.0
2010-08-12 15:00:00,1.60718761619417,0.1,230.0,6.987772244322478,0.0,0.0,0.0
2010-08-12 16:00:00,1.0848563959873476,0.1,230.0,4.716766939075424,0.0,0.0,0.0
2010-08-12 17:00:00,0.9921877473201411,0.1,230.0,4.313859770957135,0.0,0.0,0.0
2010-08-12 18:00:00,0.8808965893383949,0.1,230.0,3.8299851710364994,0.0,0.0,0.0
2010-08-12 19:00:00,0.6350070811032852,0.1,230.0,2.7609003526229787,0.0,0.0,0.0
2010-08-12 20:00:00,0.33254247836647965,0.1,230.0,1.445836862462955,0.0,0.0,0.0
2010-08-12 21:00:00,0.38346430815584326,0.1,230.0,1.6672361224167098,0.0,0.0,0.0
2010-08-12 22:00:00,0.5894758492617574,0.1,230.0,2.5629384750511193,0.0,0.0,0.0
2010-08-12 23:00:00,0.7058851848682037,0.1,230.0,3.0690660211661034,0.0,0.0,0.0
2010-08-13 00:00:00,0.8366248052242653,0.1,230.0,3.6374991531489793,0.0,0.0,0.0
2010-08-13 01:00:00,1.0607145939446927,0.1,230.0,4.611802582368229,0.0,0.0,0.0
2010-08-13 02:00:00,1.3860702556830555,0.1,230.0,6.026392416013286,0.0,0.0,0.0
2010-08-13 03:00:00,1.610891242478476,0.1,230.0,7.003874967297722,0.0,0.0,0.0
2010-08-13 04:00:00,1.8871404071724607,0.1,230.0,8.204958292054178,0.0,0.0,0.0
2010-08-13 05:00:00,2.0485360616236945,0.1,230.0,8.906678528798672,0.0,0.0,0.0
2010-08-13 06:00:00,2.181456505093244,0.1,230.0,9.484593500405408,0.0,0.0,0.0
2010-08-13 07:00:00,2.3813045034239324,0.1,230.0,10.35349784097362,0.0,0.0,0.0
2010-08-13 08:00:00,2.445892628541015,0.1,230.0,10.634315776265282,0.0,0.0,0.0
2010-08-13 09:00:00,2.379776955772957,0.1,230.0,10.34685632944764,0.0,0.0,0.0
2010-08-13 10:00:00,2.3915005369691786,0.1,230.0,10.397828421605125,0.0,0.0,0.0
2010-08-13 11:00:00,2.3077123134683553,0.1,230.0,10.0335317976885,0.0,0.0,0.0
2010-08-13 12:00:00,2.081023747886527,0.1,230.0,9.047929338637074,0.0,0.0,0.0
2010-08-13 13:00:00,2.1274165776012053,0.1,230.0,9.249637293918283,0.0,0.0,0.0
2010-08-13 14:00:00,1.8455145699897084,0.1,230.0,8.023976391259602,0.0,0.0,0.0
2010-08-13 15:00:00,1.393579795157996,0.1,230.0,6.059042587643461,0.0,0.0,0.0
2010-08-13 16:00:00,1.3015191989922157,0.1,230.0,5.658779126053112,0.0,0.0,0.0
2010-08-13 17:00:00,1.0842359243880664,0.1,230.0,4.714069236469854,0.0,0.0,0.0
2010-08-13 18:00:00,0.6096331682352695,0.1,230.0,2.650578992327259,0.0,0.0,0.0
2010-08-13 19:00:00,0.7518973190604352,0.1,230.0,3.269118778523631,0.0,0.0,0.0
2010-08-13 20:00:00,0.5507090611121568,0.1,230.0,2.3943872222267686,0.0,0.0,0.0
2010-08-13 21:00:00,0.45349844795884586,0.1,230.0,1.9717323824297646,0.0,0.0,0.0
2010-08-13 22:00:00,0.5112416572323015,0.1,230.0,2.2227898140534847,0.0,0.0,0.0
2010-08-13 23:00:00,0.5662975472445927,0.1,230.0,2.4621632488895333,0.0,0.0,0.0
2010-08-14 00:00:00,1.038033488237375,0.1,230.0,4.513189079292935,0.0,0.0,0.0
2010-08-14 01:00:00,1.3491887121655266,0.1,230.0,5.86603787898055,0.0,0.0,0.0
2010-08-14 02:00:00,1.653610842576804,0.1,230.0,7.189612359029582,0.0,0.0,0.0
2010-08-14 03:00:00,1.9329269608832984,0.1,230.0,8.404030264709993,0.0,0.0,0.0
2010-08-14 04:00:00,2.328122519590268,0.1,230.0,10.122271824305512,0.0,0.0,0.0
2010-08-14 05:00:00,2.3908460601510604,0.1,230.0,10.394982870222002,0.0,0.0,0.0
2010-08-14 06:00:00,2.8228404294110403,0.1,230.0,12.27321925830887,0.0,0.0,0.0
2010-08-14 07:00:00,3.1077589067236904,0.1,230.0,13.51199524662474,0.0,0.0,0.0
2010-08-14 08:00:00,3.1990912391175974,0.1,230.0,13.909092343989554,0.0,0.0,0.0
2010-08-14 09:00:00,3.317401728214789,0.1,230.0,14.42348577484691,0.0,0.0,0.0
2010-08-14 10:00:00,3.2430347703968576,0.1,230.0,14.100151175638512,0.0,0.0,0.0
2010-08-14 11:00:00,3.044204539720636,0.1,230.0,13.23567191182885,0.0,0.0,0.0
2010-08-14 12:00:00,2.844382606911784,0.1,230.0,12.366880899616453,0.0,0.0,0.0
2010-08-14 13:00:00,2.5895364348251877,0.1,230.0,11.258854064457338,0.0,0.0,0.0
2010-08-14 14:00:00,2.282418151919372,0.1,230.0,9.92355718225814,0.0,0.0,0.0
2010-08-14 15:00:00,1.8328365563087259,0.1,230.0,7.968854592646634,0.0,0.0,0.0
2010-08-14 16:00:00,1.637195994829942,0.1,230.0,7.118243455782356,0.0,0.0,0.0
2010-08-14 17:00:00,1.4449322350270828,0.1,230.0,6.282314065335142,0.0,0.0,0.0
2010-08-14 18:00:00,1.0268024743206021,0.1,230.0,4.4643585840026185,0.0,0.0,0.0
2010-08-14 19:00:00,0.7839695526687861,0.1,230.0,3.4085632724729833,0.0,0.0,0.0
2010-08-14 20:00:00,0.7257337966359282,0.1,230.0,3.155364333199688,0.0,0.0,0.0
2010-08-14 21:00:00,0.5445582595771552,0.1,230.0,2.367644606857197,0.0,0.0,0.0
2010-08-14 22:00:00,0.5062963227414976,0.1,230.0,2.2012883597456416,0.0,0.0,0.0
2010-08-14 23:00:00,0.7998658620319417,0.1,230.0,3.477677661008442,0.0,0.0,0.0
2010-08-15 00:00:00,1.1454104675174226,0.1,230.0,4.980045510945316,0.0,0.0,0.0
2010-08-15 01:00:00,1.1448091687925255,0.1,230.0,4.977431168663155,0.0,0.0,0.0
2010-08-15 02:00:00,1.636147581963906,0.1,230.0,7.113685138973505,0.0,0.0,0.0
2010-08-15 03:00:00,1.791771670249802,0.1,230.0,7.790311609781749,0.0,0.0,0.0
2010-08-15 04:00:00,2.3625634148518793,0.1,230.0,10.272014847182083,0.0,0.0,0.0
2010-08-15 05:00:00,2.630969180486394,0.1,230.0,11.438996436897366,0.0,0.0,0.0
2010-08-15 06:00:00,2.826335077333517,0.1,230.0,12.288413379710946,0.0,0.0,0.0
2010-08-15 07:00:00,3.090686123589874,0.1,230.0,13.437765754738583,0.0,0.0,0.0
2010-08-15 08:00:00,3.303696146008333,0.1,230.0,14.363896286992752,0.0,0.0,0.0
2010-08-15 09:00:00,3.303311592048289,0.1,230.0,14.36222431325343,0.0,0.0,0.0
2010-08-15 10:00:00,3.0469736335738187,0.1,230.0,13.24771145032095,0.0,0.0,0.0
2010-08-15 11:00:00,2.940207777609298,0.1,230.0,12.783512076562165,0.0,0.0,0.0
2010-08-15 12:00:00,2.892688968270922,0.1,230.0,12.57690855769966,0.0,0.0,0.0
2010-08-15 13:00:00,2.51303579938386,0.1,230.0,10.926242606016782,0.0,0.0,0.0
2010-08-15 14:00:00,2.2890523671980803,0.1,230.0,9.952401596513393,0.0,0.0,0.0
2010-08-15 15:00:00,1.938530302247822,0.1,230.0,8.428392618468791,0.0,0.0,0.0
2010-08-15 16:00:00,1.5568501567914141,0.1,230.0,6.768913725180061,0.0,0.0,0.0
2010-08-15 17:00:00,1.2944242579459404,0.1,230.0,5.627931556286697,0.0,0.0,0.0
2010-08-15 18:00:00,1.131796710483707,0.1,230.0,4.92085526297264,0.0,0.0,0.0
2010-08-15 19:00:00,0.7863637520544031,0.1,230.0,3.4189728350191437,0.0,0.0,0.0
2010-08-15 20:00:00,0.6678451179196437,0.1,230.0,2.9036744257375813,0.0,0.0,0.0
2010-08-15 21:00:00,0.7247549096885315,0.1,230.0,3.1511083029936153,0.0,0.0,0.0
2010-08-15 22:00:00,0.7558005684731208,0.1,230.0,3.286089428144004,0.0,0.0,0.0
2010-08-15 23:00:00,0.7617708228815665,0.1,230.0,3.3120470560068105,0.0,0.0,0.0
2010-08-16 00:00:00,0.6940051044277372,0.1,230.0,3.017413497511901,0.0,0.0,0.0
2010-08-16 01:00:00,1.0122722005323714,0.1,230.0,4.401183480575528,0.0,0.0,0.0
2010-08-16 02:00:00,1.304826714306732,0.1,230.0,5.673159627420574,0.0,0.0,0.0
2010-08-16 03:00:00,1.56617445726258,0.1,230.0,6.8094541620112174,0.0,0.0,0.0
2010-08-16 04:00:00,1.710777851375495,0.1,230.0,7.438164571197804,0.0,0.0,0.0
2010-08-16 05:00:00,2.0026339055636266,0.1,230.0,8.70710393723316,0.0,0.0,0.0
2010-08-16 06:00:00,1.9963079158501082,0.1,230.0,8.679599634130906,0.0,0.0,0.0
2010-08-16 07:00:00,2.47957804860281,0.1,230.0,10.780774124360043,0.0,0.0,0.0
2010-08-16 08:00:00,2.4352117099590056,0.1,230.0,10.587876999821763,0.0,0.0,0.0
2010-08-16 09:00:00,2.4892146369227395,0.1,230.0,10.822672334446693,0.0,0.0,0.0
2010-08-16 10:00:00,2.6846280552645583,0.1,230.0,11.672295892454603,0.0,0.0,0.0
2010-08-16 11:00:00,2.291980549576295,0.1,230.0,9.96513282424476,0.0,0.0,0.0
2010-08-16 12:00:00,2.2095131104411214,0.1,230.0,9.606578741048354,0.0,0.0,0.0
2010-08-16 13:00:00,1.9066482145205095,0.1,230.0,8.289774845741347,0.0,0.0,0.0
2010-08-16 14:00:00,2.0930282371181246,0.1,230.0,9.100122770078803,0.0,0.0,0.0
2010-08-16 15:00:00,1.3415883693349375,0.1,230.0,5.832992910151903,0.0,0.0,0.0
2010-08-16 16:00:00,1.327185704020584,0.1,230.0,5.770372626176452,0.0,0.0,0.0
2010-08-16 17:00:00,1.0668755734515794,0.1,230.0,4.6385894497894755,0.0,0.0,0.0
2010-08-16 18:00:00,0.8896509224751549,0.1,230.0,3.8680474890224126,0.0,0.0,0.0
2010-08-16 19:00:00,0.5283105901257099,0.1,230.0,2.297002565763956,0.0,0.0,0.0
2010-08-16 20:00:00,0.6926256859564079,0.1,230.0,3.0114160258974256,0.0,0.0,0.0
2010-08-16 21:00:00,0.546141351318362,0.1,230.0,2.3745276144276604,0.0,0.0,0.0
2010-08-16 22:00:00,0.5128405894798089,0.1,230.0,2.2297416933904737,0.0,0.0,0.0
2010-08-16 23:00:00,0.5325931296523259,0.1,230.0,2.3156223028361995,0.0,0.0,0.0
2010-08-17 00:00:00,0.6797590786742179,0.1,230.0,2.9554742551052953,0.0,0.0,0.0
2010-08-17 01:00:00,1.1096258305095381,0.1,230.0,4.824460132650167,0.0,0.0,0.0
2010-08-17 02:00:00,1.2555514076897638,0.1,230.0,5.458919163868539,0.0,0.0,0.0
2010-08-17 03:00:00,1.534705945425937,0.1,230.0,6.672634545330161,0.0,0.0,0.0
2010-08-17 04:00:00,1.8565908363329997,0.1,230.0,8.072134071013043,0.0,0.0,0.0
2010-08-17 05:00:00,1.7842280149445906,0.1,230.0,7.7575131084547415,0.0,0.0,0.0
2010-08-17 06:00:00,2.2891109984406985,0.1,230.0,9.952656514959559,0.0,0.0,0.0
2010-08-17 07:00:00,2.2893303757857826,0.1,230.0,9.953610329503402,0.0,0.0,0.0
2010-08-17 08:00:00,2.5724611365050527,0.1,230.0,11.18461363697849,0.0,0.0,0.0
2010-08-17 09:00:00,2.543629512542323,0.1,230.0,11.059258750184012,0.0,0.0,0.0
2010-08-17 10:00:00,2.5306747613489855,0.1,230.0,11.00293374499559,0.0,0.0,0.0
2010-08-17 11:00:00,2.3920173797471245,0.1,230.0,10.400075564117932,0.0,0.0,0.0
2010-08-17 12:00:00,2.351211931853889,0.1,230.0,10.222660573277778,0.0,0.0,0.0
2010-08-17 13:00:00,2.004812401331201,0.1,230.0,8.716575657961744,0.0,0.0,0.0
2010-08-17 14:00:00,1.7385573819751075,0.1,230.0,7.558945139022207,0.0,0.0,0.0
2010-08-17 15:00:00,1.450412730773149,0.1,230.0,6.306142307709344,0.0,0.0,0.0
2010-08-17 16:00:00,1.1891612450472575,0.1,230.0,5.170266282814163,0.0,0.0,0.0
2010-08-17 17:00:00,0.9504963731248617,0.1,230.0,4.132592926629833,0.0,0.0,0.0
2010-08-17 18:00:00,0.9232962430657704,0.1,230.0,4.0143314915903066,0.0,0.0,0.0
2010-08-17 19:00:00,0.8402431966412006,0.1,230.0,3.6532312897443506,0.0,0.0,0.0
2010-08-17 20:00:00,0.47766566052890047,0.1,230.0,2.0768072196908713,0.0,0.0,0.0
2010-08-17 21:00:00,0.35875605737622124,0.1,230.0,1.5598089451140054,0.0,0.0,0.0
2010-08-17 22:00:00,0.40192452429462255,0.1,230.0,1.7474979317157502,0.0,0.0,0.0
2010-08-17 23:00:00,0.6251523527624422,0.1,230.0,2.718053707662792,0.0,0.0,0.0
2010-08-18 00:00:00,0.7073139755739639,0.1,230.0,3.0752781546694083,0.0,0.0,0.0
2010-08-18 01:00:00,0.9508565867906154,0.1,230.0,4.134159073002675,0.0,0.0,0.0
2010-08-18 02:00:00,1.2693847934632674,0.1,230.0,5.51906431940551,0.0,0.0,0.0
2010-08-18 03:00:00,1.5718942424387712,0.1,230.0,6.834322793212049,0.0,0.0,0.0
2010-08-18 04:00:00,1.7998888139164047,0.1,230.0,7.825603538766977,0.0,0.0,0.0
2010-08-18 05:00:00,2.0972287539946306,0.1,230.0,9.118385886933176,0.0,0.0,0.0
2010-08-18 06:00:00,2.1870047956394654,0.1,230.0,9.508716502780285,0.0,0.0,0.0
2010-08-18 07:00:00,2.446021384517659,0.1,230.0,10.634875584859387,0.0,0.0,0.0
2010-08-18 08:00:00,2.4927441191528223,0.1,230.0,10.838017909360097,0.0,0.0,0.0
2010-08-18 09:00:00,2.614232872379429,0.1,230.0,11.366229879910561,0.0,0.0,0.0
2010-08-18 10:00:00,2.4670715083969763,0.1,230.0,10.72639786259555,0.0,0.0,0.0
2010-08-18 11:00:00,2.3023372994696842,0.1,230.0,10.010162171607323,0.0,0.0,0.0
2010-08-18 12:00:00,2.197173332383132,0.1,230.0,9.552927532100574,0.0,0.0,0.0
2010-08-18 13:00:00,1.8758923536319674,0.1,230.0,8.156053711443336,0.0,0.0,0.0
2010-08-18 14:00:00,1.8313529394860817,0.1,230.0,7.962404084722094,0.0,0.0,0.0
2010-08-18 15:00:00,1.4349701631530816,0.1,230.0,6.239000709361224,0.0,0.0,0.0
2010-08-18 16:00:00,1.3143557643745225,0.1,230.0,5.7145902798892285,0.0,0.0,0.0
2010-08-18 17:00:00,0.9992827199918399,0.1,230.0,4.344707478225391,0.0,0.0,0.0
2010-08-18 18:00:00,0.5736872303162323,0.1,230.0,2.4942923057227486,0.0,0.0,0.0
2010-08-18 19:00:00,0.5106954432454898,0.1,230.0,2.220414970632564,0.0,0.0,0.0
2010-08-18 20:00:00,0.5570527242137371,0.1,230.0,2.421968366146683,0.0,0.0,0.0
2010-08-18 21:00:00,0.6357815853595687,0.1,230.0,2.7642677624329077,0.0,0.0,0.0
2010-08-18 22:00:00,0.3390835785648969,0.1,230.0,1.47427642854303,0.0,0.0,0.0
2010-08-18 23:00:00,0.4459101281079404,0.1,230.0,1.9387396874258278,0.0,0.0,0.0
2010-08-19 00:00:00,0.8244281848448707,0.1,230.0,3.584470368890742,0.0,0.0,0.0
2010-08-19 01:00:00,1.0557133050051573,0.1,230.0,4.59005784784851,0.0,0.0,0.0
2010-08-19 02:00:00,1.3669045166484297,0.1,230.0,5.9430631158627385,0.0,0.0,0.0
2010-08-19 03:00:00,1.6089314667741803,0.1,230.0,6.995354203366001,0.0,0.0,0.0
2010-08-19 04:00:00,1.76546346783727,0.1,230.0,7.675928121031609,0.0,0.0,0.0
2010-08-19 05:00:00,2.0238317311929146,0.1,230.0,8.799268396490932,0.0,0.0,0.0
2010-08-19 06:00:00,2.39016460847441,0.1,230.0,10.39202003684526,0.0,0.0,0.0
2010-08-19 07:00:00,2.3187474145435143,0.1,230.0,10.08151049801528,0.0,0.0,0.0
2010-08-19 08:00:00,2.3894788469796113,0.1,230.0,10.389038465128744,0.0,0.0,0.0
2010-08-19 09:00:00,2.5435047527239805,0.1,230.0,11.05871631619122,0.0,0.0,0.0
2010-08-19 10:00:00,2.6280189426813534,0.1,230.0,11.426169316005884,0.0,0.0,0.0
2010-08-19 11:00:00,2.3342220656323107,0.1,230.0,10.148791589705699,0.0,0.0,0.0
2010-08-19 12:00:00,2.206237083970279,0.1,230.0,9.592335147696865,0.0,0.0,0.0
2010-08-19 13:00:00,1.897628959776365,0.1,230.0,8.250560694679846,0.0,0.0,0.0
2010-08-19 14:00:00,1.7528883366052597,0.1,230.0,7.621253637414172,0.0,0.0,0.0
2010-08-19 15:00:00,1.5418279791315184,0.1,230.0,6.703599909267471,0.0,0.0,0.0
2010-08-19 16:00:00,1.400846117412359,0.1,230.0,6.090635293097213,0.0,0.0,0.0
2010-08-19 17:00:00,0.853224152568529,0.1,230.0,3.7096702285588217,0.0,0.0,0.0
2010-08-19 18:00:00,0.8958472093818717,0.1,230.0,3.894987866877703,0.0,0.0,0.0
2010-08-19 19:00:00,0.7623677599852982,0.1,230.0,3.3146424347186874,0.0,0.0,0.0
2010-08-19 20:00:00,0.5229046537261904,0.1,230.0,2.2734984944616974,0.0,0.0,0.0
2010-08-19 21:00:00,0.39256554676025796,0.1,230.0,1.7068067250446,0.0,0.0,0.0
2010-08-19 22:00:00,0.5338287069500193,0.1,230.0,2.320994378043562,0.0,0.0,0.0
2010-08-19 23:00:00,0.44598401517578556,0.1,230.0,1.9390609355468937,0.0,0.0,0.0
2010-08-20 00:00:00,0.8771196794018405,0.1,230.0,3.8135638234862634,0.0,0.0,0.0
2010-08-20 01:00:00,1.1008173787701891,0.1,230.0,4.786162516392127,0.0,0.0,0.0
2010-08-20 02:00:00,1.1801968014597073,0.1,230.0,5.131290441129162,0.0,0.0,0.0
2010-08-20 03:00:00,1.4876207030313626,0.1,230.0,6.467916100136359,0.0,0.0,0.0
2010-08-20 04:00:00,1.754488244915724,0.1,230.0,7.628209760503148,0.0,0.0,0.0
2010-08-20 05:00:00,1.9506265493587536,0.1,230.0,8.480984997211973,0.0,0.0,0.0
2010-08-20 06:00:00,2.184336893541521,0.1,230.0,9.497116928441395,0.0,0.0,0.0
2010-08-20 07:00:00,2.320278995742082,0.1,230.0,10.088169546704705,0.0,0.0,0.0
2010-08-20 08:00:00,2.3083463663628727,0.1,230.0,10.036288549403794,0.0,0.0,0.0
2010-08-20 09:00:00,2.4337575846571045,0.1,230.0,10.581554715900454,0.0,0.0,0.0
2010-08-20 10:00:00,2.453483545685472,0.1,230.0,10.667319763849877,0.0,0.0,0.0
2010-08-20 11:00:00,2.406188688018436,0.1,230.0,10.461689947906244,0.0,0.0,0.0
2010-08-20 12:00:00,2.24404666890244,0.1,230.0,9.756724647401914,0.0,0.0,0.0
2010-08-20 13:00:00,2.0435270859148447,0.1,230.0,8.884900373542804,0.0,0.0,0.0
2010-08-20 14:00:00,1.8211778868653419,0.1,230.0,7.918164725501486,0.0,0.0,0.0
2010-08-20 15:00:00,1.6009127154914293,0.1,230.0,6.960490067354041,0.0,0.0,0.0
2010-08-20 16:00:00,1.2216451022771084,0.1,230.0,5.31150044468308,0.0,0.0,0.0
2010-08-20 17:00:00,1.1151608682799754,0.1,230.0,4.848525514260762,0.0,0.0,0.0
2010-08-20 18:00:00,0.7417144472886199,0.1,230.0,3.2248454229939996,0.0,0.0,0.0
2010-08-20 19:00:00,0.5652870369437638,0.1,230.0,2.4577697258424513,0.0,0.0,0.0
2010-08-20 20:00:00,0.6503160580058318,0.1,230.0,2.827461121764486,0.0,0.0,0.0
2010-08-20 21:00:00,0.5043374050607268,0.1,230.0,2.192771326350986,0.0,0.0,0.0
2010-08-20 22:00:00,0.673485698113336,0.1,230.0,2.9281986874492874,0.0,0.0,0.0
2010-08-20 23:00:00,0.6316296990126227,0.1,230.0,2.746216082663577,0.0,0.0,0.0
2010-08-21 00:00:00,1.0374091466657758,0.1,230.0,4.510474550720764,0.0,0.0,0.0
2010-08-21 01:00:00,1.260228627312266,0.1,230.0,5.479254901357678,0.0,0.0,0.0
2010-08-21 02:00:00,1.653562728722888,0.1,230.0,7.189403168360383,0.0,0.0,0.0
2010-08-21 03:00:00,1.9254512490567879,0.1,230.0,8.371527169812122,0.0,0.0,0.0
2010-08-21 04:00:00,2.311992942797005,0.1,230.0,10.052143229552195,0.0,0.0,0.0
2010-08-21 05:00:00,2.638257071750527,0.1,230.0,11.470682920654466,0.0,0.0,0.0
2010-08-21 06:00:00,2.763009730348004,0.1,230.0,12.013085784121758,0.0,0.0,0.0
2010-08-21 07:00:00,3.0376929987182693,0.1,230.0,13.207360863992475,0.0,0.0,0.0
2010-08-21 08:00:00,3.1617252990249822,0.1,230.0,13.746631734891228,0.0,0.0,0.0
2010-08-21 09:00:00,3.2226103103235237,0.1,230.0,14.011349175319667,0.0,0.0,0.0
2010-08-21 10:00:00,3.1876428656326308,0.1,230.0,13.859316807098395,0.0,0.0,0.0
2010-08-21 11:00:00,3.087248908027189,0.1,230.0,13.42282133924865,0.0,0.0,0.0
2010-08-21 12:00:00,2.859522798552003,0.1,230.0,12.432707819791316,0.0,0.0,0.0
2010-08-21 13:00:00,2.572174231770583,0.1,230.0,11.183366225089491,0.0,0.0,0.0
2010-08-21 14:00:00,2.2929870905789564,0.1,230.0,9.969509089473725,0.0,0.0,0.0
2010-08-21 15:00:00,1.8685680210250522,0.1,230.0,8.124208787065443,0.0,0.0,0.0
2010-08-21 16:00:00,1.632431026811703,0.1,230.0,7.097526203529144,0.0,0.0,0.0
2010-08-21 17:00:00,1.3650871485392901,0.1,230.0,5.935161515388218,0.0,0.0,0.0
2010-08-21 18:00:00,1.028217454691198,0.1,230.0,4.470510672570425,0.0,0.0,0.0
2010-08-21 19:00:00,0.5849274748005391,0.1,230.0,2.5431629339153874,0.0,0.0,0.0
2010-08-21 20:00:00,0.5909428305822273,0.1,230.0,2.5693166547053363,0.0,0.0,0.0
2010-08-21 21:00:00,0.6834509881254228,0.1,230.0,2.971526035327925,0.0,0.0,0.0
2010-08-21 22:00:00,0.8534850023424333,0.1,230.0,3.7108043580105794,0.0,0.0,0.0
2010-08-21 23:00:00,0.7109143375064784,0.1,230.0,3.0909319022020796,0.0,0.0,0.0
2010-08-22 00:00:00,1.128173785910628,0.1,230.0,4.905103417002731,0.0,0.0,0.0
2010-08-22 01:00:00,1.3934961480712447,0.1,230.0,6.058678904657586,0.0,0.0,0.0
2010-08-22 02:00:00,1.7398677230411561,0.1,230.0,7.564642274091983,0.0,0.0,0.0
2010-08-22 03:00:00,1.9644545459083342,0.1,230.0,8.541106721340583,0.0,0.0,0.0
2010-08-22 04:00:00,2.1029136498923693,0.1,230.0,9.143102825618998,0.0,0.0,0.0
2010-08-22 05:00:00,2.5843872686790568,0.1,230.0,11.236466385561117,0.0,0.0,0.0
2010-08-22 06:00:00,2.954304471912067,0.1,230.0,12.844802051791595,0.0,0.0,0.0
2010-08-22 07:00:00,3.0062408542483277,0.1,230.0,13.070612409775338,0.0,0.0,0.0
2010-08-22 08:00:00,3.0764873496611185,0.1,230.0,13.376031955048342,0.0,0.0,0.0
2010-08-22 09:00:00,3.180395693375068,0.1,230.0,13.827807362500295,0.0,0.0,0.0
2010-08-22 10:00:00,3.2096130063719572,0.1,230.0,13.954839158138945,0.0,0.0,0.0
2010-08-22 11:00:00,3.0924383465898027,0.1,230.0,13.445384115607837,0.0,0.0,0.0
2010-08-22 12:00:00,2.8433070401822604,0.1,230.0,12.362204522531568,0.0,0.0,0.0
2010-08-22 13:00:00,2.427554154223084,0.1,230.0,10.5545832792308,0.0,0.0,0.0
2010-08-22 14:00:00,2.364744113662883,0.1,230.0,10.281496146360361,0.0,0.0,0.0
2010-08-22 15:00:00,1.9020528759061646,0.1,230.0,8.2697951126355,0.0,0.0,0.0
2010-08-22 16:00:00,1.620521030343472,0.1,230.0,7.045743610189009,0.0,0.0,0.0
2010-08-22 17:00:00,1.302873965374763,0.1,230.0,5.664669414672883,0.0,0.0,0.0
2010-08-22 18:00:00,1.1119336625182372,0.1,230.0,4.834494184861901,0.0,0.0,0.0
2010-08-22 19:00:00,0.7340427195170076,0.1,230.0,3.191490084856555,0.0,0.0,0.0
2010-08-22 20:00:00,0.7286438054260392,0.1,230.0,3.1680165453306053,0.0,0.0,0.0
2010-08-22 21:00:00,0.7109229360944656,0.1,230.0,3.0909692873672414,0.0,0.0,0.0
2010-08-22 22:00:00,0.705854973716898,0.1,230.0,3.0689346683343395,0.0,0.0,0.0
2010-08-22 23:00:00,0.7445581085835271,0.1,230.0,3.2372091677544654,0.0,0.0,0.0
2010-08-23 00:00:00,0.6623144708892976,0.1,230.0,2.879628134301294,0.0,0.0,0.0
2010-08-23 01:00:00,1.0293536599824165,0.1,230.0,4.475450695575724,0.0,0.0,0.0
2010-08-23 02:00:00,1.333196367592001,0.1,230.0,5.796505946052179,0.0,0.0,0.0
2010-08-23 03:00:00,1.3616473305538106,0.1,230.0,5.920205785016568,0.0,0.0,0.0
2010-08-23 04:00:00,1.8093625617055735,0.1,230.0,7.866793746545972,0.0,0.0,0.0
2010-08-23 05:00:00,1.8993506849602007,0.1,230.0,8.258046456348698,0.0,0.0,0.0
2010-08-23 06:00:00,2.197910303391644,0.1,230.0,9.556131753876713,0.0,0.0,0.0
2010-08-23 07:00:00,2.387437617633618,0.1,230.0,10.380163554928773,0.0,0.0,0.0
2010-08-23 08:00:00,2.55526216732938,0.1,230.0,11.10983551012774,0.0,0.0,0.0
2010-08-23 09:00:00,2.4348090842934527,0.1,230.0,10.586126453449793,0.0,0.0,0.0
2010-08-23 10:00:00,2.311711304370703,0.1,230.0,10.05091871465523,0.0,0.0,0.0
2010-08-23 11:00:00,2.403828558483324,0.1,230.0,10.451428515144887,0.0,0.0,0.0
2010-08-23 12:00:00,2.2460132922048435,0.1,230.0,9.765275183499318,0.0,0.0,0.0
2010-08-23 13:00:00,2.037844054754065,0.1,230.0,8.860191542408979,0.0,0.0,0.0
2010-08-23 14:00:00,1.7929270546250116,0.1,230.0,7.795335020108746,0.0,0.0,0.0
2010-08-23 15:00:00,1.3876944630273715,0.1,230.0,6.033454187075528,0.0,0.0,0.0
2010-08-23 16:00:00,1.0737298386690879,0.1,230.0,4.668390602909078,0.0,0.0,0.0
2010-08-23 17:00:00,0.8632583240086669,0.1,230.0,3.753297060907247,0.0,0.0,0.0
2010-08-23 18:00:00,0.7477189140467676,0.1,230.0,3.2509518002033375,0.0,0.0,0.0
2010-08-23 19:00:00,0.6940307844953163,0.1,230.0,3.0175251499796363,0.0,0.0,0.0
2010-08-23 20:00:00,0.5258861737350076,0.1,230.0,2.2864616249348155,0.0,0.0,0.0
2010-08-23 21:00:00,0.44700927832858894,0.1,230.0,1.9435186014286476,0.0,0.0,0.0
2010-08-23 22:00:00,0.5169382221431811,0.1,230.0,2.2475574875790483,0.0,0.0,0.0
2010-08-23 23:00:00,0.4730788103661471,0.1,230.0,2.0568643928962915,0.0,0.0,0.0
2010-08-24 00:00:00,0.8798293938969473,0.1,230.0,3.8253451908562925,0.0,0.0,0.0
2010-08-24 01:00:00,0.9721393718963296,0.1,230.0,4.2266929212883895,0.0,0.0,0.0
2010-08-24 02:00:00,1.3746867249717678,0.1,230.0,5.976898804225077,0.0,0.0,0.0
2010-08-24 03:00:00,1.5282000596016672,0.1,230.0,6.64434808522464,0.0,0.0,0.0
2010-08-24 04:00:00,1.9008005381498423,0.1,230.0,8.26435016586888,0.0,0.0,0.0
2010-08-24 05:00:00,1.879290140354396,0.1,230.0,8.170826697193027,0.0,0.0,0.0
2010-08-24 06:00:00,2.0145500059457455,0.1,230.0,8.75891306932933,0.0,0.0,0.0
2010-08-24 07:00:00,2.379012123269424,0.1,230.0,10.343530970736625,0.0,0.0,0.0
2010-08-24 08:00:00,2.4770813375336957,0.1,230.0,10.769918858842155,0.0,0.0,0.0
2010-08-24 09:00:00,2.5258675338595786,0.1,230.0,10.982032755911211,0.0,0.0,0.0
2010-08-24 10:00:00,2.587670447834839,0.1,230.0,11.250741077542779,0.0,0.0,0.0
2010-08-24 11:00:00,2.562648643062983,0.1,230.0,11.141950622012969,0.0,0.0,0.0
2010-08-24 12:00:00,2.194353279857251,0.1,230.0,9.540666434161961,0.0,0.0,0.0
2010-08-24 13:00:00,1.8797616166411186,0.1,230.0,8.17287659409182,0.0,0.0,0.0
2010-08-24 14:00:00,1.8353921688475627,0.1,230.0,7.979965951511143,0.0,0.0,0.0
2010-08-24 15:00:00,1.7086537706772669,0.1,230.0,7.4289294377272475,0.0,0.0,0.0
2010-08-24 16:00:00,1.1649551603278772,0.1,230.0,5.065022436208161,0.0,0.0,0.0
2010-08-24 17:00:00,0.8675989320487243,0.1,230.0,3.772169269777062,0.0,0.0,0.0
2010-08-24 18:00:00,0.872653157819116,0.1,230.0,3.7941441644309393,0.0,0.0,0.0
2010-08-24 19:00:00,0.5631528932039064,0.1,230.0,2.4484908400169845,0.0,0.0,0.0
2010-08-24 20:00:00,0.5557664959731785,0.1,230.0,2.416376069448602,0.0,0.0,0.0
2010-08-24 21:00:00,0.5090954544560673,0.1,230.0,2.213458497635075,0.0,0.0,0.0
2010-08-24 22:00:00,0.558603898394289,0.1,230.0,2.4287126017143,0.0,0.0,0.0
2010-08-24 23:00:00,0.6291668098555753,0.1,230.0,2.7355078689372836,0.0,0.0,0.0
2010-08-25 00:00:00,1.022420206075958,0.1,230.0,4.445305243808512,0.0,0.0,0.0
2010-08-25 01:00:00,1.1621885095771898,0.1,230.0,5.052993519900825,0.0,0.0,0.0
2010-08-25 02:00:00,1.3341518448233003,0.1,230.0,5.800660194883914,0.0,0.0,0.0
2010-08-25 03:00:00,1.4223262631606561,0.1,230.0,6.184027231133287,0.0,0.0,0.0
2010-08-25 04:00:00,1.6516446965354075,0.1,230.0,7.1810638979800325,0.0,0.0,0.0
2010-08-25 05:00:00,2.0512302011261467,0.1,230.0,8.918392178809334,0.0,0.0,0.0
2010-08-25 06:00:00,2.311941385053015,0.1,230.0,10.05191906544789,0.0,0.0,0.0
2010-08-25 07:00:00,2.390410568359037,0.1,230.0,10.393089427647986,0.0,0.0,0.0
2010-08-25 08:00:00,2.4723140378222297,0.1,230.0,10.749191468792302,0.0,0.0,0.0
2010-08-25 09:00:00,2.4643598467529775,0.1,230.0,10.714608029360772,0.0,0.0,0.0
2010-08-25 10:00:00,2.5478907548164473,0.1,230.0,11.077785890506293,0.0,0.0,0.0
2010-08-25 11:00:00,2.1879679714500515,0.1,230.0,9.512904223695877,0.0,0.0,0.0
2010-08-25 12:00:00,2.2634701577019345,0.1,230.0,9.841174598704063,0.0,0.0,0.0
2010-08-25 13:00:00,2.1002483960187286,0.1,230.0,9.131514765298821,0.0,0.0,0.0
2010-08-25 14:00:00,1.7549144402688464,0.1,230.0,7.630062783777593,0.0,0.0,0.0
2010-08-25 15:00:00,1.606685455518521,0.1,230.0,6.985588937037048,0.0,0.0,0.0
2010-08-25 16:00:00,1.1503097993714817,0.1,230.0,5.00134695378905,0.0,0.0,0.0
2010-08-25 17:00:00,0.965300483811709,0.1,230.0,4.1969586252683,0.0,0.0,0.0
2010-08-25 18:00:00,0.9030974534286814,0.1,230.0,3.9265106670812235,0.0,0.0,0.0
2010-08-25 19:00:00,0.5183537906534579,0.1,230.0,2.253712133275904,0.0,0.0,0.0
2010-08-25 20:00:00,0.6267079438109842,0.1,230.0,2.724817147004279,0.0,0.0,0.0
2010-08-25 21:00:00,0.4697582812057344,0.1,230.0,2.0424273095901495,0.0,0.0,0.0
2010-08-25 22:00:00,0.41759045608877754,0.1,230.0,1.8156106786468589,0.0,0.0,0.0
2010-08-25 23:00:00,0.5704152537603351,0.1,230.0,2.480066320697109,0.0,0.0,0.0
2010-08-26 00:00:00,0.8662671208655118,0.1,230.0,3.766378786371791,0.0,0.0,0.0
2010-08-26 01:00:00,1.168046249356696,0.1,230.0,5.078461953724766,0.0,0.0,0.0
2010-08-26 02:00:00,1.0441676947944452,0.1,230.0,4.539859542584544,0.0,0.0,0.0
2010-08-26 03:00:00,1.575767763765288,0.1,230.0,6.8511641902838605,0.0,0.0,0.0
2010-08-26 04:00:00,1.7926121629567509,0.1,230.0,7.793965925898917,0.0,0.0,0.0
2010-08-26 05:00:00,2.092970678510333,0.1,230.0,9.099872515262318,0.0,0.0,0.0
2010-08-26 06:00:00,2.1096018611298164,0.1,230.0,9.172182004912244,0.0,0.0,0.0
2010-08-26 07:00:00,2.398585837014833,0.1,230.0,10.428634073977534,0.0,0.0,0.0
2010-08-26 08:00:00,2.4175309615071496,0.1,230.0,10.511004180465868,0.0,0.0,0.0
2010-08-26 09:00:00,2.590542417059983,0.1,230.0,11.263227900260796,0.0,0.0,0.0
2010-08-26 10:00:00,2.6044612985562203,0.1,230.0,11.323744776331393,0.0,0.0,0.0
2010-08-26 11:00:00,2.3331461601131016,0.1,230.0,10.144113739622181,0.0,0.0,0.0
2010-08-26 12:00:00,2.0693606608909954,0.1,230.0,8.997220264743458,0.0,0.0,0.0
2010-08-26 13:00:00,1.9076710205463439,0.1,230.0,8.294221828462366,0.0,0.0,0.0
2010-08-26 14:00:00,1.7505941554829083,0.1,230.0,7.61127893688221,0.0,0.0,0.0
2010-08-26 15:00:00,1.5022607773392802,0.1,230.0,6.531568597127305,0.0,0.0,0.0
2010-08-26 16:00:00,1.4087069018940375,0.1,230.0,6.124812616930598,0.0,0.0,0.0
2010-08-26 17:00:00,1.0625901666979687,0.1,230.0,4.619957246512907,0.0,0.0,0.0
2010-08-26 18:00:00,0.9182770951277591,0.1,230.0,3.992509109251127,0.0,0.0,0.0
2010-08-26 19:00:00,0.5723794202378449,0.1,230.0,2.4886061749471518,0.0,0.0,0.0
2010-08-26 20:00:00,0.5655481019334263,0.1,230.0,2.458904791014897,0.0,0.0,0.0
2010-08-26 21:00:00,0.5349451689456732,0.1,230.0,2.325848560633362,0.0,0.0,0.0
2010-08-26 22:00:00,0.44714539502736217,0.1,230.0,1.9441104131624443,0.0,0.0,0.0
2010-08-26 23:00:00,0.6702860042203926,0.1,230.0,2.9142869748712723,0.0,0.0,0.0
2010-08-27 00:00:00,0.8210445273710281,0.1,230.0,3.5697588146566437,0.0,0.0,0.0
2010-08-27 01:00:00,0.8904137391073726,0.1,230.0,3.8713640830755334,0.0,0.0,0.0
2010-08-27 02:00:00,1.2915267644414254,0.1,230.0,5.61533375844098,0.0,0.0,0.0
2010-08-27 03:00:00,1.4609069463060576,0.1,230.0,6.3517693317654675,0.0,0.0,0.0
2010-08-27 04:00:00,1.6974010318625163,0.1,230.0,7.380004486358767,0.0,0.0,0.0
2010-08-27 05:00:00,1.9493972207764063,0.1,230.0,8.4756400903322,0.0,0.0,0.0
2010-08-27 06:00:00,2.2565678192141156,0.1,230.0,9.811164431365722,0.0,0.0,0.0
2010-08-27 07:00:00,2.5052441349132812,0.1,230.0,10.892365803970788,0.0,0.0,0.0
2010-08-27 08:00:00,2.421097121702743,0.1,230.0,10.526509224794536,0.0,0.0,0.0
2010-08-27 09:00:00,2.647957270850561,0.1,230.0,11.512857699350265,0.0,0.0,0.0
2010-08-27 10:00:00,2.4423365116294784,0.1,230.0,10.618854398389038,0.0,0.0,0.0
2010-08-27 11:00:00,2.449265795896613,0.1,230.0,10.648981721289621,0.0,0.0,0.0
2010-08-27 12:00:00,2.1966707292029644,0.1,230.0,9.550742300882453,0.0,0.0,0.0
2010-08-27 13:00:00,2.0168991636154323,0.1,230.0,8.769126798327967,0.0,0.0,0.0
2010-08-27 14:00:00,1.7444701031212004,0.1,230.0,7.5846526222660895,0.0,0.0,0.0
2010-08-27 15:00:00,1.4983694730251393,0.1,230.0,6.514649882717997,0.0,0.0,0.0
2010-08-27 16:00:00,1.2851579364246046,0.1,230.0,5.587643201846108,0.0,0.0,0.0
2010-08-27 17:00:00,0.9350035718400571,0.1,230.0,4.065232921043727,0.0,0.0,0.0
2010-08-27 18:00:00,0.9030959159331503,0.1,230.0,3.926503982318045,0.0,0.0,0.0
2010-08-27 19:00:00,0.7633944661111214,0.1,230.0,3.31910637439618,0.0,0.0,0.0
2010-08-27 20:00:00,0.4487668061827583,0.1,230.0,1.9511600268815579,0.0,0.0,0.0
2010-08-27 21:00:00,0.458517929400723,0.1,230.0,1.9935562147857522,0.0,0.0,0.0
2010-08-27 22:00:00,0.4845029281345041,0.1,230.0,2.106534470150018,0.0,0.0,0.0
2010-08-27 23:00:00,0.6397770819396522,0.1,230.0,2.7816394866941403,0.0,0.0,0.0
2010-08-28 00:00:00,1.1136961324227896,0.1,230.0,4.842157097490389,0.0,0.0,0.0
2010-08-28 01:00:00,1.336822100008518,0.1,230.0,5.812270000037036,0.0,0.0,0.0
2010-08-28 02:00:00,1.5925282559178855,0.1,230.0,6.924035895295154,0.0,0.0,0.0
2010-08-28 03:00:00,2.089200550739704,0.1,230.0,9.083480655390018,0.0,0.0,0.0
2010-08-28 04:00:00,2.3287270225644985,0.1,230.0,10.124900098106515,0.0,0.0,0.0
2010-08-28 05:00:00,2.6949711349850243,0.1,230.0,11.717265804282714,0.0,0.0,0.0
2010-08-28 06:00:00,2.701970009809336,0.1,230.0,11.747695694823202,0.0,0.0,0.0
2010-08-28 07:00:00,3.043862439065659,0.1,230.0,13.234184517676777,0.0,0.0,0.0
2010-08-28 08:00:00,3.210619390333598,0.1,230.0,13.959214740580862,0.0,0.0,0.0
2010-08-28 09:00:00,3.2535248316867564,0.1,230.0,14.145760137768507,0.0,0.0,0.0
2010-08-28 10:00:00,3.1837012041621633,0.1,230.0,13.842179148531145,0.0,0.0,0.0
2010-08-28 11:00:00,3.130150651917402,0.1,230.0,13.609350660510442,0.0,0.0,0.0
2010-08-28 12:00:00,2.8625894883000513,0.1,230.0,12.446041253478485,0.0,0.0,0.0
2010-08-28 13:00:00,2.5614941064160592,0.1,230.0,11.136930897461127,0.0,0.0,0.0
2010-08-28 14:00:00,2.166356366259072,0.1,230.0,9.41894072286553,0.0,0.0,0.0
2010-08-28 15:00:00,1.9960477587411396,0.1,230.0,8.678468516265825,0.0,0.0,0.0
2010-08-28 16:00:00,1.733335671090156,0.1,230.0,7.536242048218069,0.0,0.0,0.0
2010-08-28 17:00:00,1.1776167857481146,0.1,230.0,5.120072981513542,0.0,0.0,0.0
2010-08-28 18:00:00,0.7822977959596825,0.1,230.0,3.4012947650420977,0.0,0.0,0.0
2010-08-28 19:00:00,0.6779423356001021,0.1,230.0,2.9475753721743567,0.0,0.0,0.0
2010-08-28 20:00:00,0.927688854879527,0.1,230.0,4.03342980382403,0.0,0.0,0.0
2010-08-28 21:00:00,0.4980292134553163,0.1,230.0,2.165344406327462,0.0,0.0,0.0
2010-08-28 22:00:00,0.7329252633722928,0.1,230.0,3.186631579879534,0.0,0.0,0.0
2010-08-28 23:00:00,1.0057589591571112,0.1,230.0,4.372865039813527,0.0,0.0,0.0
2010-08-29 00:00:00,1.0813875707396101,0.1,230.0,4.701685090172218,0.0,0.0,0.0
2010-08-29 01:00:00,1.2163990814444698,0.1,230.0,5.2886916584542165,0.0,0.0,0.0
2010-08-29 02:00:00,1.5685958881445796,0.1,230.0,6.819982122367738,0.0,0.0,0.0
2010-08-29 03:00:00,2.008023907657717,0.1,230.0,8.730538728946597,0.0,0.0,0.0
2010-08-29 04:00:00,2.4353213296230103,0.1,230.0,10.588353607056566,0.0,0.0,0.0
2010-08-29 05:00:00,2.613308160382971,0.1,230.0,11.362209392969438,0.0,0.0,0.0
2010-08-29 06:00:00,3.0301878269771785,0.1,230.0,13.174729682509472,0.0,0.0,0.0
2010-08-29 07:00:00,3.080648110763394,0.1,230.0,13.39412222071041,0.0,0.0,0.0
2010-08-29 08:00:00,3.127764396386598,0.1,230.0,13.59897563646347,0.0,0.0,0.0
2010-08-29 09:00:00,3.2794194083751447,0.1,230.0,14.258345253804976,0.0,0.0,0.0
2010-08-29 10:00:00,3.0960800699376447,0.1,230.0,13.461217695381062,0.0,0.0,0.0
2010-08-29 11:00:00,3.1615219636298018,0.1,230.0,13.745747667955658,0.0,0.0,0.0
2010-08-29 12:00:00,2.7861849529262375,0.1,230.0,12.113847621418424,0.0,0.0,0.0
2010-08-29 13:00:00,2.756808130763181,0.1,230.0,11.986122307666005,0.0,0.0,0.0
2010-08-29 14:00:00,2.106668361940701,0.1,230.0,9.159427660611742,0.0,0.0,0.0
2010-08-29 15:00:00,1.8290576860610404,0.1,230.0,7.952424722004523,0.0,0.0,0.0
2010-08-29 16:00:00,1.7467305305771372,0.1,230.0,7.594480567726683,0.0,0.0,0.0
2010-08-29 17:00:00,1.2172378861875208,0.1,230.0,5.2923386355979165,0.0,0.0,0.0
2010-08-29 18:00:00,1.1280659608589199,0.1,230.0,4.904634612430087,0.0,0.0,0.0
2010-08-29 19:00:00,0.8973451226918763,0.1,230.0,3.9015005334429405,0.0,0.0,0.0
2010-08-29 20:00:00,0.6219256156297217,0.1,230.0,2.7040244157813986,0.0,0.0,0.0
2010-08-29 21:00:00,0.6083738258383211,0.1,230.0,2.645103590601396,0.0,0.0,0.0
2010-08-29 22:00:00,0.5702525405282072,0.1,230.0,2.4793588718617703,0.0,0.0,0.0
2010-08-29 23:00:00,0.6513793868468203,0.1,230.0,2.832084290638349,0.0,0.0,0.0
2010-08-30 00:00:00,0.8088606042834219,0.1,230.0,3.516785236014878,0.0,0.0,0.0
2010-08-30 01:00:00,0.9230749096816735,0.1,230.0,4.013369172529015,0.0,0.0,0.0
2010-08-30 02:00:00,1.1353003411701148,0.1,230.0,4.936088439870064,0.0,0.0,0.0
2010-08-30 03:00:00,1.637423672116237,0.1,230.0,7.119233357027118,0.0,0.0,0.0
2010-08-30 04:00:00,1.7168008073629186,0.1,230.0,7.464351336360516,0.0,0.0,0.0
2010-08-30 05:00:00,2.0866139125768512,0.1,230.0,9.07223440250805,0.0,0.0,0.0
2010-08-30 06:00:00,2.1397461564509146,0.1,230.0,9.303244158482237,0.0,0.0,0.0
2010-08-30 07:00:00,2.316665067710716,0.1,230.0,10.072456816133547,0.0,0.0,0.0
2010-08-30 08:00:00,2.42371934684411,0.1,230.0,10.537910203670044,0.0,0.0,0.0
2010-08-30 09:00:00,2.4947738036415545,0.1,230.0,10.846842624528497,0.0,0.0,0.0
2010-08-30 10:00:00,2.503761963983447,0.1,230.0,10.885921582536726,0.0,0.0,0.0
2010-08-30 11:00:00,2.419571280839622,0.1,230.0,10.519875134085312,0.0,0.0,0.0
2010-08-30 12:00:00,2.3328475209170847,0.1,230.0,10.14281530833515,0.0,0.0,0.0
2010-08-30 13:00:00,2.014969185721846,0.1,230.0,8.760735590094983,0.0,0.0,0.0
2010-08-30 14:00:00,1.6785729867716346,0.1,230.0,7.2981434207462375,0.0,0.0,0.0
2010-08-30 15:00:00,1.5540969741959818,0.1,230.0,6.756943366069486,0.0,0.0,0.0
2010-08-30 16:00:00,1.2228115953672654,0.1,230.0,5.31657215377072,0.0,0.0,0.0
2010-08-30 17:00:00,1.0102180294414087,0.1,230.0,4.392252301919168,0.0,0.0,0.0
2010-08-30 18:00:00,0.4956884122766758,0.1,230.0,2.1551670098985904,0.0,0.0,0.0
2010-08-30 19:00:00,0.6585278559150046,0.1,230.0,2.8631645909348027,0.0,0.0,0.0
2010-08-30 20:00:00,0.4076597527430881,0.1,230.0,1.7724337075786438,0.0,0.0,0.0
2010-08-30 21:00:00,0.44423623839133286,0.1,230.0,1.9314619060492733,0.0,0.0,0.0
2010-08-30 22:00:00,0.30809420911407936,0.1,230.0,1.339540039626432,0.0,0.0,0.0
2010-08-30 23:00:00,0.5713348536736846,0.1,230.0,2.484064581189933,0.0,0.0,0.0
2010-08-31 00:00:00,0.7744935141480431,0.1,230.0,3.3673631049914916,0.0,0.0,0.0
2010-08-31 01:00:00,0.8257937604471945,0.1,230.0,3.5904076541182373,0.0,0.0,0.0
2010-08-31 02:00:00,1.2730154694594957,0.1,230.0,5.534849867215199,0.0,0.0,0.0
2010-08-31 03:00:00,1.5187535286011375,0.1,230.0,6.603276211309294,0.0,0.0,0.0
2010-08-31 04:00:00,1.7403742986298325,0.1,230.0,7.566844776651446,0.0,0.0,0.0
2010-08-31 05:00:00,1.9541343995069334,0.1,230.0,8.496236519595362,0.0,0.0,0.0
2010-08-31 06:00:00,2.0962884705764457,0.1,230.0,9.11429769815846,0.0,0.0,0.0
2010-08-31 07:00:00,2.4626285128621017,0.1,230.0,10.70708049070479,0.0,0.0,0.0
2010-08-31 08:00:00,2.4029598281101787,0.1,230.0,10.447651426565995,0.0,0.0,0.0
2010-08-31 09:00:00,2.5675128413656445,0.1,230.0,11.16309931028541,0.0,0.0,0.0
2010-08-31 10:00:00,2.3808192512888677,0.1,230.0,10.351388049082033,0.0,0.0,0.0
2010-08-31 11:00:00,2.3536879881383546,0.1,230.0,10.23342603538415,0.0,0.0,0.0
2010-08-31 12:00:00,2.342097575939469,0.1,230.0,10.183032938867255,0.0,0.0,0.0
2010-08-31 13:00:00,2.0051968703104737,0.1,230.0,8.718247262219451,0.0,0.0,0.0
2010-08-31 14:00:00,1.9258563371374295,0.1,230.0,8.37328842233665,0.0,0.0,0.0
2010-08-31 15:00:00,1.5074795173582733,0.1,230.0,6.554258771122928,0.0,0.0,0.0
2010-08-31 16:00:00,1.406052731445747,0.1,230.0,6.113272745416292,0.0,0.0,0.0
2010-08-31 17:00:00,0.7776948676714921,0.1,230.0,3.3812820333543137,0.0,0.0,0.0
2010-08-31 18:00:00,0.8124479155384798,0.1,230.0,3.5323822414716513,0.0,0.0,0.0
2010-08-31 19:00:00,0.6860620541956481,0.1,230.0,2.982878496502818,0.0,0.0,0.0
2010-08-31 20:00:00,0.4831571245594046,0.1,230.0,2.100683150258281,0.0,0.0,0.0
2010-08-31 21:00:00,0.4061069057175438,0.1,230.0,1.7656821987719298,0.0,0.0,0.0
2010-08-31 22:00:00,0.5138997629983493,0.1,230.0,2.234346795644997,0.0,0.0,0.0
2010-08-31 23:00:00,0.8567408428979947,0.1,230.0,3.72496018651302,0.0,0.0,0.0
2010-09-01 00:00:00,0.8338479526329939,0.1,230.0,3.625425881013017,0.0,0.0,0.0
2010-09-01 01:00:00,1.0295168019891743,0.1,230.0,4.476160008648584,0.0,0.0,0.0
2010-09-01 02:00:00,1.2054954746281443,0.1,230.0,5.24128467229628,0.0,0.0,0.0
2010-09-01 03:00:00,1.5204257497044162,0.1,230.0,6.610546737845287,0.0,0.0,0.0
2010-09-01 04:00:00,1.7180972206150371,0.1,230.0,7.469987915717552,0.0,0.0,0.0
2010-09-01 05:00:00,1.9230787801196587,0.1,230.0,8.361212087476776,0.0,0.0,0.0
2010-09-01 06:00:00,2.217296782977093,0.1,230.0,9.64042079555258,0.0,0.0,0.0
2010-09-01 07:00:00,2.068990059718849,0.1,230.0,8.995608955299343,0.0,0.0,0.0
2010-09-01 08:00:00,2.499027380192231,0.1,230.0,10.865336435618394,0.0,0.0,0.0
2010-09-01 09:00:00,2.4225798053446366,0.1,230.0,10.532955675411463,0.0,0.0,0.0
2010-09-01 10:00:00,2.6120524816177033,0.1,230.0,11.356749920076972,0.0,0.0,0.0
2010-09-01 11:00:00,2.332825647896891,0.1,230.0,10.142720208247352,0.0,0.0,0.0
2010-09-01 12:00:00,2.1063929957930547,0.1,230.0,9.158230416491541,0.0,0.0,0.0
2010-09-01 13:00:00,1.9694206440763415,0.1,230.0,8.562698452505833,0.0,0.0,0.0
2010-09-01 14:00:00,1.8336936050110282,0.1,230.0,7.972580891352297,0.0,0.0,0.0
2010-09-01 15:00:00,1.532490794193456,0.1,230.0,6.663003453015026,0.0,0.0,0.0
2010-09-01 16:00:00,1.285091445963238,0.1,230.0,5.587354112883644,0.0,0.0,0.0
2010-09-01 17:00:00,0.9532023758725052,0.1,230.0,4.144358155967414,0.0,0.0,0.0
2010-09-01 18:00:00,0.7945696034796909,0.1,230.0,3.4546504499116995,0.0,0.0,0.0
2010-09-01 19:00:00,0.540686305617014,0.1,230.0,2.3508100244218,0.0,0.0,0.0
2010-09-01 20:00:00,0.41776895195643154,0.1,230.0,1.8163867476366589,0.0,0.0,0.0
2010-09-01 21:00:00,0.44728355775088824,0.1,230.0,1.944711120656036,0.0,0.0,0.0
2010-09-01 22:00:00,0.5758070765257278,0.1,230.0,2.5035090283727293,0.0,0.0,0.0
2010-09-01 23:00:00,0.5915630394216924,0.1,230.0,2.572013214876924,0.0,0.0,0.0
2010-09-02 00:00:00,0.6494253555512881,0.1,230.0,2.823588502396905,0.0,0.0,0.0
2010-09-02 01:00:00,1.0878187997760778,0.1,230.0,4.729646955548165,0.0,0.0,0.0
2010-09-02 02:00:00,1.2446345327745978,0.1,230.0,5.4114544903243385,0.0,0.0,0.0
2010-09-02 03:00:00,1.5845373404903538,0.1,230.0,6.889292784740668,0.0,0.0,0.0
2010-09-02 04:00:00,1.630444515548085,0.1,230.0,7.088889198035152,0.0,0.0,0.0
2010-09-02 05:00:00,1.8841396285722836,0.1,230.0,8.191911428575146,0.0,0.0,0.0
2010-09-02 06:00:00,2.1713642279540326,0.1,230.0,9.44071403458275,0.0,0.0,0.0
2010-09-02 07:00:00,2.3077838871129797,0.1,230.0,10.033842987447738,0.0,0.0,0.0
2010-09-02 08:00:00,2.4683275609633997,0.1,230.0,10.731858960710433,0.0,0.0,0.0
2010-09-02 09:00:00,2.4728882424231116,0.1,230.0,10.751688010535267,0.0,0.0,0.0
2010-09-02 10:00:00,2.5804680339813646,0.1,230.0,11.219426234701585,0.0,0.0,0.0
2010-09-02 11:00:00,2.373755615696535,0.1,230.0,10.320676589984936,0.0,0.0,0.0
2010-09-02 12:00:00,2.313960151446229,0.1,230.0,10.060696310635779,0.0,0.0,0.0
2010-09-02 13:00:00,2.008314708174606,0.1,230.0,8.731803079020025,0.0,0.0,0.0
2010-09-02 14:00:00,1.7496157463944557,0.1,230.0,7.60702498432372,0.0,0.0,0.0
2010-09-02 15:00:00,1.469745977506485,0.1,230.0,6.3901999022021085,0.0,0.0,0.0
2010-09-02 16:00:00,1.3036660272276517,0.1,230.0,5.668113161859355,0.0,0.0,0.0
2010-09-02 17:00:00,1.1344418385945285,0.1,230.0,4.932355819976211,0.0,0.0,0.0
2010-09-02 18:00:00,0.8244312134281018,0.1,230.0,3.5844835366439205,0.0,0.0,0.0
2010-09-02 19:00:00,0.5490851527219452,0.1,230.0,2.3873267509649794,0.0,0.0,0.0
2010-09-02 20:00:00,0.6632398689605489,0.1,230.0,2.883651604176299,0.0,0.0,0.0
2010-09-02 21:00:00,0.5384908647198153,0.1,230.0,2.3412646292165884,0.0,0.0,0.0
2010-09-02 22:00:00,0.44944135544510655,0.1,230.0,1.9540928497613328,0.0,0.0,0.0
2010-09-02 23:00:00,0.6490481594153659,0.1,230.0,2.821948519197243,0.0,0.0,0.0
2010-09-03 00:00:00,0.7596274878785003,0.1,230.0,3.3027282081673928,0.0,0.0,0.0
2010-09-03 01:00:00,1.0821101362144077,0.1,230.0,4.704826679193077,0.0,0.0,0.0
2010-09-03 02:00:00,1.0789644142455483,0.1,230.0,4.691149627154558,0.0,0.0,0.0
2010-09-03 03:00:00,1.519060306355027,0.1,230.0,6.604610027630552,0.0,0.0,0.0
2010-09-03 04:00:00,1.9216364799042782,0.1,230.0,8.354941216975122,0.0,0.0,0.0
2010-09-03 05:00:00,2.058538822914283,0.1,230.0,8.95016879527949,0.0,0.0,0.0
2010-09-03 06:00:00,2.2837418526808255,0.1,230.0,9.929312402960111,0.0,0.0,0.0
2010-09-03 07:00:00,2.1754283734809157,0.1,230.0,9.45838423252572,0.0,0.0,0.0
2010-09-03 08:00:00,2.41726730431774,0.1,230.0,10.50985784485974,0.0,0.0,0.0
2010-09-03 09:00:00,2.5527913932480653,0.1,230.0,11.099093014122023,0.0,0.0,0.0
2010-09-03 10:00:00,2.512635349975316,0.1,230.0,10.924501521631807,0.0,0.0,0.0
2010-09-03 11:00:00,2.2517004697974565,0.1,230.0,9.790002042597637,0.0,0.0,0.0
2010-09-03 12:00:00,2.2916977858782728,0.1,230.0,9.963903416862056,0.0,0.0,0.0
2010-09-03 13:00:00,2.0593391291704335,0.1,230.0,8.953648387697536,0.0,0.0,0.0
2010-09-03 14:00:00,1.6876034120193206,0.1,230.0,7.337406139214437,0.0,0.0,0.0
2010-09-03 15:00:00,1.5551878264244179,0.1,230.0,6.761686201845295,0.0,0.0,0.0
2010-09-03 16:00:00,1.0319255086169834,0.1,230.0,4.486632646160798,0.0,0.0,0.0
2010-09-03 17:00:00,0.8708387869887277,0.1,230.0,3.7862555956031643,0.0,0.0,0.0
2010-09-03 18:00:00,0.8151784712056998,0.1,230.0,3.5442542226334774,0.0,0.0,0.0
2010-09-03 19:00:00,0.5423270163606253,0.1,230.0,2.357943549394023,0.0,0.0,0.0
2010-09-03 20:00:00,0.30111454205140986,0.1,230.0,1.3091936610930863,0.0,0.0,0.0
2010-09-03 21:00:00,0.4060864187282386,0.1,230.0,1.7655931249053851,0.0,0.0,0.0
2010-09-03 22:00:00,0.5270995232200908,0.1,230.0,2.2917370574786555,0.0,0.0,0.0
2010-09-03 23:00:00,0.6841741030023765,0.1,230.0,2.9746700130538106,0.0,0.0,0.0
2010-09-04 00:00:00,1.0420941160878654,0.1,230.0,4.530843982990719,0.0,0.0,0.0
2010-09-04 01:00:00,1.5037071026113993,0.1,230.0,6.537856967875649,0.0,0.0,0.0
2010-09-04 02:00:00,1.7970383206499134,0.1,230.0,7.813210089782232,0.0,0.0,0.0
2010-09-04 03:00:00,2.1212133658021415,0.1,230.0,9.222666807835399,0.0,0.0,0.0
2010-09-04 04:00:00,2.2203391894374005,0.1,230.0,9.653648649727828,0.0,0.0,0.0
2010-09-04 05:00:00,2.6626805570678216,0.1,230.0,11.576871987251398,0.0,0.0,0.0
2010-09-04 06:00:00,2.724687984439547,0.1,230.0,11.846469497563248,0.0,0.0,0.0
2010-09-04 07:00:00,3.233297514803271,0.1,230.0,14.057815281753353,0.0,0.0,0.0
2010-09-04 08:00:00,3.387198820939526,0.1,230.0,14.726951395389243,0.0,0.0,0.0
2010-09-04 09:00:00,3.2165627933271272,0.1,230.0,13.985055623161422,0.0,0.0,0.0
2010-09-04 10:00:00,3.114635783305958,0.1,230.0,13.541894710025906,0.0,0.0,0.0
2010-09-04 11:00:00,2.775151328636212,0.1,230.0,12.065875341896575,0.0,0.0,0.0
2010-09-04 12:00:00,2.8594114755262754,0.1,230.0,12.43222380663598,0.0,0.0,0.0
2010-09-04 13:00:00,2.6275175608317887,0.1,230.0,11.42398939492082,0.0,0.0,0.0
2010-09-04 14:00:00,2.4764321076676903,0.1,230.0,10.767096120294305,0.0,0.0,0.0
2010-09-04 15:00:00,1.9440701775874993,0.1,230.0,8.452479032989128,0.0,0.0,0.0
2010-09-04 16:00:00,1.6819985153525732,0.1,230.0,7.313037023272057,0.0,0.0,0.0
2010-09-04 17:00:00,1.4310379785536682,0.1,230.0,6.221904254581166,0.0,0.0,0.0
2010-09-04 18:00:00,1.1202908986181483,0.1,230.0,4.870829993991949,0.0,0.0,0.0
2010-09-04 19:00:00,0.7897562700307652,0.1,230.0,3.43372291317724,0.0,0.0,0.0
2010-09-04 20:00:00,0.6479116477600795,0.1,230.0,2.817007164174259,0.0,0.0,0.0
2010-09-04 21:00:00,0.5864710013667657,0.1,230.0,2.549873918985938,0.0,0.0,0.0
2010-09-04 22:00:00,0.6538680867512807,0.1,230.0,2.842904725005569,0.0,0.0,0.0
2010-09-04 23:00:00,0.8517235652580055,0.1,230.0,3.7031459359043715,0.0,0.0,0.0
2010-09-05 00:00:00,1.139113750017249,0.1,230.0,4.952668478335865,0.0,0.0,0.0
2010-09-05 01:00:00,1.1596621118027395,0.1,230.0,5.042009181751041,0.0,0.0,0.0
2010-09-05 02:00:00,1.5957080814338014,0.1,230.0,6.937861223625224,0.0,0.0,0.0
2010-09-05 03:00:00,1.8282261275593648,0.1,230.0,7.948809250258108,0.0,0.0,0.0
2010-09-05 04:00:00,2.525288856719212,0.1,230.0,10.9795167683444,0.0,0.0,0.0
2010-09-05 05:00:00,2.619494966245595,0.1,230.0,11.389108548893892,0.0,0.0,0.0
2010-09-05 06:00:00,2.884009158490297,0.1,230.0,12.53917025430564,0.0,0.0,0.0
2010-09-05 07:00:00,3.102253849785041,0.1,230.0,13.4880602164567,0.0,0.0,0.0
2010-09-05 08:00:00,3.0936072752624515,0.1,230.0,13.450466414184572,0.0,0.0,0.0
2010-09-05 09:00:00,3.4173638282832317,0.1,230.0,14.858103601231441,0.0,0.0,0.0
2010-09-05 10:00:00,3.2858928419659117,0.1,230.0,14.286490617243095,0.0,0.0,0.0
2010-09-05 11:00:00,2.927419386749735,0.1,230.0,12.72791037717276,0.0,0.0,0.0
2010-09-05 12:00:00,2.8083933264534484,0.1,230.0,12.210405767188906,0.0,0.0,0.0
2010-09-05 13:00:00,2.697801060706219,0.1,230.0,11.729569829157473,0.0,0.0,0.0
2010-09-05 14:00:00,2.279012603787603,0.1,230.0,9.908750451250448,0.0,0.0,0.0
2010-09-05 15:00:00,2.01520915238961,0.1,230.0,8.761778923433086,0.0,0.0,0.0
2010-09-05 16:00:00,1.6165453535387395,0.1,230.0,7.028458058864086,0.0,0.0,0.0
2010-09-05 17:00:00,1.4708937137047342,0.1,230.0,6.395190059585801,0.0,0.0,0.0
2010-09-05 18:00:00,1.1070882965766877,0.1,230.0,4.813427376420382,0.0,0.0,0.0
2010-09-05 19:00:00,0.8578106176343616,0.1,230.0,3.7296113810189637,0.0,0.0,0.0
2010-09-05 20:00:00,0.6296096355232595,0.1,230.0,2.7374331979272153,0.0,0.0,0.0
2010-09-05 21:00:00,0.6959925576896745,0.1,230.0,3.026054598650759,0.0,0.0,0.0
2010-09-05 22:00:00,0.7821745919854615,0.1,230.0,3.400759095588963,0.0,0.0,0.0
2010-09-05 23:00:00,0.8116619705950501,0.1,230.0,3.528965089543696,0.0,0.0,0.0
2010-09-06 00:00:00,0.7143009800576711,0.1,230.0,3.105656435033352,0.0,0.0,0.0
2010-09-06 01:00:00,0.9208972551948642,0.1,230.0,4.003901109542888,0.0,0.0,0.0
2010-09-06 02:00:00,1.385297730652909,0.1,230.0,6.0230336115343865,0.0,0.0,0.0
2010-09-06 03:00:00,1.4759201809359994,0.1,230.0,6.417044264939128,0.0,0.0,0.0
2010-09-06 04:00:00,1.9670624415630633,0.1,230.0,8.552445398100275,0.0,0.0,0.0
2010-09-06 05:00:00,2.020747922688132,0.1,230.0,8.78586053342666,0.0,0.0,0.0
2010-09-06 06:00:00,2.2575206585259524,0.1,230.0,9.815307210982402,0.0,0.0,0.0
2010-09-06 07:00:00,2.4488204601120014,0.1,230.0,10.647045478747833,0.0,0.0,0.0
2010-09-06 08:00:00,2.4952163682008344,0.1,230.0,10.848766818264497,0.0,0.0,0.0
2010-09-06 09:00:00,2.420402789214882,0.1,230.0,10.52349038789079,0.0,0.0,0.0
2010-09-06 10:00:00,2.698400079833054,0.1,230.0,11.732174260143713,0.0,0.0,0.0
2010-09-06 11:00:00,2.313024309673792,0.1,230.0,10.056627433364312,0.0,0.0,0.0
2010-09-06 12:00:00,2.1878367993139656,0.1,230.0,9.51233391006072,0.0,0.0,0.0
2010-09-06 13:00:00,2.0037945069598195,0.1,230.0,8.712150030260085,0.0,0.0,0.0
2010-09-06 14:00:00,1.8341030439783557,0.1,230.0,7.974361060775459,0.0,0.0,0.0
2010-09-06 15:00:00,1.5667070013923041,0.1,230.0,6.8117695712708874,0.0,0.0,0.0
2010-09-06 16:00:00,1.272853295738168,0.1,230.0,5.534144764078992,0.0,0.0,0.0
2010-09-06 17:00:00,0.9456403404047904,0.1,230.0,4.111479740890394,0.0,0.0,0.0
2010-09-06 18:00:00,0.8875718181658999,0.1,230.0,3.85900790506913,0.0,0.0,0.0
2010-09-06 19:00:00,0.6810257281411812,0.1,230.0,2.9609814267007883,0.0,0.0,0.0
2010-09-06 20:00:00,0.4910259875980607,0.1,230.0,2.134895598252438,0.0,0.0,0.0
2010-09-06 21:00:00,0.4379443367435574,0.1,230.0,1.9041058119285106,0.0,0.0,0.0
2010-09-06 22:00:00,0.5821002678169943,0.1,230.0,2.5308707296391058,0.0,0.0,0.0
2010-09-06 23:00:00,0.6365761024410282,0.1,230.0,2.76772218452621,0.0,0.0,0.0
2010-09-07 00:00:00,0.9107638463994799,0.1,230.0,3.959842810432521,0.0,0.0,0.0
2010-09-07 01:00:00,1.033554069781733,0.1,230.0,4.4937133468771,0.0,0.0,0.0
2010-09-07 02:00:00,1.2397225177963587,0.1,230.0,5.390097903462429,0.0,0.0,0.0
2010-09-07 03:00:00,1.6241598970151276,0.1,230.0,7.06156476963099,0.0,0.0,0.0
2010-09-07 04:00:00,1.710372223434799,0.1,230.0,7.436400971455648,0.0,0.0,0.0
2010-09-07 05:00:00,2.0809069279828623,0.1,230.0,9.047421426012445,0.0,0.0,0.0
2010-09-07 06:00:00,2.100405142172729,0.1,230.0,9.132196270316213,0.0,0.0,0.0
2010-09-07 07:00:00,2.436459575566599,0.1,230.0,10.593302502463475,0.0,0.0,0.0
2010-09-07 08:00:00,2.482659022379689,0.1,230.0,10.794169662520389,0.0,0.0,0.0
2010-09-07 09:00:00,2.6585491294179993,0.1,230.0,11.558909258339128,0.0,0.0,0.0
2010-09-07 10:00:00,2.3137101189801816,0.1,230.0,10.05960921295731,0.0,0.0,0.0
2010-09-07 11:00:00,2.291631697601573,0.1,230.0,9.963616076528579,0.0,0.0,0.0
2010-09-07 12:00:00,2.047314408179812,0.1,230.0,8.901366992086139,0.0,0.0,0.0
2010-09-07 13:00:00,1.878212728636685,0.1,230.0,8.16614229842037,0.0,0.0,0.0
2010-09-07 14:00:00,1.91107570402694,0.1,230.0,8.30902480011713,0.0,0.0,0.0
2010-09-07 15:00:00,1.6826883898507488,0.1,230.0,7.316036477611951,0.0,0.0,0.0
2010-09-07 16:00:00,1.3614043743271618,0.1,230.0,5.919149453596356,0.0,0.0,0.0
2010-09-07 17:00:00,1.116142785204198,0.1,230.0,4.852794718279123,0.0,0.0,0.0
2010-09-07 18:00:00,0.8233165615708675,0.1,230.0,3.579637224221163,0.0,0.0,0.0
2010-09-07 19:00:00,0.70636799423492,0.1,230.0,3.0711651923257395,0.0,0.0,0.0
2010-09-07 20:00:00,0.5575100058752868,0.1,230.0,2.4239565472838556,0.0,0.0,0.0
2010-09-07 21:00:00,0.5925426634625749,0.1,230.0,2.576272449837282,0.0,0.0,0.0
2010-09-07 22:00:00,0.6010957641673107,0.1,230.0,2.6134598442056984,0.0,0.0,0.0
2010-09-07 23:00:00,0.6427484259490771,0.1,230.0,2.7945583736916397,0.0,0.0,0.0
2010-09-08 00:00:00,0.771138528596973,0.1,230.0,3.3527762112911867,0.0,0.0,0.0
2010-09-08 01:00:00,0.8855895129511192,0.1,230.0,3.8503891867439966,0.0,0.0,0.0
2010-09-08 02:00:00,1.3272560132996745,0.1,230.0,5.770678318694237,0.0,0.0,0.0
2010-09-08 03:00:00,1.5854303840147126,0.1,230.0,6.893175582672664,0.0,0.0,0.0
2010-09-08 04:00:00,1.9119650400680075,0.1,230.0,8.312891478556555,0.0,0.0,0.0
2010-09-08 05:00:00,2.1925460396136227,0.1,230.0,9.532808867885317,0.0,0.0,0.0
2010-09-08 06:00:00,2.204353115374935,0.1,230.0,9.58414397989102,0.0,0.0,0.0
2010-09-08 07:00:00,2.519404048840948,0.1,230.0,10.953930647134555,0.0,0.0,0.0
2010-09-08 08:00:00,2.4871933915557003,0.1,230.0,10.81388431111174,0.0,0.0,0.0
2010-09-08 09:00:00,2.5068159433995714,0.1,230.0,10.89919975391118,0.0,0.0,0.0
2010-09-08 10:00:00,2.4405133282410816,0.1,230.0,10.610927514091658,0.0,0.0,0.0
2010-09-08 11:00:00,2.438732024103248,0.1,230.0,10.603182713492382,0.0,0.0,0.0
2010-09-08 12:00:00,2.256736323447125,0.1,230.0,9.81189705846576,0.0,0.0,0.0
2010-09-08 13:00:00,2.003825571045557,0.1,230.0,8.712285091502423,0.0,0.0,0.0
2010-09-08 14:00:00,1.820650541962931,0.1,230.0,7.915871921577962,0.0,0.0,0.0
2010-09-08 15:00:00,1.506054377655412,0.1,230.0,6.54806251154527,0.0,0.0,0.0
2010-09-08 16:00:00,1.3478858839588554,0.1,230.0,5.860373408516763,0.0,0.0,0.0
2010-09-08 17:00:00,1.063829424385029,0.1,230.0,4.62534532341317,0.0,0.0,0.0
2010-09-08 18:00:00,0.9637982287933402,0.1,230.0,4.190427081710174,0.0,0.0,0.0
2010-09-08 19:00:00,0.6538786689444698,0.1,230.0,2.842950734541173,0.0,0.0,0.0
2010-09-08 20:00:00,0.5753795990519388,0.1,230.0,2.5016504306606038,0.0,0.0,0.0
2010-09-08 21:00:00,0.43397612052709345,0.1,230.0,1.8868526979438844,0.0,0.0,0.0
2010-09-08 22:00:00,0.525411121659292,0.1,230.0,2.2843961811273568,0.0,0.0,0.0
2010-09-08 23:00:00,0.6346701693830764,0.1,230.0,2.7594355190568542,0.0,0.0,0.0
2010-09-09 00:00:00,0.8667684948648019,0.1,230.0,3.768558673325226,0.0,0.0,0.0
2010-09-09 01:00:00,0.8258408287054249,0.1,230.0,3.590612298719239,0.0,0.0,0.0
2010-09-09 02:00:00,1.4727562345553786,0.1,230.0,6.403287976327733,0.0,0.0,0.0
2010-09-09 03:00:00,1.5563976446625432,0.1,230.0,6.766946281141492,0.0,0.0,0.0
2010-09-09 04:00:00,1.716747999996216,0.1,230.0,7.464121739113983,0.0,0.0,0.0
2010-09-09 05:00:00,1.8572422837244726,0.1,230.0,8.074966450975968,0.0,0.0,0.0
2010-09-09 06:00:00,2.2082014585206555,0.1,230.0,9.600875906611547,0.0,0.0,0.0
2010-09-09 07:00:00,2.3699674412360094,0.1,230.0,10.30420626624352,0.0,0.0,0.0
2010-09-09 08:00:00,2.321783484193552,0.1,230.0,10.09471080084153,0.0,0.0,0.0
2010-09-09 09:00:00,2.644320304850855,0.1,230.0,11.497044803699369,0.0,0.0,0.0
2010-09-09 10:00:00,2.400907117482468,0.1,230.0,10.438726597749861,0.0,0.0,0.0
2010-09-09 11:00:00,2.4637316958613664,0.1,230.0,10.71187693852768,0.0,0.0,0.0
2010-09-09 12:00:00,2.134282080295928,0.1,230.0,9.279487305634468,0.0,0.0,0.0
2010-09-09 13:00:00,2.008498983051398,0.1,230.0,8.732604274136513,0.0,0.0,0.0
2010-09-09 14:00:00,1.854448363758258,0.1,230.0,8.062818972861992,0.0,0.0,0.0
2010-09-09 15:00:00,1.5089743358397305,0.1,230.0,6.5607579819118715,0.0,0.0,0.0
2010-09-09 16:00:00,1.3631607638919778,0.1,230.0,5.9267859299651215,0.0,0.0,0.0
2010-09-09 17:00:00,0.9966072027771988,0.1,230.0,4.333074794683474,0.0,0.0,0.0
2010-09-09 18:00:00,0.8194758394991207,0.1,230.0,3.5629384326048728,0.0,0.0,0.0
2010-09-09 19:00:00,0.7680509550771958,0.1,230.0,3.3393519785965036,0.0,0.0,0.0
2010-09-09 20:00:00,0.4267928260026308,0.1,230.0,1.855620982620134,0.0,0.0,0.0
2010-09-09 21:00:00,0.3934810142431511,0.1,230.0,1.710787018448483,0.0,0.0,0.0
2010-09-09 22:00:00,0.5047841217588719,0.1,230.0,2.1947135728646603,0.0,0.0,0.0
2010-09-09 23:00:00,0.5022448904440198,0.1,230.0,2.1836734367131294,0.0,0.0,0.0
2010-09-10 00:00:00,0.896196919175249,0.1,230.0,3.896508344240213,0.0,0.0,0.0
2010-09-10 01:00:00,1.0847349314191028,0.1,230.0,4.716238832256969,0.0,0.0,0.0
2010-09-10 02:00:00,1.1941167286260723,0.1,230.0,5.191811863591618,0.0,0.0,0.0
2010-09-10 03:00:00,1.4215296064985243,0.1,230.0,6.180563506515323,0.0,0.0,0.0
2010-09-10 04:00:00,1.6261917756340483,0.1,230.0,7.070399024495862,0.0,0.0,0.0
2010-09-10 05:00:00,2.083635147640309,0.1,230.0,9.059283250610038,0.0,0.0,0.0
2010-09-10 06:00:00,2.129734756033153,0.1,230.0,9.259716330578927,0.0,0.0,0.0
2010-09-10 07:00:00,2.320192758492264,0.1,230.0,10.08779460214028,0.0,0.0,0.0
2010-09-10 08:00:00,2.214692270559977,0.1,230.0,9.629096828521638,0.0,0.0,0.0
2010-09-10 09:00:00,2.543860742180535,0.1,230.0,11.060264096437109,0.0,0.0,0.0
2010-09-10 10:00:00,2.50700377352563,0.1,230.0,10.900016406633172,0.0,0.0,0.0
2010-09-10 11:00:00,2.4571332531784957,0.1,230.0,10.683188057297807,0.0,0.0,0.0
2010-09-10 12:00:00,2.3807259368853346,0.1,230.0,10.350982334284064,0.0,0.0,0.0
2010-09-10 13:00:00,2.0061226276413247,0.1,230.0,8.722272294092717,0.0,0.0,0.0
2010-09-10 14:00:00,1.4875749335084925,0.1,230.0,6.467717102210837,0.0,0.0,0.0
2010-09-10 15:00:00,1.32002658743443,0.1,230.0,5.739246032323608,0.0,0.0,0.0
2010-09-10 16:00:00,1.4038941310353752,0.1,230.0,6.103887526240762,0.0,0.0,0.0
2010-09-10 17:00:00,0.9441507369316707,0.1,230.0,4.1050032040507425,0.0,0.0,0.0
2010-09-10 18:00:00,0.719307724178295,0.1,230.0,3.127424887731718,0.0,0.0,0.0
2010-09-10 19:00:00,0.5764697820134825,0.1,230.0,2.506390356580359,0.0,0.0,0.0
2010-09-10 20:00:00,0.4402411987653323,0.1,230.0,1.914092168544923,0.0,0.0,0.0
2010-09-10 21:00:00,0.5718686778268736,0.1,230.0,2.486385555769015,0.0,0.0,0.0
2010-09-10 22:00:00,0.6146596764341004,0.1,230.0,2.6724333758004364,0.0,0.0,0.0
2010-09-10 23:00:00,0.6953674642379952,0.1,230.0,3.023336801034762,0.0,0.0,0.0
2010-09-11 00:00:00,1.2193324013260587,0.1,230.0,5.301445223156777,0.0,0.0,0.0
2010-09-11 01:00:00,1.4145299621189453,0.1,230.0,6.1501302700823715,0.0,0.0,0.0
2010-09-11 02:00:00,1.5845637367545113,0.1,230.0,6.889407551106571,0.0,0.0,0.0
2010-09-11 03:00:00,2.062661987410115,0.1,230.0,8.968095597435282,0.0,0.0,0.0
2010-09-11 04:00:00,2.2980958334596164,0.1,230.0,9.991721015041811,0.0,0.0,0.0
2010-09-11 05:00:00,2.5726402158038066,0.1,230.0,11.185392242625246,0.0,0.0,0.0
2010-09-11 06:00:00,2.8657944137272238,0.1,230.0,12.459975711857496,0.0,0.0,0.0
2010-09-11 07:00:00,3.1970393422669585,0.1,230.0,13.900171053334603,0.0,0.0,0.0
2010-09-11 08:00:00,3.3620393660788594,0.1,230.0,14.617562461212433,0.0,0.0,0.0
2010-09-11 09:00:00,3.3574797528728157,0.1,230.0,14.597738055968765,0.0,0.0,0.0
2010-09-11 10:00:00,3.2829093500480955,0.1,230.0,14.27351891325259,0.0,0.0,0.0
2010-09-11 11:00:00,3.0881659439456066,0.1,230.0,13.42680845193742,0.0,0.0,0.0
2010-09-11 12:00:00,2.9183180774139554,0.1,230.0,12.688339467017197,0.0,0.0,0.0
2010-09-11 13:00:00,2.552684598442228,0.1,230.0,11.098628688879252,0.0,0.0,0.0
2010-09-11 14:00:00,2.2634671330741436,0.1,230.0,9.84116144814845,0.0,0.0,0.0
2010-09-11 15:00:00,1.783596169167522,0.1,230.0,7.75476595290227,0.0,0.0,0.0
2010-09-11 16:00:00,1.6006958239038274,0.1,230.0,6.959547060451424,0.0,0.0,0.0
2010-09-11 17:00:00,1.4092881431265738,0.1,230.0,6.127339752724233,0.0,0.0,0.0
2010-09-11 18:00:00,1.0093619804328389,0.1,230.0,4.388530349707995,0.0,0.0,0.0
2010-09-11 19:00:00,0.7131269149458631,0.1,230.0,3.100551804112448,0.0,0.0,0.0
2010-09-11 20:00:00,0.8063505489787699,0.1,230.0,3.505871952081608,0.0,0.0,0.0
2010-09-11 21:00:00,0.8398135840616743,0.1,230.0,3.6513634089638014,0.0,0.0,0.0
2010-09-11 22:00:00,0.6336321891933515,0.1,230.0,2.754922561710224,0.0,0.0,0.0
2010-09-11 23:00:00,0.8441688474046538,0.1,230.0,3.670299336541973,0.0,0.0,0.0
2010-09-12 00:00:00,1.273883093973144,0.1,230.0,5.538622147709321,0.0,0.0,0.0
2010-09-12 01:00:00,1.0477749212426695,0.1,230.0,4.555543135837693,0.0,0.0,0.0
2010-09-12 02:00:00,1.624029755630193,0.1,230.0,7.060998937522578,0.0,0.0,0.0
2010-09-12 03:00:00,1.9043588559038207,0.1,230.0,8.279821112625308,0.0,0.0,0.0
2010-09-12 04:00:00,2.280917521495154,0.1,230.0,9.917032702152843,0.0,0.0,0.0
2010-09-12 05:00:00,2.426403013536941,0.1,230.0,10.549578319725832,0.0,0.0,0.0
2010-09-12 06:00:00,2.988766396396975,0.1,230.0,12.994636506073803,0.0,0.0,0.0
2010-09-12 07:00:00,2.8335407330478772,0.1,230.0,12.319742317599466,0.0,0.0,0.0
2010-09-12 08:00:00,3.1197248095643877,0.1,230.0,13.564020911149512,0.0,0.0,0.0
2010-09-12 09:00:00,3.2822130940183447,0.1,230.0,14.270491713123238,0.0,0.0,0.0
2010-09-12 10:00:00,3.1539315517085984,0.1,230.0,13.712745876993907,0.0,0.0,0.0
2010-09-12 11:00:00,3.05861827750262,0.1,230.0,13.298340336967913,0.0,0.0,0.0
2010-09-12 12:00:00,2.9661483373615853,0.1,230.0,12.896297118963414,0.0,0.0,0.0
2010-09-12 13:00:00,2.535280728176533,0.1,230.0,11.022959687724057,0.0,0.0,0.0
2010-09-12 14:00:00,2.235101177573579,0.1,230.0,9.717831206841648,0.0,0.0,0.0
2010-09-12 15:00:00,2.06416904797758,0.1,230.0,8.97464803468513,0.0,0.0,0.0
2010-09-12 16:00:00,1.6554904438177456,0.1,230.0,7.1977845383380235,0.0,0.0,0.0
2010-09-12 17:00:00,1.3134608353414043,0.1,230.0,5.710699284093063,0.0,0.0,0.0
2010-09-12 18:00:00,1.05952549216702,0.1,230.0,4.606632574639217,0.0,0.0,0.0
2010-09-12 19:00:00,0.9275201751604005,0.1,230.0,4.032696413740872,0.0,0.0,0.0
2010-09-12 20:00:00,0.7462555556139847,0.1,230.0,3.2445893722347163,0.0,0.0,0.0
2010-09-12 21:00:00,0.7364629132159005,0.1,230.0,3.202012666156089,0.0,0.0,0.0
2010-09-12 22:00:00,0.7301989538781518,0.1,230.0,3.1747780603397904,0.0,0.0,0.0
2010-09-12 23:00:00,0.8986128783442752,0.1,230.0,3.9070125145403267,0.0,0.0,0.0
2010-09-13 00:00:00,0.8241632892781772,0.1,230.0,3.583318649035553,0.0,0.0,0.0
2010-09-13 01:00:00,1.1936917397511948,0.1,230.0,5.1899640858747595,0.0,0.0,0.0
2010-09-13 02:00:00,1.3261594539775847,0.1,230.0,5.765910669467759,0.0,0.0,0.0
2010-09-13 03:00:00,1.5862092023800176,0.1,230.0,6.896561749478337,0.0,0.0,0.0
2010-09-13 04:00:00,1.5405034235943824,0.1,230.0,6.697840972149489,0.0,0.0,0.0
2010-09-13 05:00:00,1.950410463078528,0.1,230.0,8.480045491645773,0.0,0.0,0.0
2010-09-13 06:00:00,2.2852731901271426,0.1,230.0,9.935970391857142,0.0,0.0,0.0
2010-09-13 07:00:00,2.347965956828773,0.1,230.0,10.20854763838597,0.0,0.0,0.0
2010-09-13 08:00:00,2.5823085693437955,0.1,230.0,11.227428562364329,0.0,0.0,0.0
2010-09-13 09:00:00,2.633297078123297,0.1,230.0,11.449117730970856,0.0,0.0,0.0
2010-09-13 10:00:00,2.4395659933663842,0.1,230.0,10.606808666810366,0.0,0.0,0.0
2010-09-13 11:00:00,2.4645756531906766,0.1,230.0,10.715546318220333,0.0,0.0,0.0
2010-09-13 12:00:00,2.3449464565767935,0.1,230.0,10.19541937642084,0.0,0.0,0.0
2010-09-13 13:00:00,2.043702846603457,0.1,230.0,8.885664550449812,0.0,0.0,0.0
2010-09-13 14:00:00,1.7340535967916364,0.1,230.0,7.539363464311463,0.0,0.0,0.0
2010-09-13 15:00:00,1.4592228063207684,0.1,230.0,6.344446984003341,0.0,0.0,0.0
2010-09-13 16:00:00,1.2284982424125945,0.1,230.0,5.341296706141715,0.0,0.0,0.0
2010-09-13 17:00:00,1.0179324829481908,0.1,230.0,4.425793404122569,0.0,0.0,0.0
2010-09-13 18:00:00,0.9146911373989088,0.1,230.0,3.976917988690908,0.0,0.0,0.0
2010-09-13 19:00:00,0.65540141496018,0.1,230.0,2.8495713693920868,0.0,0.0,0.0
2010-09-13 20:00:00,0.4420861774293784,0.1,230.0,1.9221138149103407,0.0,0.0,0.0
2010-09-13 21:00:00,0.6222156557899252,0.1,230.0,2.7052854599561966,0.0,0.0,0.0
2010-09-13 22:00:00,0.4050467906598427,0.1,230.0,1.7610730028688815,0.0,0.0,0.0
2010-09-13 23:00:00,0.6720600473654588,0.1,230.0,2.922000205936777,0.0,0.0,0.0
2010-09-14 00:00:00,0.8064385227697238,0.1,230.0,3.506254446824886,0.0,0.0,0.0
2010-09-14 01:00:00,1.061462707570117,0.1,230.0,4.615055250304857,0.0,0.0,0.0
2010-09-14 02:00:00,1.1613838264235867,0.1,230.0,5.049494897493855,0.0,0.0,0.0
2010-09-14 03:00:00,1.457463920729968,0.1,230.0,6.336799655347687,0.0,0.0,0.0
2010-09-14 04:00:00,1.8273160217310958,0.1,230.0,7.944852268396069,0.0,0.0,0.0
2010-09-14 05:00:00,1.9217148702535556,0.1,230.0,8.355282044580676,0.0,0.0,0.0
2010-09-14 06:00:00,2.146077171407028,0.1,230.0,9.33077031046534,0.0,0.0,0.0
2010-09-14 07:00:00,2.29824646986236,0.1,230.0,9.992375955923304,0.0,0.0,0.0
2010-09-14 08:00:00,2.3876706332765636,0.1,230.0,10.38117666641984,0.0,0.0,0.0
2010-09-14 09:00:00,2.4640158388625792,0.1,230.0,10.713112342880779,0.0,0.0,0.0
2010-09-14 10:00:00,2.446716864161281,0.1,230.0,10.637899409396875,0.0,0.0,0.0
2010-09-14 11:00:00,2.4540852925727124,0.1,230.0,10.669936054663966,0.0,0.0,0.0
2010-09-14 12:00:00,2.119869629666531,0.1,230.0,9.216824476811004,0.0,0.0,0.0
2010-09-14 13:00:00,2.0250505589582994,0.1,230.0,8.804567647644781,0.0,0.0,0.0
2010-09-14 14:00:00,1.6847762868416445,0.1,230.0,7.325114290615845,0.0,0.0,0.0
2010-09-14 15:00:00,1.3805014342563957,0.1,230.0,6.002180148940851,0.0,0.0,0.0
2010-09-14 16:00:00,1.0997482285892515,0.1,230.0,4.7815140373445715,0.0,0.0,0.0
2010-09-14 17:00:00,0.996859239033042,0.1,230.0,4.3341706044914865,0.0,0.0,0.0
2010-09-14 18:00:00,0.5806552520742947,0.1,230.0,2.5245880524969335,0.0,0.0,0.0
2010-09-14 19:00:00,0.8317765543834884,0.1,230.0,3.6164198016673406,0.0,0.0,0.0
2010-09-14 20:00:00,0.47628124360748214,0.1,230.0,2.070788015684705,0.0,0.0,0.0
2010-09-14 21:00:00,0.5052739870849405,0.1,230.0,2.196843422108437,0.0,0.0,0.0
2010-09-14 22:00:00,0.7205448855153994,0.1,230.0,3.132803850066954,0.0,0.0,0.0
2010-09-14 23:00:00,0.6575898717287613,0.1,230.0,2.8590863988207014,0.0,0.0,0.0
2010-09-15 00:00:00,0.8097264888875887,0.1,230.0,3.5205499516851684,0.0,0.0,0.0
2010-09-15 01:00:00,0.8740998704954854,0.1,230.0,3.800434219545589,0.0,0.0,0.0
2010-09-15 02:00:00,1.2881237172534652,0.1,230.0,5.600537901102022,0.0,0.0,0.0
2010-09-15 03:00:00,1.5919662027073263,0.1,230.0,6.921592185684027,0.0,0.0,0.0
2010-09-15 04:00:00,1.850137980091715,0.1,230.0,8.044078174311805,0.0,0.0,0.0
2010-09-15 05:00:00,1.9566477980046204,0.1,230.0,8.507164339150524,0.0,0.0,0.0
2010-09-15 06:00:00,2.2166578419458554,0.1,230.0,9.637642791068938,0.0,0.0,0.0
2010-09-15 07:00:00,2.4480065101483084,0.1,230.0,10.64350656586221,0.0,0.0,0.0
2010-09-15 08:00:00,2.495406565550967,0.1,230.0,10.849593763265075,0.0,0.0,0.0
2010-09-15 09:00:00,2.406411845240903,0.1,230.0,10.462660196699579,0.0,0.0,0.0
2010-09-15 10:00:00,2.5018501933842474,0.1,230.0,10.877609536453251,0.0,0.0,0.0
2010-09-15 11:00:00,2.369165607608952,0.1,230.0,10.3007200330824,0.0,0.0,0.0
2010-09-15 12:00:00,2.1695697272819823,0.1,230.0,9.432911857747747,0.0,0.0,0.0
2010-09-15 13:00:00,2.075254356877401,0.1,230.0,9.022845029901745,0.0,0.0,0.0
2010-09-15 14:00:00,1.7286580094548858,0.1,230.0,7.5159043889342865,0.0,0.0,0.0
2010-09-15 15:00:00,1.6349928194008625,0.1,230.0,7.1086644321776635,0.0,0.0,0.0
2010-09-15 16:00:00,1.3471005398262896,0.1,230.0,5.856958868809955,0.0,0.0,0.0
2010-09-15 17:00:00,1.013060068277009,0.1,230.0,4.404608992508734,0.0,0.0,0.0
2010-09-15 18:00:00,0.7253978474614051,0.1,230.0,3.153903684614805,0.0,0.0,0.0
2010-09-15 19:00:00,0.6638789004258812,0.1,230.0,2.8864300018516573,0.0,0.0,0.0
2010-09-15 20:00:00,0.4517733303604925,0.1,230.0,1.964231871132576,0.0,0.0,0.0
2010-09-15 21:00:00,0.5119776915583429,0.1,230.0,2.225989963297143,0.0,0.0,0.0
2010-09-15 22:00:00,0.534422811579214,0.1,230.0,2.3235774416487565,0.0,0.0,0.0
2010-09-15 23:00:00,0.7117375374922321,0.1,230.0,3.0945110325749225,0.0,0.0,0.0
2010-09-16 00:00:00,0.673875856231722,0.1,230.0,2.9298950270944433,0.0,0.0,0.0
2010-09-16 01:00:00,1.017254115546005,0.1,230.0,4.422843980634805,0.0,0.0,0.0
2010-09-16 02:00:00,1.1953337725162512,0.1,230.0,5.197103358766309,0.0,0.0,0.0
2010-09-16 03:00:00,1.6098513992669223,0.1,230.0,6.999353909856183,0.0,0.0,0.0
2010-09-16 04:00:00,1.7371022769255695,0.1,230.0,7.552618595328562,0.0,0.0,0.0
2010-09-16 05:00:00,1.9628913177912137,0.1,230.0,8.534310077353103,0.0,0.0,0.0
2010-09-16 06:00:00,2.2406300542859414,0.1,230.0,9.741869801243222,0.0,0.0,0.0
2010-09-16 07:00:00,2.32735479805829,0.1,230.0,10.11893390460126,0.0,0.0,0.0
2010-09-16 08:00:00,2.2976468288601963,0.1,230.0,9.989768821131289,0.0,0.0,0.0
2010-09-16 09:00:00,2.5102826172008923,0.1,230.0,10.91427224869953,0.0,0.0,0.0
2010-09-16 10:00:00,2.627111872563143,0.1,230.0,11.422225532883228,0.0,0.0,0.0
2010-09-16 11:00:00,2.4329388678817683,0.1,230.0,10.577995077746818,0.0,0.0,0.0
2010-09-16 12:00:00,2.2273458740539835,0.1,230.0,9.684112495886886,0.0,0.0,0.0
2010-09-16 13:00:00,1.9403630172218373,0.1,230.0,8.43636094444277,0.0,0.0,0.0
2010-09-16 14:00:00,1.7774269340890576,0.1,230.0,7.727943191691555,0.0,0.0,0.0
2010-09-16 15:00:00,1.6682653536646752,0.1,230.0,7.253327624629022,0.0,0.0,0.0
2010-09-16 16:00:00,1.1653335289444873,0.1,230.0,5.066667517149944,0.0,0.0,0.0
2010-09-16 17:00:00,1.0274875048600427,0.1,230.0,4.4673369776523595,0.0,0.0,0.0
2010-09-16 18:00:00,0.8170767160677608,0.1,230.0,3.5525074611641774,0.0,0.0,0.0
2010-09-16 19:00:00,0.6331330126597075,0.1,230.0,2.75275222895525,0.0,0.0,0.0
2010-09-16 20:00:00,0.6666642796460044,0.1,230.0,2.8985403462869757,0.0,0.0,0.0
2010-09-16 21:00:00,0.5012908727009966,0.1,230.0,2.179525533482594,0.0,0.0,0.0
2010-09-16 22:00:00,0.5433642179435786,0.1,230.0,2.3624531214938203,0.0,0.0,0.0
2010-09-16 23:00:00,0.6425521660120913,0.1,230.0,2.7937050696177885,0.0,0.0,0.0
2010-09-17 00:00:00,0.7926715888901115,0.1,230.0,3.4463982125657022,0.0,0.0,0.0
2010-09-17 01:00:00,1.0604139151228007,0.1,230.0,4.610495283142612,0.0,0.0,0.0
2010-09-17 02:00:00,1.371976464087047,0.1,230.0,5.965115061248031,0.0,0.0,0.0
2010-09-17 03:00:00,1.4459186935191486,0.1,230.0,6.286603015300646,0.0,0.0,0.0
2010-09-17 04:00:00,1.756533082056682,0.1,230.0,7.637100356768182,0.0,0.0,0.0
2010-09-17 05:00:00,1.9332398677039735,0.1,230.0,8.40539072914771,0.0,0.0,0.0
2010-09-17 06:00:00,2.123548688514687,0.1,230.0,9.232820384846466,0.0,0.0,0.0
2010-09-17 07:00:00,2.240692461210494,0.1,230.0,9.7421411356978,0.0,0.0,0.0
2010-09-17 08:00:00,2.5119555192987253,0.1,230.0,10.921545736081415,0.0,0.0,0.0
2010-09-17 09:00:00,2.406057623928933,0.1,230.0,10.461120104038839,0.0,0.0,0.0
2010-09-17 10:00:00,2.5287661006441824,0.1,230.0,10.994635220192096,0.0,0.0,0.0
2010-09-17 11:00:00,2.4735420051073507,0.1,230.0,10.754530456988482,0.0,0.0,0.0
2010-09-17 12:00:00,2.1494652044577296,0.1,230.0,9.34550088894665,0.0,0.0,0.0
2010-09-17 13:00:00,1.9087214503370138,0.1,230.0,8.298788914508755,0.0,0.0,0.0
2010-09-17 14:00:00,1.9146388382469257,0.1,230.0,8.324516688030112,0.0,0.0,0.0
2010-09-17 15:00:00,1.4135416378565053,0.1,230.0,6.145833208071762,0.0,0.0,0.0
2010-09-17 16:00:00,1.2710032836190857,0.1,230.0,5.526101233126459,0.0,0.0,0.0
2010-09-17 17:00:00,1.0377251041121422,0.1,230.0,4.511848278748444,0.0,0.0,0.0
2010-09-17 18:00:00,0.8084767337980936,0.1,230.0,3.515116233904755,0.0,0.0,0.0
2010-09-17 19:00:00,0.6957043803368501,0.1,230.0,3.024801653638479,0.0,0.0,0.0
2010-09-17 20:00:00,0.5956582619504038,0.1,230.0,2.589818530219147,0.0,0.0,0.0
2010-09-17 21:00:00,0.4688298397438776,0.1,230.0,2.0383906075820764,0.0,0.0,0.0
2010-09-17 22:00:00,0.5321983884500913,0.1,230.0,2.313906036739527,0.0,0.0,0.0
2010-09-17 23:00:00,0.6442053631525171,0.1,230.0,2.800892883271813,0.0,0.0,0.0
2010-09-18 00:00:00,1.0679233628680602,0.1,230.0,4.643145055948088,0.0,0.0,0.0
2010-09-18 01:00:00,1.222333237150144,0.1,230.0,5.314492335435409,0.0,0.0,0.0
2010-09-18 02:00:00,1.5988624750259288,0.1,230.0,6.951575978373604,0.0,0.0,0.0
2010-09-18 03:00:00,2.010489096208263,0.1,230.0,8.741256940035926,0.0,0.0,0.0
2010-09-18 04:00:00,2.205461612328544,0.1,230.0,9.588963531863236,0.0,0.0,0.0
2010-09-18 05:00:00,2.537017469104823,0.1,230.0,11.030510735238362,0.0,0.0,0.0
2010-09-18 06:00:00,2.9356954125528008,0.1,230.0,12.763893098055656,0.0,0.0,0.0
2010-09-18 07:00:00,2.922645705275317,0.1,230.0,12.707155240327467,0.0,0.0,0.0
2010-09-18 08:00:00,3.1943431803722833,0.1,230.0,13.888448610314276,0.0,0.0,0.0
2010-09-18 09:00:00,3.242502289416198,0.1,230.0,14.097836040939992,0.0,0.0,0.0
2010-09-18 10:00:00,3.246540940455825,0.1,230.0,14.115395393286198,0.0,0.0,0.0
2010-09-18 11:00:00,3.03753434393769,0.1,230.0,13.206671060598651,0.0,0.0,0.0
2010-09-18 12:00:00,2.864205307282701,0.1,230.0,12.453066553403048,0.0,0.0,0.0
2010-09-18 13:00:00,2.6762592742038036,0.1,230.0,11.635909887842624,0.0,0.0,0.0
2010-09-18 14:00:00,2.462873749825456,0.1,230.0,10.708146738371548,0.0,0.0,0.0
2010-09-18 15:00:00,1.93876597578288,0.1,230.0,8.429417286012521,0.0,0.0,0.0
2010-09-18 16:00:00,1.761899789759787,0.1,230.0,7.660433868520813,0.0,0.0,0.0
2010-09-18 17:00:00,1.262541276632717,0.1,230.0,5.489309898403119,0.0,0.0,0.0
2010-09-18 18:00:00,1.025097925217146,0.1,230.0,4.456947500944113,0.0,0.0,0.0
2010-09-18 19:00:00,0.8427498451690018,0.1,230.0,3.6641297616043556,0.0,0.0,0.0
2010-09-18 20:00:00,0.7638005712022058,0.1,230.0,3.3208720487052426,0.0,0.0,0.0
2010-09-18 21:00:00,0.6110274069797117,0.1,230.0,2.65664089991179,0.0,0.0,0.0
2010-09-18 22:00:00,0.5818900011924049,0.1,230.0,2.5299565269234994,0.0,0.0,0.0
2010-09-18 23:00:00,0.7168953670603724,0.1,230.0,3.116936378523358,0.0,0.0,0.0
2010-09-19 00:00:00,1.0020700516155967,0.1,230.0,4.35682631137216,0.0,0.0,0.0
2010-09-19 01:00:00,1.3049055712944742,0.1,230.0,5.673502483889018,0.0,0.0,0.0
2010-09-19 02:00:00,1.602045823837909,0.1,230.0,6.965416625382213,0.0,0.0,0.0
2010-09-19 03:00:00,1.9569937681556007,0.1,230.0,8.508668557198265,0.0,0.0,0.0
2010-09-19 04:00:00,2.49220259365421,0.1,230.0,10.835663450670479,0.0,0.0,0.0
2010-09-19 05:00:00,2.6105174397696835,0.1,230.0,11.35007582508558,0.0,0.0,0.0
2010-09-19 06:00:00,2.81898745030063,0.1,230.0,12.25646717522013,0.0,0.0,0.0
2010-09-19 07:00:00,3.1248416176061156,0.1,230.0,13.586267902635285,0.0,0.0,0.0
2010-09-19 08:00:00,3.0847929380715877,0.1,230.0,13.412143209006903,0.0,0.0,0.0
2010-09-19 09:00:00,3.1780230543778383,0.1,230.0,13.81749154077321,0.0,0.0,0.0
2010-09-19 10:00:00,3.29632209751358,0.1,230.0,14.331835206580783,0.0,0.0,0.0
2010-09-19 11:00:00,2.9527229867059357,0.1,230.0,12.837926029156243,0.0,0.0,0.0
2010-09-19 12:00:00,2.759114754298109,0.1,230.0,11.996151105643953,0.0,0.0,0.0
2010-09-19 13:00:00,2.5614638122122884,0.1,230.0,11.136799183531688,0.0,0.0,0.0
2010-09-19 14:00:00,2.1991068894350256,0.1,230.0,9.561334301891415,0.0,0.0,0.0
2010-09-19 15:00:00,1.9860043941478394,0.1,230.0,8.634801713686258,0.0,0.0,0.0
2010-09-19 16:00:00,1.7648631521240312,0.1,230.0,7.67331805271318,0.0,0.0,0.0
2010-09-19 17:00:00,1.3953073537461251,0.1,230.0,6.066553711939674,0.0,0.0,0.0
2010-09-19 18:00:00,1.149074622358105,0.1,230.0,4.995976618948283,0.0,0.0,0.0
2010-09-19 19:00:00,0.6894670140383721,0.1,230.0,2.9976826697320527,0.0,0.0,0.0
2010-09-19 20:00:00,0.78159311986767,0.1,230.0,3.3982309559463912,0.0,0.0,0.0
2010-09-19 21:00:00,0.7728813478226946,0.1,230.0,3.3603536861856287,0.0,0.0,0.0
2010-09-19 22:00:00,0.7279640385950026,0.1,230.0,3.1650610373695764,0.0,0.0,0.0
2010-09-19 23:00:00,0.6907023412128722,0.1,230.0,3.0030536574472704,0.0,0.0,0.0
2010-09-20 00:00:00,0.8730344199038729,0.1,230.0,3.7958018256690123,0.0,0.0,0.0
2010-09-20 01:00:00,1.0598667267409538,0.1,230.0,4.608116203221539,0.0,0.0,0.0
2010-09-20 02:00:00,1.2196729489195006,0.1,230.0,5.302925864867394,0.0,0.0,0.0
2010-09-20 03:00:00,1.4628482212595975,0.1,230.0,6.360209657650424,0.0,0.0,0.0
2010-09-20 04:00:00,1.7034550825336678,0.1,230.0,7.406326445798555,0.0,0.0,0.0
2010-09-20 05:00:00,1.945522775589939,0.1,230.0,8.458794676477995,0.0,0.0,0.0
2010-09-20 06:00:00,2.095405235714413,0.1,230.0,9.110457546584403,0.0,0.0,0.0
2010-09-20 07:00:00,2.3338920223049193,0.1,230.0,10.14735661871704,0.0,0.0,0.0
2010-09-20 08:00:00,2.4759170675455726,0.1,230.0,10.764856815415532,0.0,0.0,0.0
2010-09-20 09:00:00,2.5713886229687466,0.1,230.0,11.179950534646723,0.0,0.0,0.0
2010-09-20 10:00:00,2.4539846535670984,0.1,230.0,10.669498493769995,0.0,0.0,0.0
2010-09-20 11:00:00,2.418807606997369,0.1,230.0,10.51655481303204,0.0,0.0,0.0
2010-09-20 12:00:00,2.2489804157128037,0.1,230.0,9.77817572049045,0.0,0.0,0.0
2010-09-20 13:00:00,2.0331452158559324,0.1,230.0,8.839761808069271,0.0,0.0,0.0
2010-09-20 14:00:00,1.662265488666323,0.1,230.0,7.22724125507097,0.0,0.0,0.0
2010-09-20 15:00:00,1.3180806732193386,0.1,230.0,5.730785535736255,0.0,0.0,0.0
2010-09-20 16:00:00,1.2772590992983173,0.1,230.0,5.553300431731815,0.0,0.0,0.0
2010-09-20 17:00:00,1.0818642047867646,0.1,230.0,4.703757412116367,0.0,0.0,0.0
2010-09-20 18:00:00,0.7738949558264828,0.1,230.0,3.364760677506447,0.0,0.0,0.0
2010-09-20 19:00:00,0.6119526359457462,0.1,230.0,2.6606636345467227,0.0,0.0,0.0
2010-09-20 20:00:00,0.515367013722772,0.1,230.0,2.240726146620748,0.0,0.0,0.0
2010-09-20 21:00:00,0.3355662165963736,0.1,230.0,1.4589835504190156,0.0,0.0,0.0
2010-09-20 22:00:00,0.4684332724351372,0.1,230.0,2.036666401891901,0.0,0.0,0.0
2010-09-20 23:00:00,0.739602726143721,0.1,230.0,3.215664026711831,0.0,0.0,0.0
2010-09-21 00:00:00,0.9650100067185393,0.1,230.0,4.1956956813849535,0.0,0.0,0.0
2010-09-21 01:00:00,1.06779465376184,0.1,230.0,4.642585451138435,0.0,0.0,0.0
2010-09-21 02:00:00,1.3504460302589605,0.1,230.0,5.871504479386784,0.0,0.0,0.0
2010-09-21 03:00:00,1.3864267611492844,0.1,230.0,6.027942439779498,0.0,0.0,0.0
2010-09-21 04:00:00,1.751998144680785,0.1,230.0,7.617383237742544,0.0,0.0,0.0
2010-09-21 05:00:00,2.0016939038591888,0.1,230.0,8.703016973300821,0.0,0.0,0.0
2010-09-21 06:00:00,2.210852376649476,0.1,230.0,9.612401637606418,0.0,0.0,0.0
2010-09-21 07:00:00,2.353403230548918,0.1,230.0,10.232187958908337,0.0,0.0,0.0
2010-09-21 08:00:00,2.3303837488784,0.1,230.0,10.132103255993044,0.0,0.0,0.0
2010-09-21 09:00:00,2.5154400661797602,0.1,230.0,10.936695939912001,0.0,0.0,0.0
2010-09-21 10:00:00,2.289950623770295,0.1,230.0,9.956307059870849,0.0,0.0,0.0
2010-09-21 11:00:00,2.2523649814454836,0.1,230.0,9.792891223676015,0.0,0.0,0.0
2010-09-21 12:00:00,2.1438586126398076,0.1,230.0,9.321124402781772,0.0,0.0,0.0
2010-09-21 13:00:00,1.904097608408106,0.1,230.0,8.278685253948288,0.0,0.0,0.0
2010-09-21 14:00:00,1.7991889478380803,0.1,230.0,7.822560642774262,0.0,0.0,0.0
2010-09-21 15:00:00,1.362058770071246,0.1,230.0,5.921994652483678,0.0,0.0,0.0
2010-09-21 16:00:00,1.253654902002958,0.1,230.0,5.450673486969382,0.0,0.0,0.0
2010-09-21 17:00:00,0.8997284956674787,0.1,230.0,3.9118630246412116,0.0,0.0,0.0
2010-09-21 18:00:00,0.8800046082664017,0.1,230.0,3.826106992462616,0.0,0.0,0.0
2010-09-21 19:00:00,0.47132527366215393,0.1,230.0,2.0492403202702345,0.0,0.0,0.0
2010-09-21 20:00:00,0.6290217266526963,0.1,230.0,2.7348770724030276,0.0,0.0,0.0
2010-09-21 21:00:00,0.31989336779022004,0.1,230.0,1.3908407295226959,0.0,0.0,0.0
2010-09-21 22:00:00,0.6416818875732943,0.1,230.0,2.7899212503186708,0.0,0.0,0.0
2010-09-21 23:00:00,0.5654662361580127,0.1,230.0,2.458548852860925,0.0,0.0,0.0
2010-09-22 00:00:00,0.8129377063205808,0.1,230.0,3.534511766611221,0.0,0.0,0.0
2010-09-22 01:00:00,1.0273133028698755,0.1,230.0,4.466579577695111,0.0,0.0,0.0
2010-09-22 02:00:00,1.3530042882055358,0.1,230.0,5.882627340024068,0.0,0.0,0.0
2010-09-22 03:00:00,1.5575679112491396,0.1,230.0,6.772034396735389,0.0,0.0,0.0
2010-09-22 04:00:00,1.6071415912576894,0.1,230.0,6.987572135902997,0.0,0.0,0.0
2010-09-22 05:00:00,2.0527129680245286,0.1,230.0,8.924838991410994,0.0,0.0,0.0
2010-09-22 06:00:00,2.1976733944126585,0.1,230.0,9.555101714837646,0.0,0.0,0.0
2010-09-22 07:00:00,2.3397136112364523,0.1,230.0,10.172667874941098,0.0,0.0,0.0
2010-09-22 08:00:00,2.3882391856046983,0.1,230.0,10.383648633063906,0.0,0.0,0.0
2010-09-22 09:00:00,2.7069930930112847,0.1,230.0,11.769535187005586,0.0,0.0,0.0
2010-09-22 10:00:00,2.4790901497162636,0.1,230.0,10.778652824853319,0.0,0.0,0.0
2010-09-22 11:00:00,2.3656624537299535,0.1,230.0,10.285488929260667,0.0,0.0,0.0
2010-09-22 12:00:00,2.098974631239496,0.1,230.0,9.125976657563026,0.0,0.0,0.0
2010-09-22 13:00:00,2.1456476071739035,0.1,230.0,9.328902639886536,0.0,0.0,0.0
2010-09-22 14:00:00,1.7505839655359021,0.1,230.0,7.611234632764791,0.0,0.0,0.0
2010-09-22 15:00:00,1.4423803764969592,0.1,230.0,6.271219028247648,0.0,0.0,0.0
2010-09-22 16:00:00,1.3030637934283749,0.1,230.0,5.665494754036412,0.0,0.0,0.0
2010-09-22 17:00:00,0.7414782453154968,0.1,230.0,3.223818457893464,0.0,0.0,0.0
2010-09-22 18:00:00,0.6688794754939017,0.1,230.0,2.9081716325821816,0.0,0.0,0.0
2010-09-22 19:00:00,0.6061494875669275,0.1,230.0,2.635432554638815,0.0,0.0,0.0
2010-09-22 20:00:00,0.44594928937523354,0.1,230.0,1.9389099538053634,0.0,0.0,0.0
2010-09-22 21:00:00,0.443040022433458,0.1,230.0,1.9262609671019915,0.0,0.0,0.0
2010-09-22 22:00:00,0.4212200822593154,0.1,230.0,1.8313916619970234,0.0,0.0,0.0
2010-09-22 23:00:00,0.6046190688557028,0.1,230.0,2.628778560242186,0.0,0.0,0.0
2010-09-23 00:00:00,0.7155420446239327,0.1,230.0,3.1110523679301423,0.0,0.0,0.0
2010-09-23 01:00:00,1.0042524586009909,0.1,230.0,4.366315037395612,0.0,0.0,0.0
2010-09-23 02:00:00,1.0984497879859043,0.1,230.0,4.775868643416976,0.0,0.0,0.0
2010-09-23 03:00:00,1.5306387875395042,0.1,230.0,6.654951250171758,0.0,0.0,0.0
2010-09-23 04:00:00,1.7927588931234864,0.1,230.0,7.794603883145593,0.0,0.0,0.0
2010-09-23 05:00:00,1.9556554918351774,0.1,230.0,8.502849964500772,0.0,0.0,0.0
2010-09-23 06:00:00,2.2101320685387895,0.1,230.0,9.609269863212129,0.0,0.0,0.0
2010-09-23 07:00:00,2.435772558760616,0.1,230.0,10.590315472872243,0.0,0.0,0.0
2010-09-23 08:00:00,2.5010145842705955,0.1,230.0,10.873976453350416,0.0,0.0,0.0
2010-09-23 09:00:00,2.6072023571045158,0.1,230.0,11.335662422193547,0.0,0.0,0.0
2010-09-23 10:00:00,2.633558403318081,0.1,230.0,11.450253927469918,0.0,0.0,0.0
2010-09-23 11:00:00,2.3561147185925218,0.1,230.0,10.24397703735879,0.0,0.0,0.0
2010-09-23 12:00:00,2.3339559184501173,0.1,230.0,10.147634428043988,0.0,0.0,0.0
2010-09-23 13:00:00,2.126948052523677,0.1,230.0,9.247600228363813,0.0,0.0,0.0
2010-09-23 14:00:00,1.922235053676507,0.1,230.0,8.357543711636986,0.0,0.0,0.0
2010-09-23 15:00:00,1.5654747722822484,0.1,230.0,6.80641205340108,0.0,0.0,0.0
2010-09-23 16:00:00,1.463112643435129,0.1,230.0,6.36135931928317,0.0,0.0,0.0
2010-09-23 17:00:00,0.9265830951934849,0.1,230.0,4.028622153015152,0.0,0.0,0.0
2010-09-23 18:00:00,0.825918697063003,0.1,230.0,3.5909508567956654,0.0,0.0,0.0
2010-09-23 19:00:00,0.6390073464438083,0.1,230.0,2.7782928106252536,0.0,0.0,0.0
2010-09-23 20:00:00,0.7545825110771571,0.1,230.0,3.2807935264224226,0.0,0.0,0.0
2010-09-23 21:00:00,0.573292946672313,0.1,230.0,2.492578029010057,0.0,0.0,0.0
2010-09-23 22:00:00,0.4294906277920901,0.1,230.0,1.867350555617783,0.0,0.0,0.0
2010-09-23 23:00:00,0.5967633989057217,0.1,230.0,2.594623473503138,0.0,0.0,0.0
2010-09-24 00:00:00,0.8030956028532257,0.1,230.0,3.491720012405329,0.0,0.0,0.0
2010-09-24 01:00:00,0.9833546950250625,0.1,230.0,4.2754551957611415,0.0,0.0,0.0
2010-09-24 02:00:00,1.1749099816044506,0.1,230.0,5.108304267845438,0.0,0.0,0.0
2010-09-24 03:00:00,1.5137312761203954,0.1,230.0,6.581440330958241,0.0,0.0,0.0
2010-09-24 04:00:00,1.895796208803698,0.1,230.0,8.24259221218999,0.0,0.0,0.0
2010-09-24 05:00:00,2.072066748375977,0.1,230.0,9.008985862504248,0.0,0.0,0.0
2010-09-24 06:00:00,2.0627809588721746,0.1,230.0,8.96861286466163,0.0,0.0,0.0
2010-09-24 07:00:00,2.457044057535969,0.1,230.0,10.682800250156387,0.0,0.0,0.0
2010-09-24 08:00:00,2.5030311337652162,0.1,230.0,10.882744059848765,0.0,0.0,0.0
2010-09-24 09:00:00,2.5070849594797386,0.1,230.0,10.900369389042343,0.0,0.0,0.0
2010-09-24 10:00:00,2.4962323520329073,0.1,230.0,10.85318413927351,0.0,0.0,0.0
2010-09-24 11:00:00,2.3594807055670923,0.1,230.0,10.258611763335184,0.0,0.0,0.0
2010-09-24 12:00:00,2.0350408319859095,0.1,230.0,8.848003617330042,0.0,0.0,0.0
2010-09-24 13:00:00,2.0818505472645157,0.1,230.0,9.051524118541373,0.0,0.0,0.0
2010-09-24 14:00:00,1.849361581126535,0.1,230.0,8.040702526637109,0.0,0.0,0.0
2010-09-24 15:00:00,1.79041187478879,0.1,230.0,7.7843994556034355,0.0,0.0,0.0
2010-09-24 16:00:00,1.2558141985202556,0.1,230.0,5.460061732696763,0.0,0.0,0.0
2010-09-24 17:00:00,0.8694633471847051,0.1,230.0,3.780275422542196,0.0,0.0,0.0
2010-09-24 18:00:00,0.9268614510651452,0.1,230.0,4.029832395935414,0.0,0.0,0.0
2010-09-24 19:00:00,0.6632280071655882,0.1,230.0,2.8836000311547307,0.0,0.0,0.0
2010-09-24 20:00:00,0.5525529597079906,0.1,230.0,2.402404172643437,0.0,0.0,0.0
2010-09-24 21:00:00,0.580143936030447,0.1,230.0,2.522364939262813,0.0,0.0,0.0
2010-09-24 22:00:00,0.5945672835406396,0.1,230.0,2.5850751458288674,0.0,0.0,0.0
2010-09-24 23:00:00,0.6193922208783925,0.1,230.0,2.693009655993011,0.0,0.0,0.0
2010-09-25 00:00:00,1.088360652701048,0.1,230.0,4.7320028378306445,0.0,0.0,0.0
2010-09-25 01:00:00,1.4509130881115953,0.1,230.0,6.30831777439824,0.0,0.0,0.0
2010-09-25 02:00:00,1.6563623103051237,0.1,230.0,7.201575262196189,0.0,0.0,0.0
2010-09-25 03:00:00,1.9315578024837288,0.1,230.0,8.398077402103167,0.0,0.0,0.0
2010-09-25 04:00:00,2.1501074484056777,0.1,230.0,9.34829325393773,0.0,0.0,0.0
2010-09-25 05:00:00,2.6482170641437937,0.1,230.0,11.513987235407798,0.0,0.0,0.0
2010-09-25 06:00:00,2.9334526532995,0.1,230.0,12.754141970867389,0.0,0.0,0.0
2010-09-25 07:00:00,2.9019030912750945,0.1,230.0,12.616969962065628,0.0,0.0,0.0
2010-09-25 08:00:00,3.167527934920339,0.1,230.0,13.77186058661017,0.0,0.0,0.0
2010-09-25 09:00:00,3.163041064313299,0.1,230.0,13.752352453536083,0.0,0.0,0.0
2010-09-25 10:00:00,3.2757173332899154,0.1,230.0,14.242249275173545,0.0,0.0,0.0
2010-09-25 11:00:00,3.1036931974877455,0.1,230.0,13.494318249946721,0.0,0.0,0.0
2010-09-25 12:00:00,2.7288470078733718,0.1,230.0,11.864552208145094,0.0,0.0,0.0
2010-09-25 13:00:00,2.6176344797422413,0.1,230.0,11.381019477140178,0.0,0.0,0.0
2010-09-25 14:00:00,2.2542907978815427,0.1,230.0,9.801264338615404,0.0,0.0,0.0
2010-09-25 15:00:00,1.8930202877658011,0.1,230.0,8.230522990286092,0.0,0.0,0.0
2010-09-25 16:00:00,1.5038774674867064,0.1,230.0,6.53859768472481,0.0,0.0,0.0
2010-09-25 17:00:00,1.4659502474615447,0.1,230.0,6.373696728093672,0.0,0.0,0.0
2010-09-25 18:00:00,1.0212723986139842,0.1,230.0,4.44031477658254,0.0,0.0,0.0
2010-09-25 19:00:00,0.6451517271923544,0.1,230.0,2.805007509531975,0.0,0.0,0.0
2010-09-25 20:00:00,0.5505764660007533,0.1,230.0,2.3938107217424056,0.0,0.0,0.0
2010-09-25 21:00:00,0.6137710752561614,0.1,230.0,2.668569892418093,0.0,0.0,0.0
2010-09-25 22:00:00,0.6611914109458308,0.1,230.0,2.8747452649818728,0.0,0.0,0.0
2010-09-25 23:00:00,0.8242801729894814,0.1,230.0,3.583826839084702,0.0,0.0,0.0
2010-09-26 00:00:00,1.0212252039643466,0.1,230.0,4.4401095824536805,0.0,0.0,0.0
2010-09-26 01:00:00,1.3246543710038818,0.1,230.0,5.75936683045166,0.0,0.0,0.0
2010-09-26 02:00:00,1.7248723012946672,0.1,230.0,7.499444788237683,0.0,0.0,0.0
2010-09-26 03:00:00,1.9332585977667662,0.1,230.0,8.405472164203331,0.0,0.0,0.0
2010-09-26 04:00:00,2.225620415648486,0.1,230.0,9.676610502819504,0.0,0.0,0.0
2010-09-26 05:00:00,2.78175060547081,0.1,230.0,12.094567849873087,0.0,0.0,0.0
2010-09-26 06:00:00,2.925639199974244,0.1,230.0,12.720170434670626,0.0,0.0,0.0
2010-09-26 07:00:00,3.053132394478071,0.1,230.0,13.274488671643786,0.0,0.0,0.0
2010-09-26 08:00:00,3.1289224722588185,0.1,230.0,13.604010748951383,0.0,0.0,0.0
2010-09-26 09:00:00,3.2224402685137923,0.1,230.0,14.010609863103445,0.0,0.0,0.0
2010-09-26 10:00:00,3.350904162681336,0.1,230.0,14.569148533397113,0.0,0.0,0.0
2010-09-26 11:00:00,3.0825223902316634,0.1,230.0,13.402271261876797,0.0,0.0,0.0
2010-09-26 12:00:00,2.8533853037950965,0.1,230.0,12.406023059978681,0.0,0.0,0.0
2010-09-26 13:00:00,2.5788563655721917,0.1,230.0,11.21241898074866,0.0,0.0,0.0
2010-09-26 14:00:00,2.273082979635577,0.1,230.0,9.882969476676422,0.0,0.0,0.0
2010-09-26 15:00:00,1.894663153438203,0.1,230.0,8.237665884513925,0.0,0.0,0.0
2010-09-26 16:00:00,1.6195337484625396,0.1,230.0,7.041451080271911,0.0,0.0,0.0
2010-09-26 17:00:00,1.1737924990579838,0.1,230.0,5.103445648078191,0.0,0.0,0.0
2010-09-26 18:00:00,1.0676173751128213,0.1,230.0,4.64181467440357,0.0,0.0,0.0
2010-09-26 19:00:00,0.8213924943601094,0.1,230.0,3.5712717146091713,0.0,0.0,0.0
2010-09-26 20:00:00,0.7909985681129847,0.1,230.0,3.4391242091868905,0.0,0.0,0.0
2010-09-26 21:00:00,0.7055233801713284,0.1,230.0,3.067492957266645,0.0,0.0,0.0
2010-09-26 22:00:00,0.9367618805095883,0.1,230.0,4.072877741346036,0.0,0.0,0.0
2010-09-26 23:00:00,0.7062079216137148,0.1,230.0,3.070469224407456,0.0,0.0,0.0
2010-09-27 00:00:00,0.7544760840657839,0.1,230.0,3.2803308002860168,0.0,0.0,0.0
2010-09-27 01:00:00,1.0012681198558209,0.1,230.0,4.3533396515470475,0.0,0.0,0.0
2010-09-27 02:00:00,1.2665253361303945,0.1,230.0,5.506631896219107,0.0,0.0,0.0
2010-09-27 03:00:00,1.6136147009761972,0.1,230.0,7.015716091200857,0.0,0.0,0.0
2010-09-27 04:00:00,1.6593663403566792,0.1,230.0,7.214636262420344,0.0,0.0,0.0
2010-09-27 05:00:00,1.9847079871045397,0.1,230.0,8.629165161324085,0.0,0.0,0.0
2010-09-27 06:00:00,2.1043107847721965,0.1,230.0,9.149177325096506,0.0,0.0,0.0
2010-09-27 07:00:00,2.177527058992447,0.1,230.0,9.467508952141074,0.0,0.0,0.0
2010-09-27 08:00:00,2.478404452499625,0.1,230.0,10.775671532607067,0.0,0.0,0.0
2010-09-27 09:00:00,2.252671054015495,0.1,230.0,9.794221973980413,0.0,0.0,0.0
2010-09-27 10:00:00,2.4881361585614115,0.1,230.0,10.817983298093093,0.0,0.0,0.0
2010-09-27 11:00:00,2.1169768303620398,0.1,230.0,9.204247088530607,0.0,0.0,0.0
2010-09-27 12:00:00,2.1118937137334695,0.1,230.0,9.182146581449867,0.0,0.0,0.0
2010-09-27 13:00:00,1.8431102482947475,0.1,230.0,8.013522818672815,0.0,0.0,0.0
2010-09-27 14:00:00,1.652159100351782,0.1,230.0,7.183300436312096,0.0,0.0,0.0
2010-09-27 15:00:00,1.2963528793746157,0.1,230.0,5.636316866846155,0.0,0.0,0.0
2010-09-27 16:00:00,1.2967933498184399,0.1,230.0,5.638231955732347,0.0,0.0,0.0
2010-09-27 17:00:00,1.1065684642768088,0.1,230.0,4.811167235986125,0.0,0.0,0.0
2010-09-27 18:00:00,0.7655678345847479,0.1,230.0,3.328555802542382,0.0,0.0,0.0
2010-09-27 19:00:00,0.8916020179529665,0.1,230.0,3.8765305128389844,0.0,0.0,0.0
2010-09-27 20:00:00,0.597046153059732,0.1,230.0,2.595852839390139,0.0,0.0,0.0
2010-09-27 21:00:00,0.4786907193157589,0.1,230.0,2.081263997025039,0.0,0.0,0.0
2010-09-27 22:00:00,0.5542645273750972,0.1,230.0,2.4098457711960752,0.0,0.0,0.0
2010-09-27 23:00:00,0.6774378744974318,0.1,230.0,2.9453820630323118,0.0,0.0,0.0
2010-09-28 00:00:00,0.6164556009016802,0.1,230.0,2.6802417430507837,0.0,0.0,0.0
2010-09-28 01:00:00,1.0716653715969597,0.1,230.0,4.659414659117216,0.0,0.0,0.0
2010-09-28 02:00:00,1.3606721939411621,0.1,230.0,5.915966060613748,0.0,0.0,0.0
2010-09-28 03:00:00,1.466907300903691,0.1,230.0,6.3778578300160484,0.0,0.0,0.0
2010-09-28 04:00:00,1.9306617258411753,0.1,230.0,8.394181416700762,0.0,0.0,0.0
2010-09-28 05:00:00,2.042075293810276,0.1,230.0,8.878588233957723,0.0,0.0,0.0
2010-09-28 06:00:00,2.1192656714457927,0.1,230.0,9.214198571503445,0.0,0.0,0.0
2010-09-28 07:00:00,2.401844988687165,0.1,230.0,10.442804298639848,0.0,0.0,0.0
2010-09-28 08:00:00,2.5599823078491593,0.1,230.0,11.130357860213735,0.0,0.0,0.0
2010-09-28 09:00:00,2.425547543176254,0.1,230.0,10.545858883375018,0.0,0.0,0.0
2010-09-28 10:00:00,2.336874320300101,0.1,230.0,10.160323131739569,0.0,0.0,0.0
2010-09-28 11:00:00,2.4214460876120203,0.1,230.0,10.528026467878348,0.0,0.0,0.0
2010-09-28 12:00:00,2.2373299264055597,0.1,230.0,9.727521419154609,0.0,0.0,0.0
2010-09-28 13:00:00,2.164996859518882,0.1,230.0,9.413029823995139,0.0,0.0,0.0
2010-09-28 14:00:00,1.631802451194702,0.1,230.0,7.094793266063921,0.0,0.0,0.0
2010-09-28 15:00:00,1.4985573502750442,0.1,230.0,6.515466740326279,0.0,0.0,0.0
2010-09-28 16:00:00,1.1120522282100767,0.1,230.0,4.835009687869898,0.0,0.0,0.0
2010-09-28 17:00:00,1.0037163620312528,0.1,230.0,4.363984182744578,0.0,0.0,0.0
2010-09-28 18:00:00,0.7276218105289367,0.1,230.0,3.163573089256247,0.0,0.0,0.0
2010-09-28 19:00:00,0.6768295875856676,0.1,230.0,2.9427373373289893,0.0,0.0,0.0
2010-09-28 20:00:00,0.4957850384043737,0.1,230.0,2.155587123497277,0.0,0.0,0.0
2010-09-28 21:00:00,0.5949367542909882,0.1,230.0,2.586681540395601,0.0,0.0,0.0
2010-09-28 22:00:00,0.5936177794101928,0.1,230.0,2.5809468670008378,0.0,0.0,0.0
2010-09-28 23:00:00,0.7739707066968498,0.1,230.0,3.3650900291167383,0.0,0.0,0.0
2010-09-29 00:00:00,0.8603547616308294,0.1,230.0,3.7406728766557795,0.0,0.0,0.0
2010-09-29 01:00:00,0.859329512494974,0.1,230.0,3.736215271717278,0.0,0.0,0.0
2010-09-29 02:00:00,1.1487862659117405,0.1,230.0,4.994722895268437,0.0,0.0,0.0
2010-09-29 03:00:00,1.3552186364924683,0.1,230.0,5.892254941271601,0.0,0.0,0.0
2010-09-29 04:00:00,1.586524174674028,0.1,230.0,6.897931194234904,0.0,0.0,0.0
2010-09-29 05:00:00,1.9422494349514754,0.1,230.0,8.44456276065859,0.0,0.0,0.0
2010-09-29 06:00:00,2.33049510011348,0.1,230.0,10.13258739179774,0.0,0.0,0.0
2010-09-29 07:00:00,2.283046488025498,0.1,230.0,9.926289078371731,0.0,0.0,0.0
2010-09-29 08:00:00,2.436128463410708,0.1,230.0,10.591862884394384,0.0,0.0,0.0
2010-09-29 09:00:00,2.4563650571592723,0.1,230.0,10.679848074605532,0.0,0.0,0.0
2010-09-29 10:00:00,2.341297600295092,0.1,230.0,10.179554783891703,0.0,0.0,0.0
2010-09-29 11:00:00,2.379018066306762,0.1,230.0,10.343556810029401,0.0,0.0,0.0
2010-09-29 12:00:00,2.313858018165159,0.1,230.0,10.060252252891994,0.0,0.0,0.0
2010-09-29 13:00:00,1.981929149535881,0.1,230.0,8.617083258851657,0.0,0.0,0.0
2010-09-29 14:00:00,1.72987287311585,0.1,230.0,7.521186404851521,0.0,0.0,0.0
2010-09-29 15:00:00,1.4169829194321681,0.1,230.0,6.160795301878991,0.0,0.0,0.0
2010-09-29 16:00:00,1.2795116435010225,0.1,230.0,5.563094102178359,0.0,0.0,0.0
2010-09-29 17:00:00,0.9178886628431328,0.1,230.0,3.9908202732310123,0.0,0.0,0.0
2010-09-29 18:00:00,0.8661273835180677,0.1,230.0,3.7657712326872512,0.0,0.0,0.0
2010-09-29 19:00:00,0.5985854264336149,0.1,230.0,2.602545332320065,0.0,0.0,0.0
2010-09-29 20:00:00,0.748411759343932,0.1,230.0,3.253964171060574,0.0,0.0,0.0
2010-09-29 21:00:00,0.3380134045774207,0.1,230.0,1.4696234981626985,0.0,0.0,0.0
2010-09-29 22:00:00,0.5482280315938562,0.1,230.0,2.3836001373645925,0.0,0.0,0.0
2010-09-29 23:00:00,0.4668736737648097,0.1,230.0,2.029885538107868,0.0,0.0,0.0
2010-09-30 00:00:00,0.8385024388610205,0.1,230.0,3.6456627776566104,0.0,0.0,0.0
2010-09-30 01:00:00,0.951010453526708,0.1,230.0,4.134828058811774,0.0,0.0,0.0
2010-09-30 02:00:00,1.338692477986349,0.1,230.0,5.820402078201517,0.0,0.0,0.0
2010-09-30 03:00:00,1.6188999504042025,0.1,230.0,7.038695436540012,0.0,0.0,0.0
2010-09-30 04:00:00,1.6651404611475797,0.1,230.0,7.23974113542426,0.0,0.0,0.0
2010-09-30 05:00:00,2.1083640699323123,0.1,230.0,9.166800304053531,0.0,0.0,0.0
2010-09-30 06:00:00,2.326048976864374,0.1,230.0,10.113256421149451,0.0,0.0,0.0
2010-09-30 07:00:00,2.526054182181661,0.1,230.0,10.982844270355047,0.0,0.0,0.0
2010-09-30 08:00:00,2.349025291834557,0.1,230.0,10.213153442758944,0.0,0.0,0.0
2010-09-30 09:00:00,2.4414621880343663,0.1,230.0,10.615052991453766,0.0,0.0,0.0
2010-09-30 10:00:00,2.545266242850549,0.1,230.0,11.06637496891543,0.0,0.0,0.0
2010-09-30 11:00:00,2.5488478307047693,0.1,230.0,11.081947090020737,0.0,0.0,0.0
2010-09-30 12:00:00,2.138073301327202,0.1,230.0,9.29597087533566,0.0,0.0,0.0
2010-09-30 13:00:00,1.8655100284801343,0.1,230.0,8.11091316730493,0.0,0.0,0.0
2010-09-30 14:00:00,1.9538849832242424,0.1,230.0,8.495152100974968,0.0,0.0,0.0
2010-09-30 15:00:00,1.5648629628477777,0.1,230.0,6.803752012381642,0.0,0.0,0.0
2010-09-30 16:00:00,1.2927781534815819,0.1,230.0,5.620774580354704,0.0,0.0,0.0
2010-09-30 17:00:00,1.0190756080301144,0.1,230.0,4.43076351317441,0.0,0.0,0.0
2010-09-30 18:00:00,0.752753085954617,0.1,230.0,3.2728395041505083,0.0,0.0,0.0
2010-09-30 19:00:00,0.5443245925252014,0.1,230.0,2.3666286631530498,0.0,0.0,0.0
2010-09-30 20:00:00,0.47643982602746626,0.1,230.0,2.0714775044672447,0.0,0.0,0.0
2010-09-30 21:00:00,0.5723952448347054,0.1,230.0,2.4886749775421975,0.0,0.0,0.0
2010-09-30 22:00:00,0.30726258790195693,0.1,230.0,1.3359242952258996,0.0,0.0,0.0
2010-09-30 23:00:00,0.7657226708069911,0.1,230.0,3.329229003508657,0.0,0.0,0.0
2010-10-01 00:00:00,0.6123607828932668,0.1,230.0,2.6624381864924644,0.0,0.0,0.0
2010-10-01 01:00:00,1.000598669670928,0.1,230.0,4.350428998569252,0.0,0.0,0.0
2010-10-01 02:00:00,1.177299731461533,0.1,230.0,5.118694484615361,0.0,0.0,0.0
2010-10-01 03:00:00,1.51027772485726,0.1,230.0,6.56642489068374,0.0,0.0,0.0
2010-10-01 04:00:00,1.61879605931351,0.1,230.0,7.038243736145696,0.0,0.0,0.0
2010-10-01 05:00:00,1.8754014928777845,0.1,230.0,8.153919534251237,0.0,0.0,0.0
2010-10-01 06:00:00,2.291748892518077,0.1,230.0,9.964125619643813,0.0,0.0,0.0
2010-10-01 07:00:00,2.4381619666950707,0.1,230.0,10.600704203022046,0.0,0.0,0.0
2010-10-01 08:00:00,2.503392718657392,0.1,230.0,10.884316168075618,0.0,0.0,0.0
2010-10-01 09:00:00,2.601136988387212,0.1,230.0,11.309291253857443,0.0,0.0,0.0
2010-10-01 10:00:00,2.464519023610316,0.1,230.0,10.715300102653549,0.0,0.0,0.0
2010-10-01 11:00:00,2.5616529650762145,0.1,230.0,11.137621587287889,0.0,0.0,0.0
2010-10-01 12:00:00,2.4698246455054504,0.1,230.0,10.738368023936742,0.0,0.0,0.0
2010-10-01 13:00:00,2.0041129611992923,0.1,230.0,8.713534613909967,0.0,0.0,0.0
2010-10-01 14:00:00,1.7036886306480776,0.1,230.0,7.407341872382946,0.0,0.0,0.0
2010-10-01 15:00:00,1.1810201452011155,0.1,230.0,5.13487019652659,0.0,0.0,0.0
2010-10-01 16:00:00,1.228322130912678,0.1,230.0,5.340531003968165,0.0,0.0,0.0
2010-10-01 17:00:00,1.0939884890161655,0.1,230.0,4.7564716913746325,0.0,0.0,0.0
2010-10-01 18:00:00,0.6496875393110059,0.1,230.0,2.8247284317869816,0.0,0.0,0.0
2010-10-01 19:00:00,0.5517909988904666,0.1,230.0,2.3990912995237674,0.0,0.0,0.0
2010-10-01 20:00:00,0.4055559265687786,0.1,230.0,1.7632866372555591,0.0,0.0,0.0
2010-10-01 21:00:00,0.49623648617996113,0.1,230.0,2.1575499399128746,0.0,0.0,0.0
2010-10-01 22:00:00,0.5242410653967053,0.1,230.0,2.2793089799856756,0.0,0.0,0.0
2010-10-01 23:00:00,0.561065356467362,0.1,230.0,2.4394145933363567,0.0,0.0,0.0
2010-10-02 00:00:00,1.068385559653245,0.1,230.0,4.645154607188022,0.0,0.0,0.0
2010-10-02 01:00:00,1.2647987793227986,0.1,230.0,5.499125127490428,0.0,0.0,0.0
2010-10-02 02:00:00,1.7044395122240747,0.1,230.0,7.410606574887282,0.0,0.0,0.0
2010-10-02 03:00:00,1.8753589674538063,0.1,230.0,8.153734641103505,0.0,0.0,0.0
2010-10-02 04:00:00,2.2793904347986174,0.1,230.0,9.910393194776596,0.0,0.0,0.0
2010-10-02 05:00:00,2.6889626031135507,0.1,230.0,11.691141752667612,0.0,0.0,0.0
2010-10-02 06:00:00,3.071643923883684,0.1,230.0,13.354973582102975,0.0,0.0,0.0
2010-10-02 07:00:00,3.1502601624096607,0.1,230.0,13.69678331482461,0.0,0.0,0.0
2010-10-02 08:00:00,3.0987505817700796,0.1,230.0,13.47282861639165,0.0,0.0,0.0
2010-10-02 09:00:00,3.3789843464101224,0.1,230.0,14.691236288739661,0.0,0.0,0.0
2010-10-02 10:00:00,3.1346942404841776,0.1,230.0,13.629105393409468,0.0,0.0,0.0
2010-10-02 11:00:00,2.953800455815936,0.1,230.0,12.842610677460591,0.0,0.0,0.0
2010-10-02 12:00:00,3.0203298622524075,0.1,230.0,13.131868966314816,0.0,0.0,0.0
2010-10-02 13:00:00,2.5599637130931723,0.1,230.0,11.130277013448575,0.0,0.0,0.0
2010-10-02 14:00:00,2.354890634199873,0.1,230.0,10.238654931303797,0.0,0.0,0.0
2010-10-02 15:00:00,2.069390111456715,0.1,230.0,8.99734831068137,0.0,0.0,0.0
2010-10-02 16:00:00,1.6930253347979731,0.1,230.0,7.360979716512927,0.0,0.0,0.0
2010-10-02 17:00:00,1.2139617598353936,0.1,230.0,5.278094607979972,0.0,0.0,0.0
2010-10-02 18:00:00,1.0369270060112152,0.1,230.0,4.508378287005284,0.0,0.0,0.0
2010-10-02 19:00:00,0.7642654127036395,0.1,230.0,3.3228930987114755,0.0,0.0,0.0
2010-10-02 20:00:00,0.7421547960382354,0.1,230.0,3.2267599827749365,0.0,0.0,0.0
2010-10-02 21:00:00,0.525808437658826,0.1,230.0,2.286123641994896,0.0,0.0,0.0
2010-10-02 22:00:00,0.6877674578197676,0.1,230.0,2.9902932948685543,0.0,0.0,0.0
2010-10-02 23:00:00,0.8675144319383613,0.1,230.0,3.7718018779928753,0.0,0.0,0.0
2010-10-03 00:00:00,1.0522633584211527,0.1,230.0,4.575058080091969,0.0,0.0,0.0
2010-10-03 01:00:00,1.1707554520278594,0.1,230.0,5.090241095773301,0.0,0.0,0.0
2010-10-03 02:00:00,1.769460914628549,0.1,230.0,7.693308324471952,0.0,0.0,0.0
2010-10-03 03:00:00,2.0820398599714247,0.1,230.0,9.052347217267064,0.0,0.0,0.0
2010-10-03 04:00:00,2.4186169243454905,0.1,230.0,10.515725758023873,0.0,0.0,0.0
2010-10-03 05:00:00,2.5596748391856115,0.1,230.0,11.12902103993744,0.0,0.0,0.0
2010-10-03 06:00:00,2.860543779631852,0.1,230.0,12.437146867964573,0.0,0.0,0.0
2010-10-03 07:00:00,2.8300449937203447,0.1,230.0,12.30454345095802,0.0,0.0,0.0
2010-10-03 08:00:00,3.296640639075177,0.1,230.0,14.333220169892073,0.0,0.0,0.0
2010-10-03 09:00:00,3.1297046317789405,0.1,230.0,13.607411442517133,0.0,0.0,0.0
2010-10-03 10:00:00,3.05584662556255,0.1,230.0,13.286289676358912,0.0,0.0,0.0
2010-10-03 11:00:00,3.1459461114166727,0.1,230.0,13.678026571376837,0.0,0.0,0.0
2010-10-03 12:00:00,2.896539693543915,0.1,230.0,12.593650841495283,0.0,0.0,0.0
2010-10-03 13:00:00,2.5573105846291564,0.1,230.0,11.118741672300681,0.0,0.0,0.0
2010-10-03 14:00:00,2.099938102635924,0.1,230.0,9.130165663634454,0.0,0.0,0.0
2010-10-03 15:00:00,1.9086096422077112,0.1,230.0,8.29830279220744,0.0,0.0,0.0
2010-10-03 16:00:00,1.851596399003242,0.1,230.0,8.050419126101051,0.0,0.0,0.0
2010-10-03 17:00:00,1.2519170854447712,0.1,230.0,5.443117762803353,0.0,0.0,0.0
2010-10-03 18:00:00,1.1291959184731322,0.1,230.0,4.909547471622314,0.0,0.0,0.0
2010-10-03 19:00:00,0.9950595252010389,0.1,230.0,4.326345761743648,0.0,0.0,0.0
2010-10-03 20:00:00,0.7063829453943381,0.1,230.0,3.0712301973666873,0.0,0.0,0.0
2010-10-03 21:00:00,0.6135310975600055,0.1,230.0,2.6675265111304585,0.0,0.0,0.0
2010-10-03 22:00:00,0.7805728030164931,0.1,230.0,3.3937947957238834,0.0,0.0,0.0
2010-10-03 23:00:00,0.7515800472941248,0.1,230.0,3.2677393360614118,0.0,0.0,0.0
2010-10-04 00:00:00,0.685883368565579,0.1,230.0,2.9821016024590388,0.0,0.0,0.0
2010-10-04 01:00:00,0.8814890193580035,0.1,230.0,3.8325609537304497,0.0,0.0,0.0
2010-10-04 02:00:00,1.3398759624722931,0.1,230.0,5.825547662923014,0.0,0.0,0.0
2010-10-04 03:00:00,1.4224642350775962,0.1,230.0,6.184627109033027,0.0,0.0,0.0
2010-10-04 04:00:00,1.7562510021658713,0.1,230.0,7.63587392246031,0.0,0.0,0.0
2010-10-04 05:00:00,1.828839534220182,0.1,230.0,7.951476235739922,0.0,0.0,0.0
2010-10-04 06:00:00,2.128365031539467,0.1,230.0,9.253761006693335,0.0,0.0,0.0
2010-10-04 07:00:00,2.400996254053899,0.1,230.0,10.439114148060431,0.0,0.0,0.0
2010-10-04 08:00:00,2.59020310293624,0.1,230.0,11.261752621461913,0.0,0.0,0.0
2010-10-04 09:00:00,2.498790065570466,0.1,230.0,10.86430463291507,0.0,0.0,0.0
2010-10-04 10:00:00,2.5528617133386873,0.1,230.0,11.099398753646467,0.0,0.0,0.0
2010-10-04 11:00:00,2.28982241248291,0.1,230.0,9.955749619490915,0.0,0.0,0.0
2010-10-04 12:00:00,2.087498932407041,0.1,230.0,9.076082314813222,0.0,0.0,0.0
2010-10-04 13:00:00,2.0792965238477947,0.1,230.0,9.040419668903455,0.0,0.0,0.0
2010-10-04 14:00:00,1.7859513443277926,0.1,230.0,7.765005844903446,0.0,0.0,0.0
2010-10-04 15:00:00,1.678893819295245,0.1,230.0,7.299538344761934,0.0,0.0,0.0
2010-10-04 16:00:00,1.2745995104766408,0.1,230.0,5.541737002072351,0.0,0.0,0.0
2010-10-04 17:00:00,1.0465901846133487,0.1,230.0,4.55039210701456,0.0,0.0,0.0
2010-10-04 18:00:00,0.8269887721632719,0.1,230.0,3.5956033572316173,0.0,0.0,0.0
2010-10-04 19:00:00,0.7104657907312708,0.1,230.0,3.088981698831612,0.0,0.0,0.0
2010-10-04 20:00:00,0.4744920749422348,0.1,230.0,2.0630090214879773,0.0,0.0,0.0
2010-10-04 21:00:00,0.4882651935001035,0.1,230.0,2.122892145652624,0.0,0.0,0.0
2010-10-04 22:00:00,0.6359107140107941,0.1,230.0,2.7648291913512786,0.0,0.0,0.0
2010-10-04 23:00:00,0.8075738841640374,0.1,230.0,3.511190800713206,0.0,0.0,0.0
2010-10-05 00:00:00,0.6693154383669062,0.1,230.0,2.9100671233343745,0.0,0.0,0.0
2010-10-05 01:00:00,1.1024594802228491,0.1,230.0,4.793302087925431,0.0,0.0,0.0
2010-10-05 02:00:00,1.1441745890336752,0.1,230.0,4.97467212623337,0.0,0.0,0.0
2010-10-05 03:00:00,1.6973930475685306,0.1,230.0,7.379969772037089,0.0,0.0,0.0
2010-10-05 04:00:00,1.7543387301072055,0.1,230.0,7.6275596961182845,0.0,0.0,0.0
2010-10-05 05:00:00,2.000124107915879,0.1,230.0,8.6961917735473,0.0,0.0,0.0
2010-10-05 06:00:00,2.1835683849507537,0.1,230.0,9.493775586742407,0.0,0.0,0.0
2010-10-05 07:00:00,2.292216148579539,0.1,230.0,9.966157167737126,0.0,0.0,0.0
2010-10-05 08:00:00,2.4549817745460065,0.1,230.0,10.67383380237394,0.0,0.0,0.0
2010-10-05 09:00:00,2.3948559767987434,0.1,230.0,10.41241729042932,0.0,0.0,0.0
2010-10-05 10:00:00,2.323479219994803,0.1,230.0,10.102083565194796,0.0,0.0,0.0
2010-10-05 11:00:00,2.281575249947994,0.1,230.0,9.919892391078236,0.0,0.0,0.0
2010-10-05 12:00:00,2.3576716309099663,0.1,230.0,10.250746221347681,0.0,0.0,0.0
2010-10-05 13:00:00,1.997930185544124,0.1,230.0,8.686652980626626,0.0,0.0,0.0
2010-10-05 14:00:00,1.741739728462341,0.1,230.0,7.572781428097135,0.0,0.0,0.0
2010-10-05 15:00:00,1.699539574259384,0.1,230.0,7.38930249677993,0.0,0.0,0.0
2010-10-05 16:00:00,1.0693299091309674,0.1,230.0,4.649260474482467,0.0,0.0,0.0
2010-10-05 17:00:00,1.0941862665525157,0.1,230.0,4.75733159370659,0.0,0.0,0.0
2010-10-05 18:00:00,0.6099721677382182,0.1,230.0,2.6520529032096443,0.0,0.0,0.0
2010-10-05 19:00:00,0.6813160026695657,0.1,230.0,2.962243489867677,0.0,0.0,0.0
2010-10-05 20:00:00,0.7493599883184632,0.1,230.0,3.2580869057324486,0.0,0.0,0.0
2010-10-05 21:00:00,0.5299929276643837,0.1,230.0,2.304317076801668,0.0,0.0,0.0
2010-10-05 22:00:00,0.39755554507938784,0.1,230.0,1.728502369910382,0.0,0.0,0.0
2010-10-05 23:00:00,0.5896575488082192,0.1,230.0,2.563728473079214,0.0,0.0,0.0
2010-10-06 00:00:00,0.6528263734170223,0.1,230.0,2.8383755365957493,0.0,0.0,0.0
2010-10-06 01:00:00,1.0639483063664408,0.1,230.0,4.625862201593221,0.0,0.0,0.0
2010-10-06 02:00:00,1.3064430796833069,0.1,230.0,5.6801873029709,0.0,0.0,0.0
2010-10-06 03:00:00,1.4650886146445898,0.1,230.0,6.369950498454738,0.0,0.0,0.0
2010-10-06 04:00:00,1.8260923589271485,0.1,230.0,7.939531995335429,0.0,0.0,0.0
2010-10-06 05:00:00,2.008024207007815,0.1,230.0,8.730540030468761,0.0,0.0,0.0
2010-10-06 06:00:00,2.3285789706879187,0.1,230.0,10.124256394295298,0.0,0.0,0.0
2010-10-06 07:00:00,2.353084280006373,0.1,230.0,10.230801217419014,0.0,0.0,0.0
2010-10-06 08:00:00,2.247156677671565,0.1,230.0,9.770246424658978,0.0,0.0,0.0
2010-10-06 09:00:00,2.580593196066086,0.1,230.0,11.219970417678635,0.0,0.0,0.0
2010-10-06 10:00:00,2.4560604293711745,0.1,230.0,10.678523605961628,0.0,0.0,0.0
2010-10-06 11:00:00,2.4532356521112657,0.1,230.0,10.666241965701154,0.0,0.0,0.0
2010-10-06 12:00:00,2.17747750430053,0.1,230.0,9.467293496958826,0.0,0.0,0.0
2010-10-06 13:00:00,1.7680329426586963,0.1,230.0,7.687099750689984,0.0,0.0,0.0
2010-10-06 14:00:00,1.9647532030823962,0.1,230.0,8.542405230793026,0.0,0.0,0.0
2010-10-06 15:00:00,1.385869318746483,0.1,230.0,6.025518777158622,0.0,0.0,0.0
2010-10-06 16:00:00,1.1080743384629703,0.1,230.0,4.817714515056392,0.0,0.0,0.0
2010-10-06 17:00:00,0.9372606357569043,0.1,230.0,4.075046242421323,0.0,0.0,0.0
2010-10-06 18:00:00,0.7966594463116474,0.1,230.0,3.463736723094119,0.0,0.0,0.0
2010-10-06 19:00:00,0.6654239867692839,0.1,230.0,2.893147768562104,0.0,0.0,0.0
2010-10-06 20:00:00,0.6549507278143445,0.1,230.0,2.8476118600623677,0.0,0.0,0.0
2010-10-06 21:00:00,0.4590442924521472,0.1,230.0,1.995844749791944,0.0,0.0,0.0
2010-10-06 22:00:00,0.4916989055287915,0.1,230.0,2.13782132838605,0.0,0.0,0.0
2010-10-06 23:00:00,0.6982601707841717,0.1,230.0,3.035913786018138,0.0,0.0,0.0
2010-10-07 00:00:00,0.6032211019998681,0.1,230.0,2.6227004434776875,0.0,0.0,0.0
2010-10-07 01:00:00,1.086049126400536,0.1,230.0,4.721952723480592,0.0,0.0,0.0
2010-10-07 02:00:00,1.141355766604926,0.1,230.0,4.962416376543158,0.0,0.0,0.0
2010-10-07 03:00:00,1.5538999616941123,0.1,230.0,6.756086789974401,0.0,0.0,0.0
2010-10-07 04:00:00,1.8806612489243537,0.1,230.0,8.176788038801538,0.0,0.0,0.0
2010-10-07 05:00:00,1.9835692854567832,0.1,230.0,8.62421428459471,0.0,0.0,0.0
2010-10-07 06:00:00,2.138681146131772,0.1,230.0,9.298613678833792,0.0,0.0,0.0
2010-10-07 07:00:00,2.3739912461386714,0.1,230.0,10.321701070168137,0.0,0.0,0.0
2010-10-07 08:00:00,2.548624236031793,0.1,230.0,11.080974939268664,0.0,0.0,0.0
2010-10-07 09:00:00,2.5429007845812195,0.1,230.0,11.056090367744432,0.0,0.0,0.0
2010-10-07 10:00:00,2.33980166143725,0.1,230.0,10.173050701901087,0.0,0.0,0.0
2010-10-07 11:00:00,2.466620817085148,0.1,230.0,10.724438335152817,0.0,0.0,0.0
2010-10-07 12:00:00,2.2376684719928064,0.1,230.0,9.728993356490461,0.0,0.0,0.0
2010-10-07 13:00:00,1.9920120986108194,0.1,230.0,8.660922167873128,0.0,0.0,0.0
2010-10-07 14:00:00,1.7048356323827367,0.1,230.0,7.412328836446681,0.0,0.0,0.0
2010-10-07 15:00:00,1.581387461652852,0.1,230.0,6.875597659360227,0.0,0.0,0.0
2010-10-07 16:00:00,1.1422801292445923,0.1,230.0,4.966435344541705,0.0,0.0,0.0
2010-10-07 17:00:00,1.0304516883628636,0.1,230.0,4.480224732012451,0.0,0.0,0.0
2010-10-07 18:00:00,0.7754068473934272,0.1,230.0,3.3713341191018578,0.0,0.0,0.0
2010-10-07 19:00:00,0.7573118299698042,0.1,230.0,3.2926601303034966,0.0,0.0,0.0
2010-10-07 20:00:00,0.4508127590820078,0.1,230.0,1.960055474269599,0.0,0.0,0.0
2010-10-07 21:00:00,0.5769927972721816,0.1,230.0,2.5086643359660066,0.0,0.0,0.0
2010-10-07 22:00:00,0.47896019193979406,0.1,230.0,2.0824356171295393,0.0,0.0,0.0
2010-10-07 23:00:00,0.6621053245965463,0.1,230.0,2.878718802593679,0.0,0.0,0.0
2010-10-08 00:00:00,0.6838274917969204,0.1,230.0,2.9731630078126976,0.0,0.0,0.0
2010-10-08 01:00:00,0.9235500198442065,0.1,230.0,4.015434868887854,0.0,0.0,0.0
2010-10-08 02:00:00,1.1782109021813996,0.1,230.0,5.122656096440868,0.0,0.0,0.0
2010-10-08 03:00:00,1.4771781334087823,0.1,230.0,6.422513623516445,0.0,0.0,0.0
2010-10-08 04:00:00,1.6658999151577094,0.1,230.0,7.243043109381345,0.0,0.0,0.0
2010-10-08 05:00:00,2.1909343726332082,0.1,230.0,9.525801620144383,0.0,0.0,0.0
2010-10-08 06:00:00,2.2100920669983575,0.1,230.0,9.60909594347112,0.0,0.0,0.0
2010-10-08 07:00:00,2.361441600393859,0.1,230.0,10.267137393016778,0.0,0.0,0.0
2010-10-08 08:00:00,2.4552852741728235,0.1,230.0,10.675153365968796,0.0,0.0,0.0
2010-10-08 09:00:00,2.470452869116397,0.1,230.0,10.741099430940857,0.0,0.0,0.0
2010-10-08 10:00:00,2.5942948387723486,0.1,230.0,11.27954277727108,0.0,0.0,0.0
2010-10-08 11:00:00,2.263958312078463,0.1,230.0,9.843297009036796,0.0,0.0,0.0
2010-10-08 12:00:00,1.9674517726034884,0.1,230.0,8.554138141754297,0.0,0.0,0.0
2010-10-08 13:00:00,1.9012947589658886,0.1,230.0,8.266498952025602,0.0,0.0,0.0
2010-10-08 14:00:00,1.8507774519025677,0.1,230.0,8.046858486532903,0.0,0.0,0.0
2010-10-08 15:00:00,1.5967591592526913,0.1,230.0,6.942431127185614,0.0,0.0,0.0
2010-10-08 16:00:00,1.3537281274499717,0.1,230.0,5.88577446717379,0.0,0.0,0.0
2010-10-08 17:00:00,0.9656186802074624,0.1,230.0,4.198342087858532,0.0,0.0,0.0
2010-10-08 18:00:00,0.8522693930048983,0.1,230.0,3.7055191000212973,0.0,0.0,0.0
2010-10-08 19:00:00,0.6470834985135803,0.1,230.0,2.813406515276436,0.0,0.0,0.0
2010-10-08 20:00:00,0.4761142894336295,0.1,230.0,2.070062127972302,0.0,0.0,0.0
2010-10-08 21:00:00,0.37764173285815045,0.1,230.0,1.6419205776441324,0.0,0.0,0.0
2010-10-08 22:00:00,0.4811924203478675,0.1,230.0,2.0921409580342067,0.0,0.0,0.0
2010-10-08 23:00:00,0.5991227415831105,0.1,230.0,2.6048814851439586,0.0,0.0,0.0
2010-10-09 00:00:00,1.0367061010252763,0.1,230.0,4.5074178305446795,0.0,0.0,0.0
2010-10-09 01:00:00,1.2143441589289814,0.1,230.0,5.279757212734702,0.0,0.0,0.0
2010-10-09 02:00:00,1.6687618774551694,0.1,230.0,7.255486423718128,0.0,0.0,0.0
2010-10-09 03:00:00,1.910939653291432,0.1,230.0,8.308433275180139,0.0,0.0,0.0
2010-10-09 04:00:00,2.383595754586868,0.1,230.0,10.3634598025516,0.0,0.0,0.0
2010-10-09 05:00:00,2.5956589594780812,0.1,230.0,11.285473736861222,0.0,0.0,0.0
2010-10-09 06:00:00,2.815899737890704,0.1,230.0,12.243042338655235,0.0,0.0,0.0
2010-10-09 07:00:00,3.1076034359006957,0.1,230.0,13.511319286524765,0.0,0.0,0.0
2010-10-09 08:00:00,3.2185866338542737,0.1,230.0,13.99385492980119,0.0,0.0,0.0
2010-10-09 09:00:00,3.246732761487559,0.1,230.0,14.116229397771995,0.0,0.0,0.0
2010-10-09 10:00:00,3.209060811953509,0.1,230.0,13.952438312841343,0.0,0.0,0.0
2010-10-09 11:00:00,3.086677700224929,0.1,230.0,13.420337827064909,0.0,0.0,0.0
2010-10-09 12:00:00,2.9770423899881155,0.1,230.0,12.94366256516572,0.0,0.0,0.0
2010-10-09 13:00:00,2.737858116510124,0.1,230.0,11.903730941348366,0.0,0.0,0.0
2010-10-09 14:00:00,2.156527533552551,0.1,230.0,9.376206667619789,0.0,0.0,0.0
2010-10-09 15:00:00,2.0816485862336616,0.1,230.0,9.050646027102877,0.0,0.0,0.0
2010-10-09 16:00:00,1.5410406099991039,0.1,230.0,6.7001765652134955,0.0,0.0,0.0
2010-10-09 17:00:00,1.1827016987290442,0.1,230.0,5.1421812988219315,0.0,0.0,0.0
2010-10-09 18:00:00,1.0528431438883494,0.1,230.0,4.577578886471085,0.0,0.0,0.0
2010-10-09 19:00:00,0.827701364499884,0.1,230.0,3.5987015847821042,0.0,0.0,0.0
2010-10-09 20:00:00,0.7152716645755381,0.1,230.0,3.1098768025023396,0.0,0.0,0.0
2010-10-09 21:00:00,0.6621339513280702,0.1,230.0,2.8788432666437838,0.0,0.0,0.0
2010-10-09 22:00:00,0.6294465339488555,0.1,230.0,2.736724060647198,0.0,0.0,0.0
2010-10-09 23:00:00,0.7612810818831265,0.1,230.0,3.3099177473179413,0.0,0.0,0.0
2010-10-10 00:00:00,1.0569098531467056,0.1,230.0,4.595260231072634,0.0,0.0,0.0
2010-10-10 01:00:00,1.3815966579153134,0.1,230.0,6.006941990936146,0.0,0.0,0.0
2010-10-10 02:00:00,1.5037138130880305,0.1,230.0,6.5378861438610025,0.0,0.0,0.0
2010-10-10 03:00:00,1.9863652732839503,0.1,230.0,8.63637075340848,0.0,0.0,0.0
2010-10-10 04:00:00,2.442118884548106,0.1,230.0,10.617908193687418,0.0,0.0,0.0
2010-10-10 05:00:00,2.6968833371524497,0.1,230.0,11.725579726749782,0.0,0.0,0.0
2010-10-10 06:00:00,2.7900844883308826,0.1,230.0,12.130802123177752,0.0,0.0,0.0
2010-10-10 07:00:00,2.9152509501576738,0.1,230.0,12.675004131120321,0.0,0.0,0.0
2010-10-10 08:00:00,3.174218007765747,0.1,230.0,13.800947859851073,0.0,0.0,0.0
2010-10-10 09:00:00,3.380372370831395,0.1,230.0,14.697271177527805,0.0,0.0,0.0
2010-10-10 10:00:00,3.2101463621156534,0.1,230.0,13.957158096155016,0.0,0.0,0.0
2010-10-10 11:00:00,3.028112663641383,0.1,230.0,13.165707233223404,0.0,0.0,0.0
2010-10-10 12:00:00,2.8685630378149467,0.1,230.0,12.472013207891072,0.0,0.0,0.0
2010-10-10 13:00:00,2.810335085759944,0.1,230.0,12.218848198956278,0.0,0.0,0.0
2010-10-10 14:00:00,2.205539146427328,0.1,230.0,9.589300636640557,0.0,0.0,0.0
2010-10-10 15:00:00,2.0288557304739636,0.1,230.0,8.821111871625929,0.0,0.0,0.0
2010-10-10 16:00:00,1.5442962233531157,0.1,230.0,6.714331405883112,0.0,0.0,0.0
2010-10-10 17:00:00,1.3882973988003633,0.1,230.0,6.036075646958101,0.0,0.0,0.0
2010-10-10 18:00:00,1.0977626417003206,0.1,230.0,4.772881050870959,0.0,0.0,0.0
2010-10-10 19:00:00,0.9939801749187157,0.1,230.0,4.321652934429199,0.0,0.0,0.0
2010-10-10 20:00:00,0.6990189123385068,0.1,230.0,3.039212662341334,0.0,0.0,0.0
2010-10-10 21:00:00,0.5183306442130241,0.1,230.0,2.253611496578366,0.0,0.0,0.0
2010-10-10 22:00:00,0.7816829162361304,0.1,230.0,3.3986213749396974,0.0,0.0,0.0
2010-10-10 23:00:00,0.9001464115059565,0.1,230.0,3.913680050025898,0.0,0.0,0.0
2010-10-11 00:00:00,0.7466488939130735,0.1,230.0,3.2462995387524933,0.0,0.0,0.0
2010-10-11 01:00:00,0.9880998117973268,0.1,230.0,4.296086138249247,0.0,0.0,0.0
2010-10-11 02:00:00,1.2058607671013684,0.1,230.0,5.242872900440732,0.0,0.0,0.0
2010-10-11 03:00:00,1.454747541098658,0.1,230.0,6.324989309124599,0.0,0.0,0.0
2010-10-11 04:00:00,1.5524182346219546,0.1,230.0,6.749644498356324,0.0,0.0,0.0
2010-10-11 05:00:00,1.981788924000215,0.1,230.0,8.616473582609629,0.0,0.0,0.0
2010-10-11 06:00:00,2.295521908683862,0.1,230.0,9.980530037755921,0.0,0.0,0.0
2010-10-11 07:00:00,2.5011390416751986,0.1,230.0,10.874517572500864,0.0,0.0,0.0
2010-10-11 08:00:00,2.3746464496675057,0.1,230.0,10.324549781163068,0.0,0.0,0.0
2010-10-11 09:00:00,2.536823208676626,0.1,230.0,11.02966612468098,0.0,0.0,0.0
2010-10-11 10:00:00,2.2500151755189806,0.1,230.0,9.78267467616948,0.0,0.0,0.0
2010-10-11 11:00:00,2.2946452920064506,0.1,230.0,9.976718660897612,0.0,0.0,0.0
2010-10-11 12:00:00,2.1775351765024418,0.1,230.0,9.46754424566279,0.0,0.0,0.0
2010-10-11 13:00:00,2.019562939021444,0.1,230.0,8.780708430528016,0.0,0.0,0.0
2010-10-11 14:00:00,1.913084049288269,0.1,230.0,8.317756736035951,0.0,0.0,0.0
2010-10-11 15:00:00,1.4240417559328176,0.1,230.0,6.191485895360076,0.0,0.0,0.0
2010-10-11 16:00:00,1.224087861736078,0.1,230.0,5.322121137982948,0.0,0.0,0.0
2010-10-11 17:00:00,1.0588212980140022,0.1,230.0,4.603570860930445,0.0,0.0,0.0
2010-10-11 18:00:00,0.8794639527670342,0.1,230.0,3.823756316378409,0.0,0.0,0.0
2010-10-11 19:00:00,0.555556230413334,0.1,230.0,2.4154618713623215,0.0,0.0,0.0
2010-10-11 20:00:00,0.4565985768568215,0.1,230.0,1.9852112037253107,0.0,0.0,0.0
2010-10-11 21:00:00,0.4500791523851336,0.1,230.0,1.9568658799353633,0.0,0.0,0.0
2010-10-11 22:00:00,0.5131489248448327,0.1,230.0,2.231082281934055,0.0,0.0,0.0
2010-10-11 23:00:00,0.8346480204647734,0.1,230.0,3.6289044368033623,0.0,0.0,0.0
2010-10-12 00:00:00,0.7686546251017421,0.1,230.0,3.3419766308771397,0.0,0.0,0.0
2010-10-12 01:00:00,1.0218391234791142,0.1,230.0,4.442778797735279,0.0,0.0,0.0
2010-10-12 02:00:00,1.2430238793719388,0.1,230.0,5.404451649443212,0.0,0.0,0.0
2010-10-12 03:00:00,1.5851743061795485,0.1,230.0,6.892062200780646,0.0,0.0,0.0
2010-10-12 04:00:00,1.7117411269820102,0.1,230.0,7.44235272600874,0.0,0.0,0.0
2010-10-12 05:00:00,2.076696509992175,0.1,230.0,9.029115260835543,0.0,0.0,0.0
2010-10-12 06:00:00,2.2253178219831176,0.1,230.0,9.675294878187467,0.0,0.0,0.0
2010-10-12 07:00:00,2.5427444817176883,0.1,230.0,11.055410790076905,0.0,0.0,0.0
2010-10-12 08:00:00,2.2710548753952646,0.1,230.0,9.874151632153325,0.0,0.0,0.0
2010-10-12 09:00:00,2.471741710787832,0.1,230.0,10.746703090381878,0.0,0.0,0.0
2010-10-12 10:00:00,2.5635517345514223,0.1,230.0,11.145877106745314,0.0,0.0,0.0
2010-10-12 11:00:00,2.374690043713626,0.1,230.0,10.324739320494025,0.0,0.0,0.0
2010-10-12 12:00:00,2.2031061409220665,0.1,230.0,9.578722351835072,0.0,0.0,0.0
2010-10-12 13:00:00,1.9924982331985623,0.1,230.0,8.663035796515489,0.0,0.0,0.0
2010-10-12 14:00:00,1.8217367598459362,0.1,230.0,7.92059460802581,0.0,0.0,0.0
2010-10-12 15:00:00,1.3831060545835818,0.1,230.0,6.013504585146008,0.0,0.0,0.0
2010-10-12 16:00:00,1.2803130605080684,0.1,230.0,5.566578523948124,0.0,0.0,0.0
2010-10-12 17:00:00,0.8658342306693827,0.1,230.0,3.7644966550842724,0.0,0.0,0.0
2010-10-12 18:00:00,0.6180747058059595,0.1,230.0,2.6872813295911278,0.0,0.0,0.0
2010-10-12 19:00:00,0.5332564419104369,0.1,230.0,2.318506269175812,0.0,0.0,0.0
2010-10-12 20:00:00,0.5469190815065549,0.1,230.0,2.3779090500284994,0.0,0.0,0.0
2010-10-12 21:00:00,0.5826861182927392,0.1,230.0,2.5334179056206056,0.0,0.0,0.0
2010-10-12 22:00:00,0.5667228002885399,0.1,230.0,2.4640121751675648,0.0,0.0,0.0
2010-10-12 23:00:00,0.6539936443142814,0.1,230.0,2.843450627453397,0.0,0.0,0.0
2010-10-13 00:00:00,0.7782965000208848,0.1,230.0,3.3838978261777597,0.0,0.0,0.0
2010-10-13 01:00:00,1.0210006930856408,0.1,230.0,4.439133448198438,0.0,0.0,0.0
2010-10-13 02:00:00,1.3039178292770344,0.1,230.0,5.66920795337841,0.0,0.0,0.0
2010-10-13 03:00:00,1.6494840258212808,0.1,230.0,7.1716696774838296,0.0,0.0,0.0
2010-10-13 04:00:00,1.775266692732518,0.1,230.0,7.71855083796747,0.0,0.0,0.0
2010-10-13 05:00:00,2.0532421306935884,0.1,230.0,8.927139698667776,0.0,0.0,0.0
2010-10-13 06:00:00,2.155249000644476,0.1,230.0,9.370647828889025,0.0,0.0,0.0
2010-10-13 07:00:00,2.334098256596434,0.1,230.0,10.148253289549714,0.0,0.0,0.0
2010-10-13 08:00:00,2.626888682146607,0.1,230.0,11.421255139767855,0.0,0.0,0.0
2010-10-13 09:00:00,2.6314957933118115,0.1,230.0,11.441286057877441,0.0,0.0,0.0
2010-10-13 10:00:00,2.352948369123409,0.1,230.0,10.23021030053656,0.0,0.0,0.0
2010-10-13 11:00:00,2.329366591047128,0.1,230.0,10.127680830639688,0.0,0.0,0.0
2010-10-13 12:00:00,2.136498232078221,0.1,230.0,9.289122748166179,0.0,0.0,0.0
2010-10-13 13:00:00,2.01796113876833,0.1,230.0,8.773744081601434,0.0,0.0,0.0
2010-10-13 14:00:00,1.736285937230111,0.1,230.0,7.54906929230483,0.0,0.0,0.0
2010-10-13 15:00:00,1.5197215212069022,0.1,230.0,6.607484874812618,0.0,0.0,0.0
2010-10-13 16:00:00,0.9978347425047934,0.1,230.0,4.338411923933885,0.0,0.0,0.0
2010-10-13 17:00:00,1.019224208347041,0.1,230.0,4.431409601508874,0.0,0.0,0.0
2010-10-13 18:00:00,0.7186244551740772,0.1,230.0,3.124454152930771,0.0,0.0,0.0
2010-10-13 19:00:00,0.6353652296188917,0.1,230.0,2.7624575200821377,0.0,0.0,0.0
2010-10-13 20:00:00,0.7705962618399599,0.1,230.0,3.350418529738956,0.0,0.0,0.0
2010-10-13 21:00:00,0.6305284181003966,0.1,230.0,2.741427904784333,0.0,0.0,0.0
2010-10-13 22:00:00,0.4305688598358575,0.1,230.0,1.8720385210254673,0.0,0.0,0.0
2010-10-13 23:00:00,0.6781398427891923,0.1,230.0,2.9484340990834443,0.0,0.0,0.0
2010-10-14 00:00:00,0.8073662709660876,0.1,230.0,3.510288134635163,0.0,0.0,0.0
2010-10-14 01:00:00,1.1432950115898215,0.1,230.0,4.970847876477485,0.0,0.0,0.0
2010-10-14 02:00:00,1.2140506446269386,0.1,230.0,5.278481063595385,0.0,0.0,0.0
2010-10-14 03:00:00,1.6703775654394766,0.1,230.0,7.26251115408468,0.0,0.0,0.0
2010-10-14 04:00:00,1.9559175833053295,0.1,230.0,8.503989492631868,0.0,0.0,0.0
2010-10-14 05:00:00,2.1559658426259256,0.1,230.0,9.373764533156198,0.0,0.0,0.0
2010-10-14 06:00:00,2.195165674468761,0.1,230.0,9.544198584646788,0.0,0.0,0.0
2010-10-14 07:00:00,2.1763864767399395,0.1,230.0,9.462549898869302,0.0,0.0,0.0
2010-10-14 08:00:00,2.2632752913564578,0.1,230.0,9.84032735372373,0.0,0.0,0.0
2010-10-14 09:00:00,2.526319535760543,0.1,230.0,10.98399798156758,0.0,0.0,0.0
2010-10-14 10:00:00,2.4053465171493564,0.1,230.0,10.458028335431983,0.0,0.0,0.0
2010-10-14 11:00:00,2.389426753161964,0.1,230.0,10.38881197026941,0.0,0.0,0.0
2010-10-14 12:00:00,2.1086380997673664,0.1,230.0,9.167991738118983,0.0,0.0,0.0
2010-10-14 13:00:00,2.051468503284305,0.1,230.0,8.919428275149153,0.0,0.0,0.0
2010-10-14 14:00:00,1.6535542318532856,0.1,230.0,7.189366225449068,0.0,0.0,0.0
2010-10-14 15:00:00,1.525045193774221,0.1,230.0,6.630631277279223,0.0,0.0,0.0
2010-10-14 16:00:00,1.2432096368396044,0.1,230.0,5.405259290606976,0.0,0.0,0.0
2010-10-14 17:00:00,1.0094571741352028,0.1,230.0,4.388944235370447,0.0,0.0,0.0
2010-10-14 18:00:00,0.8979130811118632,0.1,230.0,3.9039699178776663,0.0,0.0,0.0
2010-10-14 19:00:00,0.5580263530426475,0.1,230.0,2.4262015349680324,0.0,0.0,0.0
2010-10-14 20:00:00,0.5718163696329409,0.1,230.0,2.4861581288388734,0.0,0.0,0.0
2010-10-14 21:00:00,0.6485600554679112,0.1,230.0,2.819826328121353,0.0,0.0,0.0
2010-10-14 22:00:00,0.6189077808809392,0.1,230.0,2.690903395134518,0.0,0.0,0.0
2010-10-14 23:00:00,0.6458346928050961,0.1,230.0,2.807976925239548,0.0,0.0,0.0
2010-10-15 00:00:00,0.6348278477148632,0.1,230.0,2.7601210770211444,0.0,0.0,0.0
2010-10-15 01:00:00,1.116062184331776,0.1,230.0,4.852444279703374,0.0,0.0,0.0
2010-10-15 02:00:00,1.1029971559207512,0.1,230.0,4.795639808351092,0.0,0.0,0.0
2010-10-15 03:00:00,1.574938540546881,0.1,230.0,6.847558871942962,0.0,0.0,0.0
2010-10-15 04:00:00,1.813938494170266,0.1,230.0,7.886689105088113,0.0,0.0,0.0
2010-10-15 05:00:00,2.1124010090329737,0.1,230.0,9.184352213186843,0.0,0.0,0.0
2010-10-15 06:00:00,2.1921600186852968,0.1,230.0,9.531130516023028,0.0,0.0,0.0
2010-10-15 07:00:00,2.409617689470186,0.1,230.0,10.476598649870375,0.0,0.0,0.0
2010-10-15 08:00:00,2.5353147559330065,0.1,230.0,11.023107634491332,0.0,0.0,0.0
2010-10-15 09:00:00,2.4623841696063082,0.1,230.0,10.706018128723079,0.0,0.0,0.0
2010-10-15 10:00:00,2.406067944041292,0.1,230.0,10.461164974092574,0.0,0.0,0.0
2010-10-15 11:00:00,2.2630742077550714,0.1,230.0,9.839453077195962,0.0,0.0,0.0
2010-10-15 12:00:00,2.047445789512315,0.1,230.0,8.901938215270935,0.0,0.0,0.0
2010-10-15 13:00:00,1.9190241173546556,0.1,230.0,8.343583118933285,0.0,0.0,0.0
2010-10-15 14:00:00,1.6697205104470432,0.1,230.0,7.259654393248014,0.0,0.0,0.0
2010-10-15 15:00:00,1.5329971800228281,0.1,230.0,6.665205130534035,0.0,0.0,0.0
2010-10-15 16:00:00,1.2735939814751207,0.1,230.0,5.537365136848351,0.0,0.0,0.0
2010-10-15 17:00:00,1.1682970587407322,0.1,230.0,5.079552429307531,0.0,0.0,0.0
2010-10-15 18:00:00,0.6718560729914217,0.1,230.0,2.921113360832268,0.0,0.0,0.0
2010-10-15 19:00:00,0.5911895743363226,0.1,230.0,2.570389453636185,0.0,0.0,0.0
2010-10-15 20:00:00,0.39319701233063653,0.1,230.0,1.7095522275245068,0.0,0.0,0.0
2010-10-15 21:00:00,0.7014221364374743,0.1,230.0,3.0496614627716276,0.0,0.0,0.0
2010-10-15 22:00:00,0.5620429694425759,0.1,230.0,2.4436650845329386,0.0,0.0,0.0
2010-10-15 23:00:00,0.554801309824236,0.1,230.0,2.412179607931461,0.0,0.0,0.0
2010-10-16 00:00:00,1.1613624452135376,0.1,230.0,5.049401935711033,0.0,0.0,0.0
2010-10-16 01:00:00,1.286055535160497,0.1,230.0,5.591545805045639,0.0,0.0,0.0
2010-10-16 02:00:00,1.6923010776013243,0.1,230.0,7.357830772179671,0.0,0.0,0.0
2010-10-16 03:00:00,1.8985534607417751,0.1,230.0,8.254580264094674,0.0,0.0,0.0
2010-10-16 04:00:00,2.286741170098769,0.1,230.0,9.94235291347291,0.0,0.0,0.0
2010-10-16 05:00:00,2.7027158073071336,0.1,230.0,11.750938292639711,0.0,0.0,0.0
2010-10-16 06:00:00,2.8109971375405594,0.1,230.0,12.221726684958954,0.0,0.0,0.0
2010-10-16 07:00:00,3.1036005366747497,0.1,230.0,13.493915376846736,0.0,0.0,0.0
2010-10-16 08:00:00,3.049715728981832,0.1,230.0,13.259633604268837,0.0,0.0,0.0
2010-10-16 09:00:00,3.230171180012632,0.1,230.0,14.044222521794051,0.0,0.0,0.0
2010-10-16 10:00:00,3.0920062401746233,0.1,230.0,13.443505392063578,0.0,0.0,0.0
2010-10-16 11:00:00,3.1333926172228868,0.1,230.0,13.623446161838638,0.0,0.0,0.0
2010-10-16 12:00:00,2.8184526466966635,0.1,230.0,12.254141942159407,0.0,0.0,0.0
2010-10-16 13:00:00,2.641532055167515,0.1,230.0,11.484921978989197,0.0,0.0,0.0
2010-10-16 14:00:00,2.09925470901038,0.1,230.0,9.127194387001651,0.0,0.0,0.0
2010-10-16 15:00:00,1.887650637302741,0.1,230.0,8.207176683924962,0.0,0.0,0.0
2010-10-16 16:00:00,1.68027635749089,0.1,230.0,7.305549380395175,0.0,0.0,0.0
2010-10-16 17:00:00,1.1586728061522429,0.1,230.0,5.0377078528358386,0.0,0.0,0.0
2010-10-16 18:00:00,1.020440952599084,0.1,230.0,4.436699793909061,0.0,0.0,0.0
2010-10-16 19:00:00,0.6857316596618025,0.1,230.0,2.981441998529576,0.0,0.0,0.0
2010-10-16 20:00:00,0.6790262125902485,0.1,230.0,2.9522878808271673,0.0,0.0,0.0
2010-10-16 21:00:00,0.5838827261134567,0.1,230.0,2.538620548319377,0.0,0.0,0.0
2010-10-16 22:00:00,0.6557726074448578,0.1,230.0,2.851185249760251,0.0,0.0,0.0
2010-10-16 23:00:00,0.894437938513223,0.1,230.0,3.8888606022314045,0.0,0.0,0.0
2010-10-17 00:00:00,1.091671525869851,0.1,230.0,4.74639793856457,0.0,0.0,0.0
2010-10-17 01:00:00,1.5078875117559938,0.1,230.0,6.556032659808668,0.0,0.0,0.0
2010-10-17 02:00:00,1.6219498533568302,0.1,230.0,7.05195588416013,0.0,0.0,0.0
2010-10-17 03:00:00,1.8832602661906754,0.1,230.0,8.188088113872501,0.0,0.0,0.0
2010-10-17 04:00:00,2.402162744334666,0.1,230.0,10.444185844933331,0.0,0.0,0.0
2010-10-17 05:00:00,2.608922764251698,0.1,230.0,11.343142453268252,0.0,0.0,0.0
2010-10-17 06:00:00,2.6594633072157037,0.1,230.0,11.562883944416102,0.0,0.0,0.0
2010-10-17 07:00:00,3.10772375229197,0.1,230.0,13.511842401269435,0.0,0.0,0.0
2010-10-17 08:00:00,3.082051995172504,0.1,230.0,13.400226065967408,0.0,0.0,0.0
2010-10-17 09:00:00,3.203817681799789,0.1,230.0,13.929642094781691,0.0,0.0,0.0
2010-10-17 10:00:00,3.176778704677844,0.1,230.0,13.812081324686279,0.0,0.0,0.0
2010-10-17 11:00:00,2.992310484567227,0.1,230.0,13.0100455850749,0.0,0.0,0.0
2010-10-17 12:00:00,2.8893330594297213,0.1,230.0,12.56231764969444,0.0,0.0,0.0
2010-10-17 13:00:00,2.5590289391223804,0.1,230.0,11.126212778792958,0.0,0.0,0.0
2010-10-17 14:00:00,2.3254076336181275,0.1,230.0,10.110467972252728,0.0,0.0,0.0
2010-10-17 15:00:00,2.0009982170479383,0.1,230.0,8.699992248034516,0.0,0.0,0.0
2010-10-17 16:00:00,1.4669849707671672,0.1,230.0,6.37819552507464,0.0,0.0,0.0
2010-10-17 17:00:00,1.1565031627342446,0.1,230.0,5.028274620583672,0.0,0.0,0.0
2010-10-17 18:00:00,1.1665237722964907,0.1,230.0,5.071842488245612,0.0,0.0,0.0
2010-10-17 19:00:00,0.7740385337371987,0.1,230.0,3.3653849292921683,0.0,0.0,0.0
2010-10-17 20:00:00,0.7491800720799353,0.1,230.0,3.25730466121711,0.0,0.0,0.0
2010-10-17 21:00:00,0.7112908495674072,0.1,230.0,3.09256891116264,0.0,0.0,0.0
2010-10-17 22:00:00,0.6811647119357447,0.1,230.0,2.961585704068455,0.0,0.0,0.0
2010-10-17 23:00:00,0.7853393410864103,0.1,230.0,3.4145188742887407,0.0,0.0,0.0
2010-10-18 00:00:00,0.7232227096651529,0.1,230.0,3.1444465637615346,0.0,0.0,0.0
2010-10-18 01:00:00,0.8932495446417767,0.1,230.0,3.8836936723555513,0.0,0.0,0.0
2010-10-18 02:00:00,1.2131294528112377,0.1,230.0,5.27447588178799,0.0,0.0,0.0
2010-10-18 03:00:00,1.5144449206303008,0.1,230.0,6.584543133175221,0.0,0.0,0.0
2010-10-18 04:00:00,1.6949088174875593,0.1,230.0,7.36916877168504,0.0,0.0,0.0
2010-10-18 05:00:00,2.010295848853473,0.1,230.0,8.740416734145535,0.0,0.0,0.0
2010-10-18 06:00:00,2.190544211319098,0.1,230.0,9.524105266604774,0.0,0.0,0.0
2010-10-18 07:00:00,2.476367816871304,0.1,230.0,10.766816595092626,0.0,0.0,0.0
2010-10-18 08:00:00,2.482271656831765,0.1,230.0,10.792485464485935,0.0,0.0,0.0
2010-10-18 09:00:00,2.477403916720947,0.1,230.0,10.771321377047595,0.0,0.0,0.0
2010-10-18 10:00:00,2.3808492760988322,0.1,230.0,10.351518591734054,0.0,0.0,0.0
2010-10-18 11:00:00,2.237578021496775,0.1,230.0,9.72860009346424,0.0,0.0,0.0
2010-10-18 12:00:00,2.0685179672587024,0.1,230.0,8.993556379385662,0.0,0.0,0.0
2010-10-18 13:00:00,2.099457804747517,0.1,230.0,9.128077411945727,0.0,0.0,0.0
2010-10-18 14:00:00,1.7812336863265117,0.1,230.0,7.744494288376138,0.0,0.0,0.0
2010-10-18 15:00:00,1.591675853243983,0.1,230.0,6.92032979671297,0.0,0.0,0.0
2010-10-18 16:00:00,1.2959846146020897,0.1,230.0,5.63471571566126,0.0,0.0,0.0
2010-10-18 17:00:00,0.856952366952772,0.1,230.0,3.7258798563164,0.0,0.0,0.0
2010-10-18 18:00:00,0.7751953936858282,0.1,230.0,3.3704147551557746,0.0,0.0,0.0
2010-10-18 19:00:00,0.6810829095543086,0.1,230.0,2.961230041540472,0.0,0.0,0.0
2010-10-18 20:00:00,0.6453464498124335,0.1,230.0,2.8058541296192763,0.0,0.0,0.0
2010-10-18 21:00:00,0.4809671500611859,0.1,230.0,2.091161522005156,0.0,0.0,0.0
2010-10-18 22:00:00,0.49370967814991307,0.1,230.0,2.1465638180431004,0.0,0.0,0.0
2010-10-18 23:00:00,0.5580620737026367,0.1,230.0,2.4263568421853767,0.0,0.0,0.0
2010-10-19 00:00:00,0.9406123312967047,0.1,230.0,4.0896188317248034,0.0,0.0,0.0
2010-10-19 01:00:00,1.084412450406008,0.1,230.0,4.714836740895687,0.0,0.0,0.0
2010-10-19 02:00:00,1.123608916905882,0.1,230.0,4.885256160460357,0.0,0.0,0.0
2010-10-19 03:00:00,1.2546270961253065,0.1,230.0,5.454900417936115,0.0,0.0,0.0
2010-10-19 04:00:00,1.7344115823646482,0.1,230.0,7.540919923324558,0.0,0.0,0.0
2010-10-19 05:00:00,1.968952598960636,0.1,230.0,8.560663473741895,0.0,0.0,0.0
2010-10-19 06:00:00,2.2475173775608974,0.1,230.0,9.77181468504738,0.0,0.0,0.0
2010-10-19 07:00:00,2.494975710144449,0.1,230.0,10.84772047888891,0.0,0.0,0.0
2010-10-19 08:00:00,2.4271648930335217,0.1,230.0,10.552890839276182,0.0,0.0,0.0
2010-10-19 09:00:00,2.503641919655779,0.1,230.0,10.8853996506773,0.0,0.0,0.0
2010-10-19 10:00:00,2.539461489960861,0.1,230.0,11.04113691287331,0.0,0.0,0.0
2010-10-19 11:00:00,2.383870085033859,0.1,230.0,10.364652543625475,0.0,0.0,0.0
2010-10-19 12:00:00,2.214108783410192,0.1,230.0,9.6265599278704,0.0,0.0,0.0
2010-10-19 13:00:00,2.065149716465401,0.1,230.0,8.978911810719135,0.0,0.0,0.0
2010-10-19 14:00:00,1.8698389462935816,0.1,230.0,8.129734549102528,0.0,0.0,0.0
2010-10-19 15:00:00,1.4736308619451548,0.1,230.0,6.407090704109368,0.0,0.0,0.0
2010-10-19 16:00:00,1.1313760283875944,0.1,230.0,4.919026210380846,0.0,0.0,0.0
2010-10-19 17:00:00,0.7604858461831435,0.1,230.0,3.306460200796276,0.0,0.0,0.0
2010-10-19 18:00:00,0.5977084073308371,0.1,230.0,2.598732205786248,0.0,0.0,0.0
2010-10-19 19:00:00,0.5923408327215514,0.1,230.0,2.5753949248763104,0.0,0.0,0.0
2010-10-19 20:00:00,0.38404425165110634,0.1,230.0,1.6697576158743752,0.0,0.0,0.0
2010-10-19 21:00:00,0.4526217566057556,0.1,230.0,1.9679206808945895,0.0,0.0,0.0
2010-10-19 22:00:00,0.5799932418438165,0.1,230.0,2.5217097471470282,0.0,0.0,0.0
2010-10-19 23:00:00,0.5423442510176251,0.1,230.0,2.3580184826853263,0.0,0.0,0.0
2010-10-20 00:00:00,0.7615860184521637,0.1,230.0,3.3112435584876683,0.0,0.0,0.0
2010-10-20 01:00:00,1.0323058084273584,0.1,230.0,4.48828612359721,0.0,0.0,0.0
2010-10-20 02:00:00,1.2393360796448036,0.1,230.0,5.388417737586103,0.0,0.0,0.0
2010-10-20 03:00:00,1.5035056785405265,0.1,230.0,6.5369812110457675,0.0,0.0,0.0
2010-10-20 04:00:00,1.5870384599907523,0.1,230.0,6.900167217351097,0.0,0.0,0.0
2010-10-20 05:00:00,1.9148060309185289,0.1,230.0,8.325243612689256,0.0,0.0,0.0
2010-10-20 06:00:00,2.191767994917576,0.1,230.0,9.529426064859026,0.0,0.0,0.0
2010-10-20 07:00:00,2.252814819968654,0.1,230.0,9.794847043341976,0.0,0.0,0.0
2010-10-20 08:00:00,2.596947720906128,0.1,230.0,11.291077047417946,0.0,0.0,0.0
2010-10-20 09:00:00,2.4348106732330685,0.1,230.0,10.586133361882906,0.0,0.0,0.0
2010-10-20 10:00:00,2.4947556842104444,0.1,230.0,10.846763844393237,0.0,0.0,0.0
2010-10-20 11:00:00,2.4253152676898293,0.1,230.0,10.54484898995578,0.0,0.0,0.0
2010-10-20 12:00:00,2.0648810595228935,0.1,230.0,8.977743737056057,0.0,0.0,0.0
2010-10-20 13:00:00,2.0576102829337577,0.1,230.0,8.946131664929382,0.0,0.0,0.0
2010-10-20 14:00:00,1.7617113772772268,0.1,230.0,7.65961468381403,0.0,0.0,0.0
2010-10-20 15:00:00,1.4103574625795638,0.1,230.0,6.131988967737234,0.0,0.0,0.0
2010-10-20 16:00:00,1.3067841497071664,0.1,230.0,5.681670216118114,0.0,0.0,0.0
2010-10-20 17:00:00,1.0175011384070691,0.1,230.0,4.423917993074213,0.0,0.0,0.0
2010-10-20 18:00:00,0.7628451035841961,0.1,230.0,3.3167178416704175,0.0,0.0,0.0
2010-10-20 19:00:00,0.6824724162296665,0.1,230.0,2.9672713749115935,0.0,0.0,0.0
2010-10-20 20:00:00,0.5017890223079033,0.1,230.0,2.18169140133871,0.0,0.0,0.0
2010-10-20 21:00:00,0.4864230201824292,0.1,230.0,2.1148826964453447,0.0,0.0,0.0
2010-10-20 22:00:00,0.5444370187585597,0.1,230.0,2.367117472863303,0.0,0.0,0.0
2010-10-20 23:00:00,0.5416173695895667,0.1,230.0,2.35485812865029,0.0,0.0,0.0
2010-10-21 00:00:00,0.7562793672526157,0.1,230.0,3.288171161967894,0.0,0.0,0.0
2010-10-21 01:00:00,1.0860542844958165,0.1,230.0,4.7219751499818114,0.0,0.0,0.0
2010-10-21 02:00:00,1.3311028603755022,0.1,230.0,5.787403740763053,0.0,0.0,0.0
2010-10-21 03:00:00,1.3713463506570802,0.1,230.0,5.962375437639479,0.0,0.0,0.0
2010-10-21 04:00:00,1.7872918306657206,0.1,230.0,7.770834046372698,0.0,0.0,0.0
2010-10-21 05:00:00,2.1379415221868863,0.1,230.0,9.295397922551679,0.0,0.0,0.0
2010-10-21 06:00:00,2.241319312238337,0.1,230.0,9.74486657494929,0.0,0.0,0.0
2010-10-21 07:00:00,2.404013248305289,0.1,230.0,10.452231514370823,0.0,0.0,0.0
2010-10-21 08:00:00,2.420560037369495,0.1,230.0,10.524174075519545,0.0,0.0,0.0
2010-10-21 09:00:00,2.354659643495463,0.1,230.0,10.237650623893318,0.0,0.0,0.0
2010-10-21 10:00:00,2.6744872646908533,0.1,230.0,11.628205498655884,0.0,0.0,0.0
2010-10-21 11:00:00,2.3960917676693305,0.1,230.0,10.41779029421448,0.0,0.0,0.0
2010-10-21 12:00:00,2.1513441535578974,0.1,230.0,9.353670232860424,0.0,0.0,0.0
2010-10-21 13:00:00,2.0446428679346087,0.1,230.0,8.889751599715689,0.0,0.0,0.0
2010-10-21 14:00:00,1.7852290168449847,0.1,230.0,7.761865290630368,0.0,0.0,0.0
2010-10-21 15:00:00,1.5442071089279128,0.1,230.0,6.71394395186049,0.0,0.0,0.0
2010-10-21 16:00:00,1.3229515376006156,0.1,230.0,5.751963206959198,0.0,0.0,0.0
2010-10-21 17:00:00,1.0196573927501626,0.1,230.0,4.433293011957229,0.0,0.0,0.0
2010-10-21 18:00:00,0.9499104871138581,0.1,230.0,4.130045596147209,0.0,0.0,0.0
2010-10-21 19:00:00,0.6525198846898046,0.1,230.0,2.837042976912194,0.0,0.0,0.0
2010-10-21 20:00:00,0.6057675601539255,0.1,230.0,2.633772000669241,0.0,0.0,0.0
2010-10-21 21:00:00,0.6552424653918458,0.1,230.0,2.848880284312373,0.0,0.0,0.0
2010-10-21 22:00:00,0.635148594110533,0.1,230.0,2.761515626567535,0.0,0.0,0.0
2010-10-21 23:00:00,0.5563180328388206,0.1,230.0,2.4187740558209594,0.0,0.0,0.0
2010-10-22 00:00:00,0.8871983887901237,0.1,230.0,3.857384299087494,0.0,0.0,0.0
2010-10-22 01:00:00,1.0545386435095452,0.1,230.0,4.584950623954544,0.0,0.0,0.0
2010-10-22 02:00:00,1.398930486763393,0.1,230.0,6.082306464188665,0.0,0.0,0.0
2010-10-22 03:00:00,1.5663661740976538,0.1,230.0,6.81028771346806,0.0,0.0,0.0
2010-10-22 04:00:00,1.62452581730352,0.1,230.0,7.063155727406609,0.0,0.0,0.0
2010-10-22 05:00:00,1.885342779809352,0.1,230.0,8.197142520910226,0.0,0.0,0.0
2010-10-22 06:00:00,2.154060380899607,0.1,230.0,9.365479916954813,0.0,0.0,0.0
2010-10-22 07:00:00,2.409486847147914,0.1,230.0,10.476029770208322,0.0,0.0,0.0
2010-10-22 08:00:00,2.5170088391478362,0.1,230.0,10.943516691947114,0.0,0.0,0.0
2010-10-22 09:00:00,2.4734927845272003,0.1,230.0,10.754316454466089,0.0,0.0,0.0
2010-10-22 10:00:00,2.48394857267103,0.1,230.0,10.799776402917521,0.0,0.0,0.0
2010-10-22 11:00:00,2.5043552622280982,0.1,230.0,10.888501140122166,0.0,0.0,0.0
2010-10-22 12:00:00,2.1037883785396856,0.1,230.0,9.146905993650808,0.0,0.0,0.0
2010-10-22 13:00:00,1.966398881974148,0.1,230.0,8.549560356409339,0.0,0.0,0.0
2010-10-22 14:00:00,1.8595884834567744,0.1,230.0,8.08516731937728,0.0,0.0,0.0
2010-10-22 15:00:00,1.5639538933702049,0.1,230.0,6.799799536392196,0.0,0.0,0.0
2010-10-22 16:00:00,1.4289411248770871,0.1,230.0,6.212787499465596,0.0,0.0,0.0
2010-10-22 17:00:00,0.9704277553250791,0.1,230.0,4.219251110109039,0.0,0.0,0.0
2010-10-22 18:00:00,0.6409953521805632,0.1,230.0,2.786936313828536,0.0,0.0,0.0
2010-10-22 19:00:00,0.581036435896927,0.1,230.0,2.5262453734648997,0.0,0.0,0.0
2010-10-22 20:00:00,0.5993029271742529,0.1,230.0,2.6056649007576214,0.0,0.0,0.0
2010-10-22 21:00:00,0.3390868602268389,0.1,230.0,1.4742906966384302,0.0,0.0,0.0
2010-10-22 22:00:00,0.48983936501282493,0.1,230.0,2.129736369620978,0.0,0.0,0.0
2010-10-22 23:00:00,0.6141967244899917,0.1,230.0,2.670420541260834,0.0,0.0,0.0
2010-10-23 00:00:00,1.1049085148408546,0.1,230.0,4.803950064525455,0.0,0.0,0.0
2010-10-23 01:00:00,1.2764404367010491,0.1,230.0,5.549741029134996,0.0,0.0,0.0
2010-10-23 02:00:00,1.4634619528070676,0.1,230.0,6.362878055682902,0.0,0.0,0.0
2010-10-23 03:00:00,1.739979295279034,0.1,230.0,7.565127370778408,0.0,0.0,0.0
2010-10-23 04:00:00,2.1400137359432656,0.1,230.0,9.304407547579416,0.0,0.0,0.0
2010-10-23 05:00:00,2.5979200612106466,0.1,230.0,11.295304613959333,0.0,0.0,0.0
2010-10-23 06:00:00,2.9899104433781836,0.1,230.0,12.999610623383408,0.0,0.0,0.0
2010-10-23 07:00:00,3.0020567382810013,0.1,230.0,13.052420601221746,0.0,0.0,0.0
2010-10-23 08:00:00,3.324619421835153,0.1,230.0,14.454867051457187,0.0,0.0,0.0
2010-10-23 09:00:00,3.2250154351793747,0.1,230.0,14.021806239910326,0.0,0.0,0.0
2010-10-23 10:00:00,3.145699468675325,0.1,230.0,13.676954211631847,0.0,0.0,0.0
2010-10-23 11:00:00,3.021159657948944,0.1,230.0,13.135476773691062,0.0,0.0,0.0
2010-10-23 12:00:00,2.599296082282593,0.1,230.0,11.301287314272143,0.0,0.0,0.0
2010-10-23 13:00:00,2.657733838050348,0.1,230.0,11.555364513262383,0.0,0.0,0.0
2010-10-23 14:00:00,2.5298167001831184,0.1,230.0,10.999203044274427,0.0,0.0,0.0
2010-10-23 15:00:00,1.856842681808798,0.1,230.0,8.0732290513426,0.0,0.0,0.0
2010-10-23 16:00:00,1.4563164520066054,0.1,230.0,6.3318106608982845,0.0,0.0,0.0
2010-10-23 17:00:00,1.425502548202356,0.1,230.0,6.1978371660972,0.0,0.0,0.0
2010-10-23 18:00:00,1.053707652247939,0.1,230.0,4.5813376184693,0.0,0.0,0.0
2010-10-23 19:00:00,0.8922882998728379,0.1,230.0,3.8795143472732083,0.0,0.0,0.0
2010-10-23 20:00:00,0.6626098178861443,0.1,230.0,2.880912251678888,0.0,0.0,0.0
2010-10-23 21:00:00,0.5786711796012377,0.1,230.0,2.515961650440164,0.0,0.0,0.0
2010-10-23 22:00:00,0.5582203691151557,0.1,230.0,2.4270450831093724,0.0,0.0,0.0
2010-10-23 23:00:00,0.803374861460319,0.1,230.0,3.4929341802622567,0.0,0.0,0.0
2010-10-24 00:00:00,1.1165341259620485,0.1,230.0,4.854496199834993,0.0,0.0,0.0
2010-10-24 01:00:00,1.2771028357285403,0.1,230.0,5.552621024906697,0.0,0.0,0.0
2010-10-24 02:00:00,1.6315197735284588,0.1,230.0,7.0935642327324295,0.0,0.0,0.0
2010-10-24 03:00:00,1.984936262107443,0.1,230.0,8.630157661336709,0.0,0.0,0.0
2010-10-24 04:00:00,2.1257739719638855,0.1,230.0,9.242495530277763,0.0,0.0,0.0
2010-10-24 05:00:00,2.442789710595773,0.1,230.0,10.620824828677275,0.0,0.0,0.0
2010-10-24 06:00:00,2.755233327892885,0.1,230.0,11.979275338664717,0.0,0.0,0.0
2010-10-24 07:00:00,3.2335455256926875,0.1,230.0,14.058893589968207,0.0,0.0,0.0
2010-10-24 08:00:00,3.1871116358142424,0.1,230.0,13.857007112235838,0.0,0.0,0.0
2010-10-24 09:00:00,3.323695703677364,0.1,230.0,14.450850885553757,0.0,0.0,0.0
2010-10-24 10:00:00,3.143541440946053,0.1,230.0,13.667571482374143,0.0,0.0,0.0
2010-10-24 11:00:00,3.009940504961824,0.1,230.0,13.086697847660105,0.0,0.0,0.0
2010-10-24 12:00:00,2.996694014125441,0.1,230.0,13.029104409241047,0.0,0.0,0.0
2010-10-24 13:00:00,2.536775351579511,0.1,230.0,11.0294580503457,0.0,0.0,0.0
2010-10-24 14:00:00,2.1331167869006946,0.1,230.0,9.274420812611716,0.0,0.0,0.0
2010-10-24 15:00:00,1.9899605023237426,0.1,230.0,8.652002184016272,0.0,0.0,0.0
2010-10-24 16:00:00,1.5925490207719117,0.1,230.0,6.924126177269182,0.0,0.0,0.0
2010-10-24 17:00:00,1.2145277840897821,0.1,230.0,5.280555582999052,0.0,0.0,0.0
2010-10-24 18:00:00,0.7913979729528159,0.1,230.0,3.4408607519687644,0.0,0.0,0.0
2010-10-24 19:00:00,0.8212579266303734,0.1,230.0,3.5706866375233632,0.0,0.0,0.0
2010-10-24 20:00:00,0.6565744055919008,0.1,230.0,2.854671328660438,0.0,0.0,0.0
2010-10-24 21:00:00,0.7261721216473518,0.1,230.0,3.1572700941189207,0.0,0.0,0.0
2010-10-24 22:00:00,0.7775128194779765,0.1,230.0,3.380490519469463,0.0,0.0,0.0
2010-10-24 23:00:00,0.8719680784041965,0.1,230.0,3.7911655582791153,0.0,0.0,0.0
2010-10-25 00:00:00,0.9323937420839723,0.1,230.0,4.053885835147706,0.0,0.0,0.0
2010-10-25 01:00:00,0.9975525883361946,0.1,230.0,4.337185166679107,0.0,0.0,0.0
2010-10-25 02:00:00,1.4433044321665562,0.1,230.0,6.2752366615937225,0.0,0.0,0.0
2010-10-25 03:00:00,1.5621214071888627,0.1,230.0,6.791832205168968,0.0,0.0,0.0
2010-10-25 04:00:00,1.623618460930319,0.1,230.0,7.059210699697039,0.0,0.0,0.0
2010-10-25 05:00:00,1.8886102406761485,0.1,230.0,8.211348872504994,0.0,0.0,0.0
2010-10-25 06:00:00,2.2311801813284244,0.1,230.0,9.700783397080107,0.0,0.0,0.0
2010-10-25 07:00:00,2.33537236943807,0.1,230.0,10.153792910600306,0.0,0.0,0.0
2010-10-25 08:00:00,2.4652491991153362,0.1,230.0,10.718474778762332,0.0,0.0,0.0
2010-10-25 09:00:00,2.403728887942059,0.1,230.0,10.450995164965473,0.0,0.0,0.0
2010-10-25 10:00:00,2.505281386246905,0.1,230.0,10.892527766290891,0.0,0.0,0.0
2010-10-25 11:00:00,2.3095396038956406,0.1,230.0,10.041476538676697,0.0,0.0,0.0
2010-10-25 12:00:00,2.3087002791906013,0.1,230.0,10.0378273008287,0.0,0.0,0.0
2010-10-25 13:00:00,1.9310294782060475,0.1,230.0,8.395780340026294,0.0,0.0,0.0
2010-10-25 14:00:00,1.5832554113831212,0.1,230.0,6.883719179926613,0.0,0.0,0.0
2010-10-25 15:00:00,1.4570463689341042,0.1,230.0,6.334984212756975,0.0,0.0,0.0
2010-10-25 16:00:00,1.410322836106832,0.1,230.0,6.131838417855792,0.0,0.0,0.0
2010-10-25 17:00:00,1.022597965801684,0.1,230.0,4.446078112181234,0.0,0.0,0.0
2010-10-25 18:00:00,0.8614735628098436,0.1,230.0,3.7455372296080154,0.0,0.0,0.0
2010-10-25 19:00:00,0.7747894994288103,0.1,230.0,3.3686499975165662,0.0,0.0,0.0
2010-10-25 20:00:00,0.4772966273241099,0.1,230.0,2.07520272749613,0.0,0.0,0.0
2010-10-25 21:00:00,0.6556880337085506,0.1,230.0,2.850817537863263,0.0,0.0,0.0
2010-10-25 22:00:00,0.5815558324008439,0.1,230.0,2.5285036191341037,0.0,0.0,0.0
2010-10-25 23:00:00,0.46962869582569877,0.1,230.0,2.0418638948943424,0.0,0.0,0.0
2010-10-26 00:00:00,1.002312391573665,0.1,230.0,4.357879963363761,0.0,0.0,0.0
2010-10-26 01:00:00,0.9269674406744957,0.1,230.0,4.030293220323894,0.0,0.0,0.0
2010-10-26 02:00:00,1.126860728249828,0.1,230.0,4.899394470651426,0.0,0.0,0.0
2010-10-26 03:00:00,1.5567261869930662,0.1,230.0,6.76837472605681,0.0,0.0,0.0
2010-10-26 04:00:00,1.688321222870651,0.1,230.0,7.340527055959352,0.0,0.0,0.0
2010-10-26 05:00:00,2.1100496059778555,0.1,230.0,9.17412872164285,0.0,0.0,0.0
2010-10-26 06:00:00,2.2000063665489615,0.1,230.0,9.565245071952006,0.0,0.0,0.0
2010-10-26 07:00:00,2.391359416715193,0.1,230.0,10.39721485528345,0.0,0.0,0.0
2010-10-26 08:00:00,2.581430023872452,0.1,230.0,11.223608799445444,0.0,0.0,0.0
2010-10-26 09:00:00,2.7056767759823,0.1,230.0,11.763812069488262,0.0,0.0,0.0
2010-10-26 10:00:00,2.4006226132179713,0.1,230.0,10.437489622686831,0.0,0.0,0.0
2010-10-26 11:00:00,2.3337569137209595,0.1,230.0,10.146769190091128,0.0,0.0,0.0
2010-10-26 12:00:00,1.9970957801309464,0.1,230.0,8.683025131004115,0.0,0.0,0.0
2010-10-26 13:00:00,2.072670359527425,0.1,230.0,9.011610258814892,0.0,0.0,0.0
2010-10-26 14:00:00,1.8555436358562445,0.1,230.0,8.067581025461932,0.0,0.0,0.0
2010-10-26 15:00:00,1.6152403072132187,0.1,230.0,7.022783944405298,0.0,0.0,0.0
2010-10-26 16:00:00,1.1883739704064256,0.1,230.0,5.1668433495931545,0.0,0.0,0.0
2010-10-26 17:00:00,0.9699671016815697,0.1,230.0,4.217248268180738,0.0,0.0,0.0
2010-10-26 18:00:00,0.8654746638999944,0.1,230.0,3.7629333213043235,0.0,0.0,0.0
2010-10-26 19:00:00,0.5009333223624367,0.1,230.0,2.177970966793203,0.0,0.0,0.0
2010-10-26 20:00:00,0.32221115083503454,0.1,230.0,1.4009180471088458,0.0,0.0,0.0
2010-10-26 21:00:00,0.5362787277453237,0.1,230.0,2.331646642370973,0.0,0.0,0.0
2010-10-26 22:00:00,0.3276456244941145,0.1,230.0,1.4245461934526717,0.0,0.0,0.0
2010-10-26 23:00:00,0.7555276053822841,0.1,230.0,3.2849026320968875,0.0,0.0,0.0
2010-10-27 00:00:00,0.8273759981660553,0.1,230.0,3.5972869485480663,0.0,0.0,0.0
2010-10-27 01:00:00,1.0518352205873027,0.1,230.0,4.573196611249142,0.0,0.0,0.0
2010-10-27 02:00:00,1.21674143560525,0.1,230.0,5.290180154805435,0.0,0.0,0.0
2010-10-27 03:00:00,1.5018011478199196,0.1,230.0,6.529570207912694,0.0,0.0,0.0
2010-10-27 04:00:00,1.7756906523829508,0.1,230.0,7.720394140795438,0.0,0.0,0.0
2010-10-27 05:00:00,1.8947986826277092,0.1,230.0,8.238255141859606,0.0,0.0,0.0
2010-10-27 06:00:00,2.271561884940531,0.1,230.0,9.87635602148057,0.0,0.0,0.0
2010-10-27 07:00:00,2.494673572996811,0.1,230.0,10.846406839116568,0.0,0.0,0.0
2010-10-27 08:00:00,2.4708151752384637,0.1,230.0,10.742674674949843,0.0,0.0,0.0
2010-10-27 09:00:00,2.4562788731629235,0.1,230.0,10.679473361577928,0.0,0.0,0.0
2010-10-27 10:00:00,2.5547179819342385,0.1,230.0,11.107469486670603,0.0,0.0,0.0
2010-10-27 11:00:00,2.555528458603467,0.1,230.0,11.110993298275943,0.0,0.0,0.0
2010-10-27 12:00:00,2.1361639684989346,0.1,230.0,9.287669428256237,0.0,0.0,0.0
2010-10-27 13:00:00,1.8800782503225715,0.1,230.0,8.17425326227205,0.0,0.0,0.0
2010-10-27 14:00:00,1.8683056476530933,0.1,230.0,8.123068033274318,0.0,0.0,0.0
2010-10-27 15:00:00,1.3209514531191566,0.1,230.0,5.743267187474594,0.0,0.0,0.0
2010-10-27 16:00:00,1.3319966715929727,0.1,230.0,5.791289876491185,0.0,0.0,0.0
2010-10-27 17:00:00,1.096172199277366,0.1,230.0,4.765966083814636,0.0,0.0,0.0
2010-10-27 18:00:00,0.7370690026585972,0.1,230.0,3.2046478376460747,0.0,0.0,0.0
2010-10-27 19:00:00,0.631391398828391,0.1,230.0,2.745179994906048,0.0,0.0,0.0
2010-10-27 20:00:00,0.5834386111961245,0.1,230.0,2.5366896138961934,0.0,0.0,0.0
2010-10-27 21:00:00,0.7212349479608045,0.1,230.0,3.135804121568715,0.0,0.0,0.0
2010-10-27 22:00:00,0.39811106383659944,0.1,230.0,1.7309176688547803,0.0,0.0,0.0
2010-10-27 23:00:00,0.5324295078426559,0.1,230.0,2.3149109036637214,0.0,0.0,0.0
2010-10-28 00:00:00,0.9473425736452017,0.1,230.0,4.118880754979138,0.0,0.0,0.0
2010-10-28 01:00:00,1.1050758025761627,0.1,230.0,4.804677402505055,0.0,0.0,0.0
2010-10-28 02:00:00,1.312374198227354,0.1,230.0,5.70597477490154,0.0,0.0,0.0
2010-10-28 03:00:00,1.5061726728617642,0.1,230.0,6.548576838529409,0.0,0.0,0.0
2010-10-28 04:00:00,1.6614762985074467,0.1,230.0,7.2238099935106375,0.0,0.0,0.0
2010-10-28 05:00:00,2.086250732314902,0.1,230.0,9.070655357890878,0.0,0.0,0.0
2010-10-28 06:00:00,2.2429895040515997,0.1,230.0,9.752128278485216,0.0,0.0,0.0
2010-10-28 07:00:00,2.2084299240240397,0.1,230.0,9.601869234887129,0.0,0.0,0.0
2010-10-28 08:00:00,2.366345318061171,0.1,230.0,10.288457904613786,0.0,0.0,0.0
2010-10-28 09:00:00,2.553609280989037,0.1,230.0,11.10264904777842,0.0,0.0,0.0
2010-10-28 10:00:00,2.5145597319925095,0.1,230.0,10.932868399967433,0.0,0.0,0.0
2010-10-28 11:00:00,2.2254830417564224,0.1,230.0,9.676013225027924,0.0,0.0,0.0
2010-10-28 12:00:00,2.074899179990087,0.1,230.0,9.021300782565596,0.0,0.0,0.0
2010-10-28 13:00:00,2.0889646798951436,0.1,230.0,9.082455129978884,0.0,0.0,0.0
2010-10-28 14:00:00,1.8170178437267883,0.1,230.0,7.900077581420819,0.0,0.0,0.0
2010-10-28 15:00:00,1.5157073334234603,0.1,230.0,6.590031884449828,0.0,0.0,0.0
2010-10-28 16:00:00,1.2418554447651822,0.1,230.0,5.399371498979053,0.0,0.0,0.0
2010-10-28 17:00:00,1.025457176700437,0.1,230.0,4.458509463914943,0.0,0.0,0.0
2010-10-28 18:00:00,0.7910969487640702,0.1,230.0,3.4395519511481316,0.0,0.0,0.0
2010-10-28 19:00:00,0.6233672856297086,0.1,230.0,2.7102925462161243,0.0,0.0,0.0
2010-10-28 20:00:00,0.48411631187106235,0.1,230.0,2.104853529874184,0.0,0.0,0.0
2010-10-28 21:00:00,0.266902979316153,0.1,230.0,1.160447736157187,0.0,0.0,0.0
2010-10-28 22:00:00,0.43491024719750054,0.1,230.0,1.8909141182500024,0.0,0.0,0.0
2010-10-28 23:00:00,0.8363570116808423,0.1,230.0,3.6363348333949665,0.0,0.0,0.0
2010-10-29 00:00:00,0.8319332126675926,0.1,230.0,3.617100924641707,0.0,0.0,0.0
2010-10-29 01:00:00,0.9778522713838708,0.1,230.0,4.251531614712482,0.0,0.0,0.0
2010-10-29 02:00:00,1.3555278821620138,0.1,230.0,5.8935994876609294,0.0,0.0,0.0
2010-10-29 03:00:00,1.4092868665624707,0.1,230.0,6.1273342024455255,0.0,0.0,0.0
2010-10-29 04:00:00,1.7859155317070976,0.1,230.0,7.764850137856946,0.0,0.0,0.0
2010-10-29 05:00:00,2.1389374356613122,0.1,230.0,9.29972798113614,0.0,0.0,0.0
2010-10-29 06:00:00,2.126377024528347,0.1,230.0,9.245117497949336,0.0,0.0,0.0
2010-10-29 07:00:00,2.2552370212716126,0.1,230.0,9.805378353354838,0.0,0.0,0.0
2010-10-29 08:00:00,2.64176229771648,0.1,230.0,11.485923033549911,0.0,0.0,0.0
2010-10-29 09:00:00,2.565004861756122,0.1,230.0,11.152195051113575,0.0,0.0,0.0
2010-10-29 10:00:00,2.4341549673456595,0.1,230.0,10.583282466720258,0.0,0.0,0.0
2010-10-29 11:00:00,2.174371230698875,0.1,230.0,9.453787959560326,0.0,0.0,0.0
2010-10-29 12:00:00,2.2788088838605933,0.1,230.0,9.90786471243736,0.0,0.0,0.0
2010-10-29 13:00:00,2.0513172106677215,0.1,230.0,8.918770481164007,0.0,0.0,0.0
2010-10-29 14:00:00,1.6492569341666345,0.1,230.0,7.170682322463628,0.0,0.0,0.0
2010-10-29 15:00:00,1.496755267721661,0.1,230.0,6.50763159878983,0.0,0.0,0.0
2010-10-29 16:00:00,1.1674425731716187,0.1,230.0,5.075837274659212,0.0,0.0,0.0
2010-10-29 17:00:00,1.0340260967531596,0.1,230.0,4.4957656380572155,0.0,0.0,0.0
2010-10-29 18:00:00,0.7069669516572502,0.1,230.0,3.073769355031523,0.0,0.0,0.0
2010-10-29 19:00:00,0.5218044398898253,0.1,230.0,2.2687149560427184,0.0,0.0,0.0
2010-10-29 20:00:00,0.5812688354695098,0.1,230.0,2.527255806389173,0.0,0.0,0.0
2010-10-29 21:00:00,0.6485759913720589,0.1,230.0,2.8198956146611254,0.0,0.0,0.0
2010-10-29 22:00:00,0.5813111659652018,0.1,230.0,2.5274398520226162,0.0,0.0,0.0
2010-10-29 23:00:00,0.7054544675955594,0.1,230.0,3.0671933373719975,0.0,0.0,0.0
2010-10-30 00:00:00,0.976112124687422,0.1,230.0,4.24396575951053,0.0,0.0,0.0
2010-10-30 01:00:00,1.115697992140122,0.1,230.0,4.850860835391835,0.0,0.0,0.0
2010-10-30 02:00:00,1.564958135654707,0.1,230.0,6.804165807194379,0.0,0.0,0.0
2010-10-30 03:00:00,2.0329643917216047,0.1,230.0,8.838975616180889,0.0,0.0,0.0
2010-10-30 04:00:00,2.4044822670030417,0.1,230.0,10.454270726100182,0.0,0.0,0.0
2010-10-30 05:00:00,2.536875421344344,0.1,230.0,11.029893136279757,0.0,0.0,0.0
2010-10-30 06:00:00,2.8406801835629296,0.1,230.0,12.350783406795346,0.0,0.0,0.0
2010-10-30 07:00:00,3.1472181915082196,0.1,230.0,13.683557354383563,0.0,0.0,0.0
2010-10-30 08:00:00,3.2085474403618917,0.1,230.0,13.950206262443007,0.0,0.0,0.0
2010-10-30 09:00:00,3.193490925193122,0.1,230.0,13.884743153013572,0.0,0.0,0.0
2010-10-30 10:00:00,3.343109024141055,0.1,230.0,14.53525662670024,0.0,0.0,0.0
2010-10-30 11:00:00,2.9946568266864055,0.1,230.0,13.020247072549589,0.0,0.0,0.0
2010-10-30 12:00:00,2.876623249603948,0.1,230.0,12.507057606973687,0.0,0.0,0.0
2010-10-30 13:00:00,2.5388742903075783,0.1,230.0,11.038583870902514,0.0,0.0,0.0
2010-10-30 14:00:00,2.2858056617049267,0.1,230.0,9.938285485673596,0.0,0.0,0.0
2010-10-30 15:00:00,1.8699349109567676,0.1,230.0,8.130151786768554,0.0,0.0,0.0
2010-10-30 16:00:00,1.6711587214506665,0.1,230.0,7.265907484568115,0.0,0.0,0.0
2010-10-30 17:00:00,1.1651564740209244,0.1,230.0,5.065897713134454,0.0,0.0,0.0
2010-10-30 18:00:00,0.9151508452778028,0.1,230.0,3.9789167185991423,0.0,0.0,0.0
2010-10-30 19:00:00,0.9217053405358653,0.1,230.0,4.007414524068979,0.0,0.0,0.0
2010-10-30 20:00:00,0.6987982530966715,0.1,230.0,3.0382532743333543,0.0,0.0,0.0
2010-10-30 21:00:00,0.7500774304583422,0.1,230.0,3.2612062193840963,0.0,0.0,0.0
2010-10-30 22:00:00,0.628943435634685,0.1,230.0,2.7345366766725436,0.0,0.0,0.0
2010-10-30 23:00:00,0.7059761421026416,0.1,230.0,3.0694614874027892,0.0,0.0,0.0
2010-10-31 00:00:00,1.0605026374409638,0.1,230.0,4.610881032352016,0.0,0.0,0.0
2010-10-31 01:00:00,1.261929676914291,0.1,230.0,5.486650769192569,0.0,0.0,0.0
2010-10-31 02:00:00,1.6459397888671237,0.1,230.0,7.156259951596191,0.0,0.0,0.0
2010-10-31 03:00:00,1.880269080449237,0.1,230.0,8.175082958474944,0.0,0.0,0.0
2010-10-31 04:00:00,2.163902521391596,0.1,230.0,9.408271832137375,0.0,0.0,0.0
2010-10-31 05:00:00,2.65135716599955,0.1,230.0,11.527639852171957,0.0,0.0,0.0
2010-10-31 06:00:00,2.8510202972782372,0.1,230.0,12.395740422948858,0.0,0.0,0.0
2010-10-31 07:00:00,3.1057341541993884,0.1,230.0,13.503191974779948,0.0,0.0,0.0
2010-10-31 08:00:00,3.0522634867709795,0.1,230.0,13.270710812047737,0.0,0.0,0.0
2010-10-31 09:00:00,3.3668823724719155,0.1,230.0,14.638619010747458,0.0,0.0,0.0
2010-10-31 10:00:00,3.2812279708659284,0.1,230.0,14.266208568982298,0.0,0.0,0.0
2010-10-31 11:00:00,2.9901956022693543,0.1,230.0,13.000850444649366,0.0,0.0,0.0
2010-10-31 12:00:00,2.8723248066042864,0.1,230.0,12.488368724366463,0.0,0.0,0.0
2010-10-31 13:00:00,2.7439222430957564,0.1,230.0,11.930096709111986,0.0,0.0,0.0
2010-10-31 14:00:00,2.129068048455996,0.1,230.0,9.25681760198259,0.0,0.0,0.0
2010-10-31 15:00:00,2.041123127135616,0.1,230.0,8.874448378850504,0.0,0.0,0.0
2010-10-31 16:00:00,1.5330940795925285,0.1,230.0,6.665626433010994,0.0,0.0,0.0
2010-10-31 17:00:00,1.175393776993894,0.1,230.0,5.1104077260604095,0.0,0.0,0.0
2010-10-31 18:00:00,1.1384303359295842,0.1,230.0,4.949697112737322,0.0,0.0,0.0
2010-10-31 19:00:00,0.9350630068652459,0.1,230.0,4.065491334196722,0.0,0.0,0.0
2010-10-31 20:00:00,0.5904663263801323,0.1,230.0,2.567244897304923,0.0,0.0,0.0
2010-10-31 21:00:00,0.7705357725520112,0.1,230.0,3.3501555328348314,0.0,0.0,0.0
2010-10-31 22:00:00,0.5868748445999448,0.1,230.0,2.551629759130195,0.0,0.0,0.0
2010-10-31 23:00:00,0.6518696962033061,0.1,230.0,2.8342160704491572,0.0,0.0,0.0
2010-11-01 00:00:00,0.762902199043251,0.1,230.0,3.3169660827967435,0.0,0.0,0.0
2010-11-01 01:00:00,0.9774692231331773,0.1,230.0,4.249866187535553,0.0,0.0,0.0
2010-11-01 02:00:00,1.274390136790937,0.1,230.0,5.540826681699725,0.0,0.0,0.0
2010-11-01 03:00:00,1.6448817592930205,0.1,230.0,7.151659823013132,0.0,0.0,0.0
2010-11-01 04:00:00,1.704766539068453,0.1,230.0,7.412028430732405,0.0,0.0,0.0
2010-11-01 05:00:00,2.0658914020100334,0.1,230.0,8.982136530478405,0.0,0.0,0.0
2010-11-01 06:00:00,2.141601344471245,0.1,230.0,9.311310193353238,0.0,0.0,0.0
2010-11-01 07:00:00,2.466935753487911,0.1,230.0,10.725807623860483,0.0,0.0,0.0
2010-11-01 08:00:00,2.356912861491059,0.1,230.0,10.247447223874168,0.0,0.0,0.0
2010-11-01 09:00:00,2.5494884996110305,0.1,230.0,11.08473260700448,0.0,0.0,0.0
2010-11-01 10:00:00,2.4496214071908002,0.1,230.0,10.650527857351305,0.0,0.0,0.0
2010-11-01 11:00:00,2.533010208895662,0.1,230.0,11.013087864763747,0.0,0.0,0.0
2010-11-01 12:00:00,2.1969842286832355,0.1,230.0,9.552105342101024,0.0,0.0,0.0
2010-11-01 13:00:00,2.0700920203746067,0.1,230.0,9.000400088585247,0.0,0.0,0.0
2010-11-01 14:00:00,1.6011974571821774,0.1,230.0,6.961728074705119,0.0,0.0,0.0
2010-11-01 15:00:00,1.4259324607577928,0.1,230.0,6.199706351120838,0.0,0.0,0.0
2010-11-01 16:00:00,1.1956584435506277,0.1,230.0,5.198514971959251,0.0,0.0,0.0
2010-11-01 17:00:00,1.0239620463948884,0.1,230.0,4.45200889736908,0.0,0.0,0.0
2010-11-01 18:00:00,0.8730826906550063,0.1,230.0,3.7960116985000276,0.0,0.0,0.0
2010-11-01 19:00:00,0.6148867988371874,0.1,230.0,2.6734208645095108,0.0,0.0,0.0
2010-11-01 20:00:00,0.4460574508211384,0.1,230.0,1.9393802209614712,0.0,0.0,0.0
2010-11-01 21:00:00,0.5546275720737487,0.1,230.0,2.4114242264076027,0.0,0.0,0.0
2010-11-01 22:00:00,0.5566145426031185,0.1,230.0,2.420063228709211,0.0,0.0,0.0
2010-11-01 23:00:00,0.48707497502164243,0.1,230.0,2.117717282702793,0.0,0.0,0.0
2010-11-02 00:00:00,0.6464444398333865,0.1,230.0,2.810627999275593,0.0,0.0,0.0
2010-11-02 01:00:00,0.9206796461004704,0.1,230.0,4.002954983045523,0.0,0.0,0.0
2010-11-02 02:00:00,1.1957789244986563,0.1,230.0,5.199038802168071,0.0,0.0,0.0
2010-11-02 03:00:00,1.4616219918456381,0.1,230.0,6.354878225415818,0.0,0.0,0.0
2010-11-02 04:00:00,1.9399427098633106,0.1,230.0,8.434533521144829,0.0,0.0,0.0
2010-11-02 05:00:00,1.8470573916105695,0.1,230.0,8.030684311350303,0.0,0.0,0.0
2010-11-02 06:00:00,2.2304350012723604,0.1,230.0,9.69754348379287,0.0,0.0,0.0
2010-11-02 07:00:00,2.386658165955793,0.1,230.0,10.376774634590404,0.0,0.0,0.0
2010-11-02 08:00:00,2.3577241666350517,0.1,230.0,10.250974637543704,0.0,0.0,0.0
2010-11-02 09:00:00,2.470703168615864,0.1,230.0,10.742187689634191,0.0,0.0,0.0
2010-11-02 10:00:00,2.4339299801297924,0.1,230.0,10.582304261433881,0.0,0.0,0.0
2010-11-02 11:00:00,2.5184107730074925,0.1,230.0,10.949612056554315,0.0,0.0,0.0
2010-11-02 12:00:00,2.3294719601513565,0.1,230.0,10.12813895717981,0.0,0.0,0.0
2010-11-02 13:00:00,1.9656484458110577,0.1,230.0,8.54629759048286,0.0,0.0,0.0
2010-11-02 14:00:00,1.81840937720908,0.1,230.0,7.906127726995999,0.0,0.0,0.0
2010-11-02 15:00:00,1.4354146621865527,0.1,230.0,6.240933313854577,0.0,0.0,0.0
2010-11-02 16:00:00,1.373127809795248,0.1,230.0,5.970120912153252,0.0,0.0,0.0
2010-11-02 17:00:00,1.156160563901514,0.1,230.0,5.026785060441365,0.0,0.0,0.0
2010-11-02 18:00:00,0.9059553280035698,0.1,230.0,3.938936208711173,0.0,0.0,0.0
2010-11-02 19:00:00,0.6553261911425194,0.1,230.0,2.849244309315302,0.0,0.0,0.0
2010-11-02 20:00:00,0.5601339393913101,0.1,230.0,2.435364953875261,0.0,0.0,0.0
2010-11-02 21:00:00,0.4538204147658753,0.1,230.0,1.9731322381125012,0.0,0.0,0.0
2010-11-02 22:00:00,0.6448691474253333,0.1,230.0,2.803778901849275,0.0,0.0,0.0
2010-11-02 23:00:00,0.5103307136546416,0.1,230.0,2.2188291898027894,0.0,0.0,0.0
2010-11-03 00:00:00,0.7968185376702512,0.1,230.0,3.464428424653266,0.0,0.0,0.0
2010-11-03 01:00:00,0.8231399611967012,0.1,230.0,3.5788693965073963,0.0,0.0,0.0
2010-11-03 02:00:00,1.1912278141880497,0.1,230.0,5.179251366034999,0.0,0.0,0.0
2010-11-03 03:00:00,1.4722316461222043,0.1,230.0,6.401007157053062,0.0,0.0,0.0
2010-11-03 04:00:00,1.7705377985320054,0.1,230.0,7.697990428400023,0.0,0.0,0.0
2010-11-03 05:00:00,2.08294578690793,0.1,230.0,9.056286030034478,0.0,0.0,0.0
2010-11-03 06:00:00,2.17452092769971,0.1,230.0,9.454438816085696,0.0,0.0,0.0
2010-11-03 07:00:00,2.46748887493514,0.1,230.0,10.728212499718,0.0,0.0,0.0
2010-11-03 08:00:00,2.3463414915797065,0.1,230.0,10.201484745998725,0.0,0.0,0.0
2010-11-03 09:00:00,2.5114341562841913,0.1,230.0,10.91927894036605,0.0,0.0,0.0
2010-11-03 10:00:00,2.4460417208958383,0.1,230.0,10.63496400389495,0.0,0.0,0.0
2010-11-03 11:00:00,2.301602312775384,0.1,230.0,10.00696657728428,0.0,0.0,0.0
2010-11-03 12:00:00,2.208746633309914,0.1,230.0,9.603246231782235,0.0,0.0,0.0
2010-11-03 13:00:00,1.9129591781017365,0.1,230.0,8.317213817833638,0.0,0.0,0.0
2010-11-03 14:00:00,1.7235224490171548,0.1,230.0,7.493575865291977,0.0,0.0,0.0
2010-11-03 15:00:00,1.350132632707093,0.1,230.0,5.870141881335187,0.0,0.0,0.0
2010-11-03 16:00:00,1.224762712340606,0.1,230.0,5.3250552710461125,0.0,0.0,0.0
2010-11-03 17:00:00,1.0926897811655045,0.1,230.0,4.750825135502193,0.0,0.0,0.0
2010-11-03 18:00:00,0.7825812107064282,0.1,230.0,3.4025270030714267,0.0,0.0,0.0
2010-11-03 19:00:00,0.6143321754690617,0.1,230.0,2.6710094585611377,0.0,0.0,0.0
2010-11-03 20:00:00,0.6170236855842098,0.1,230.0,2.6827116764530863,0.0,0.0,0.0
2010-11-03 21:00:00,0.5561314467911573,0.1,230.0,2.417962812135467,0.0,0.0,0.0
2010-11-03 22:00:00,0.6018576990219051,0.1,230.0,2.6167726044430655,0.0,0.0,0.0
2010-11-03 23:00:00,0.8662977854054003,0.1,230.0,3.766512110458262,0.0,0.0,0.0
2010-11-04 00:00:00,0.8932797331924427,0.1,230.0,3.8838249269236638,0.0,0.0,0.0
2010-11-04 01:00:00,1.2607595999797718,0.1,230.0,5.481563478172921,0.0,0.0,0.0
2010-11-04 02:00:00,1.2867585758444955,0.1,230.0,5.5946025036717195,0.0,0.0,0.0
2010-11-04 03:00:00,1.4442562952139109,0.1,230.0,6.279375196582221,0.0,0.0,0.0
2010-11-04 04:00:00,1.7894446927211338,0.1,230.0,7.780194316178843,0.0,0.0,0.0
2010-11-04 05:00:00,1.9716138594108776,0.1,230.0,8.572234171351642,0.0,0.0,0.0
2010-11-04 06:00:00,2.232857952359172,0.1,230.0,9.70807805373553,0.0,0.0,0.0
2010-11-04 07:00:00,2.4010709031011706,0.1,230.0,10.439438709135525,0.0,0.0,0.0
2010-11-04 08:00:00,2.4782793392635947,0.1,230.0,10.775127562015628,0.0,0.0,0.0
2010-11-04 09:00:00,2.4925891998418854,0.1,230.0,10.837344347138632,0.0,0.0,0.0
2010-11-04 10:00:00,2.2514438495264475,0.1,230.0,9.788886302288903,0.0,0.0,0.0
2010-11-04 11:00:00,2.3325713399261563,0.1,230.0,10.14161452141807,0.0,0.0,0.0
2010-11-04 12:00:00,2.2235029800608697,0.1,230.0,9.667404261134216,0.0,0.0,0.0
2010-11-04 13:00:00,1.8859480439024743,0.1,230.0,8.1997741039238,0.0,0.0,0.0
2010-11-04 14:00:00,1.572891774586262,0.1,230.0,6.838659889505487,0.0,0.0,0.0
2010-11-04 15:00:00,1.652989041293938,0.1,230.0,7.186908875191035,0.0,0.0,0.0
2010-11-04 16:00:00,1.0505290113411874,0.1,230.0,4.567517440613859,0.0,0.0,0.0
2010-11-04 17:00:00,1.156764075287455,0.1,230.0,5.029409022988935,0.0,0.0,0.0
2010-11-04 18:00:00,0.735721301825032,0.1,230.0,3.198788268804487,0.0,0.0,0.0
2010-11-04 19:00:00,0.5882628043303587,0.1,230.0,2.5576643666537335,0.0,0.0,0.0
2010-11-04 20:00:00,0.41601030287507357,0.1,230.0,1.8087404472829287,0.0,0.0,0.0
2010-11-04 21:00:00,0.5972198074059268,0.1,230.0,2.5966078582866388,0.0,0.0,0.0
2010-11-04 22:00:00,0.3379972577912725,0.1,230.0,1.469553294744663,0.0,0.0,0.0
2010-11-04 23:00:00,0.79418124536314,0.1,230.0,3.4529619363614787,0.0,0.0,0.0
2010-11-05 00:00:00,0.8053820249644656,0.1,230.0,3.5016609781063726,0.0,0.0,0.0
2010-11-05 01:00:00,1.055218199253555,0.1,230.0,4.587905214145891,0.0,0.0,0.0
2010-11-05 02:00:00,1.3739987831013902,0.1,230.0,5.97390775261474,0.0,0.0,0.0
2010-11-05 03:00:00,1.66595537773807,0.1,230.0,7.243284251035087,0.0,0.0,0.0
2010-11-05 04:00:00,1.8483913560930019,0.1,230.0,8.036484156926095,0.0,0.0,0.0
2010-11-05 05:00:00,1.8524376309172774,0.1,230.0,8.054076656162076,0.0,0.0,0.0
2010-11-05 06:00:00,2.302644754120124,0.1,230.0,10.011498930957062,0.0,0.0,0.0
2010-11-05 07:00:00,2.251814251634717,0.1,230.0,9.790496746237901,0.0,0.0,0.0
2010-11-05 08:00:00,2.2816284445734074,0.1,230.0,9.920123672058292,0.0,0.0,0.0
2010-11-05 09:00:00,2.4466961482785,0.1,230.0,10.637809340341304,0.0,0.0,0.0
2010-11-05 10:00:00,2.428210926018015,0.1,230.0,10.557438808773979,0.0,0.0,0.0
2010-11-05 11:00:00,2.3990734306042216,0.1,230.0,10.430754046105312,0.0,0.0,0.0
2010-11-05 12:00:00,2.1016631905815037,0.1,230.0,9.137666046006538,0.0,0.0,0.0
2010-11-05 13:00:00,1.9746567017880092,0.1,230.0,8.585463920817432,0.0,0.0,0.0
2010-11-05 14:00:00,1.5567591982077933,0.1,230.0,6.768518253077363,0.0,0.0,0.0
2010-11-05 15:00:00,1.471683436977795,0.1,230.0,6.39862363903389,0.0,0.0,0.0
2010-11-05 16:00:00,1.5211154874849098,0.1,230.0,6.613545597760478,0.0,0.0,0.0
2010-11-05 17:00:00,0.9861089915729915,0.1,230.0,4.287430398143441,0.0,0.0,0.0
2010-11-05 18:00:00,0.8245444109440054,0.1,230.0,3.5849756997565456,0.0,0.0,0.0
2010-11-05 19:00:00,0.6831934557874654,0.1,230.0,2.9704063295107193,0.0,0.0,0.0
2010-11-05 20:00:00,0.3401173820077593,0.1,230.0,1.4787712261206927,0.0,0.0,0.0
2010-11-05 21:00:00,0.3561442683846854,0.1,230.0,1.54845334080298,0.0,0.0,0.0
2010-11-05 22:00:00,0.4093371433891704,0.1,230.0,1.7797267103876973,0.0,0.0,0.0
2010-11-05 23:00:00,0.5145864982158311,0.1,230.0,2.2373326009383963,0.0,0.0,0.0
2010-11-06 00:00:00,1.236474808731199,0.1,230.0,5.375977429266082,0.0,0.0,0.0
2010-11-06 01:00:00,1.317265771916538,0.1,230.0,5.727242486593643,0.0,0.0,0.0
2010-11-06 02:00:00,1.5458514993951402,0.1,230.0,6.7210934756310445,0.0,0.0,0.0
2010-11-06 03:00:00,1.930245294201028,0.1,230.0,8.392370844352296,0.0,0.0,0.0
2010-11-06 04:00:00,2.376235246964192,0.1,230.0,10.331457595496486,0.0,0.0,0.0
2010-11-06 05:00:00,2.5834737639705607,0.1,230.0,11.23249462595896,0.0,0.0,0.0
2010-11-06 06:00:00,2.8719447654306856,0.1,230.0,12.486716371437764,0.0,0.0,0.0
2010-11-06 07:00:00,2.8453742916028193,0.1,230.0,12.37119257218617,0.0,0.0,0.0
2010-11-06 08:00:00,3.2693580741587893,0.1,230.0,14.214600322429519,0.0,0.0,0.0
2010-11-06 09:00:00,3.408144624791632,0.1,230.0,14.818020107789705,0.0,0.0,0.0
2010-11-06 10:00:00,3.1637123951109025,0.1,230.0,13.755271283090881,0.0,0.0,0.0
2010-11-06 11:00:00,3.2165621847300465,0.1,230.0,13.98505297708716,0.0,0.0,0.0
2010-11-06 12:00:00,2.6321553847952956,0.1,230.0,11.444153846936068,0.0,0.0,0.0
2010-11-06 13:00:00,2.480094947481451,0.1,230.0,10.783021510788918,0.0,0.0,0.0
2010-11-06 14:00:00,2.485121729312564,0.1,230.0,10.80487708396767,0.0,0.0,0.0
2010-11-06 15:00:00,1.8637490711168714,0.1,230.0,8.10325683094292,0.0,0.0,0.0
2010-11-06 16:00:00,1.6392113520105973,0.1,230.0,7.127005878306944,0.0,0.0,0.0
2010-11-06 17:00:00,1.2140103055447755,0.1,230.0,5.278305676281633,0.0,0.0,0.0
2010-11-06 18:00:00,1.0631015787621223,0.1,230.0,4.622180777226618,0.0,0.0,0.0
2010-11-06 19:00:00,0.9858912618166522,0.1,230.0,4.286483747028923,0.0,0.0,0.0
2010-11-06 20:00:00,0.7649075584377446,0.1,230.0,3.325685036685846,0.0,0.0,0.0
2010-11-06 21:00:00,0.7063300056304941,0.1,230.0,3.071000024480409,0.0,0.0,0.0
2010-11-06 22:00:00,0.7348954858058175,0.1,230.0,3.1951977643731198,0.0,0.0,0.0
2010-11-06 23:00:00,0.8761614243996929,0.1,230.0,3.8093974973899694,0.0,0.0,0.0
2010-11-07 00:00:00,1.0199188092533864,0.1,230.0,4.434429605449506,0.0,0.0,0.0
2010-11-07 01:00:00,1.4030750315750347,0.1,230.0,6.100326224239281,0.0,0.0,0.0
2010-11-07 02:00:00,1.605505585354869,0.1,230.0,6.9804590667603,0.0,0.0,0.0
2010-11-07 03:00:00,1.9937814365327333,0.1,230.0,8.668614941446666,0.0,0.0,0.0
2010-11-07 04:00:00,2.345378531584447,0.1,230.0,10.197297963410639,0.0,0.0,0.0
2010-11-07 05:00:00,2.64071745980117,0.1,230.0,11.481380260005087,0.0,0.0,0.0
2010-11-07 06:00:00,2.973608120704653,0.1,230.0,12.92873095958545,0.0,0.0,0.0
2010-11-07 07:00:00,3.016334730707753,0.1,230.0,13.114498829164143,0.0,0.0,0.0
2010-11-07 08:00:00,3.12776128304672,0.1,230.0,13.59896210020313,0.0,0.0,0.0
2010-11-07 09:00:00,3.3540345359765094,0.1,230.0,14.582758852071779,0.0,0.0,0.0
2010-11-07 10:00:00,3.188544747567921,0.1,230.0,13.863238032904006,0.0,0.0,0.0
2010-11-07 11:00:00,2.988872038812845,0.1,230.0,12.995095820925412,0.0,0.0,0.0
2010-11-07 12:00:00,2.8149726409794917,0.1,230.0,12.23901148251953,0.0,0.0,0.0
2010-11-07 13:00:00,2.586024173789509,0.1,230.0,11.243583364302213,0.0,0.0,0.0
2010-11-07 14:00:00,2.4330978675204786,0.1,230.0,10.57868638052382,0.0,0.0,0.0
2010-11-07 15:00:00,1.9854247889474594,0.1,230.0,8.632281691075912,0.0,0.0,0.0
2010-11-07 16:00:00,1.5897972779305496,0.1,230.0,6.912162077958912,0.0,0.0,0.0
2010-11-07 17:00:00,1.2980337901021723,0.1,230.0,5.643625174357271,0.0,0.0,0.0
2010-11-07 18:00:00,1.1462586186029409,0.1,230.0,4.983733124360612,0.0,0.0,0.0
2010-11-07 19:00:00,0.6196688126636558,0.1,230.0,2.6942122289724164,0.0,0.0,0.0
2010-11-07 20:00:00,0.5620303567974203,0.1,230.0,2.4436102469453056,0.0,0.0,0.0
2010-11-07 21:00:00,0.6862490098552977,0.1,230.0,2.9836913471969466,0.0,0.0,0.0
2010-11-07 22:00:00,0.5135432567415922,0.1,230.0,2.232796768441705,0.0,0.0,0.0
2010-11-07 23:00:00,0.9087931834411319,0.1,230.0,3.951274710613617,0.0,0.0,0.0
2010-11-08 00:00:00,0.7491144781833896,0.1,230.0,3.2570194703625632,0.0,0.0,0.0
2010-11-08 01:00:00,0.98577899644281,0.1,230.0,4.285995636707869,0.0,0.0,0.0
2010-11-08 02:00:00,1.154238214656727,0.1,230.0,5.018427020246639,0.0,0.0,0.0
2010-11-08 03:00:00,1.5217284437970569,0.1,230.0,6.6162106252045945,0.0,0.0,0.0
2010-11-08 04:00:00,1.6478684321964576,0.1,230.0,7.164645357375903,0.0,0.0,0.0
2010-11-08 05:00:00,2.2381996132114246,0.1,230.0,9.731302666136628,0.0,0.0,0.0
2010-11-08 06:00:00,2.3560555285849527,0.1,230.0,10.243719689499795,0.0,0.0,0.0
2010-11-08 07:00:00,2.262184900109931,0.1,230.0,9.83558652221709,0.0,0.0,0.0
2010-11-08 08:00:00,2.5470736476678817,0.1,230.0,11.07423325072992,0.0,0.0,0.0
2010-11-08 09:00:00,2.4989218613101336,0.1,230.0,10.864877657870146,0.0,0.0,0.0
2010-11-08 10:00:00,2.41269172975466,0.1,230.0,10.489964042411566,0.0,0.0,0.0
2010-11-08 11:00:00,2.4532093469476957,0.1,230.0,10.666127595424765,0.0,0.0,0.0
2010-11-08 12:00:00,2.0670700183497805,0.1,230.0,8.987260949346872,0.0,0.0,0.0
2010-11-08 13:00:00,1.8871681763538977,0.1,230.0,8.205079027625642,0.0,0.0,0.0
2010-11-08 14:00:00,1.793089515979276,0.1,230.0,7.796041373822939,0.0,0.0,0.0
2010-11-08 15:00:00,1.5181459263823134,0.1,230.0,6.600634462531797,0.0,0.0,0.0
2010-11-08 16:00:00,1.1607285216831458,0.1,230.0,5.04664574644846,0.0,0.0,0.0
2010-11-08 17:00:00,1.1490988550167744,0.1,230.0,4.996081978333802,0.0,0.0,0.0
2010-11-08 18:00:00,0.8292829835021412,0.1,230.0,3.6055781891397447,0.0,0.0,0.0
2010-11-08 19:00:00,0.604974851595998,0.1,230.0,2.6303254417217303,0.0,0.0,0.0
2010-11-08 20:00:00,0.4731830734468405,0.1,230.0,2.0573177106384373,0.0,0.0,0.0
2010-11-08 21:00:00,0.6006222825555967,0.1,230.0,2.6114012285025945,0.0,0.0,0.0
2010-11-08 22:00:00,0.3362515484302662,0.1,230.0,1.4619632540446357,0.0,0.0,0.0
2010-11-08 23:00:00,0.45865176189590595,0.1,230.0,1.994138095199591,0.0,0.0,0.0
2010-11-09 00:00:00,0.770058127400407,0.1,230.0,3.3480788147843783,0.0,0.0,0.0
2010-11-09 01:00:00,0.9498973902149381,0.1,230.0,4.129988653108427,0.0,0.0,0.0
2010-11-09 02:00:00,1.1656463832548483,0.1,230.0,5.068027753281949,0.0,0.0,0.0
2010-11-09 03:00:00,1.534250301160326,0.1,230.0,6.670653483305765,0.0,0.0,0.0
2010-11-09 04:00:00,1.653539189479726,0.1,230.0,7.189300823824896,0.0,0.0,0.0
2010-11-09 05:00:00,1.9862166288203724,0.1,230.0,8.635724473132054,0.0,0.0,0.0
2010-11-09 06:00:00,2.2197463141030798,0.1,230.0,9.651070930882955,0.0,0.0,0.0
2010-11-09 07:00:00,2.278144141075595,0.1,230.0,9.90497452641563,0.0,0.0,0.0
2010-11-09 08:00:00,2.6236004929346284,0.1,230.0,11.406958664933166,0.0,0.0,0.0
2010-11-09 09:00:00,2.4123308597364566,0.1,230.0,10.48839504233242,0.0,0.0,0.0
2010-11-09 10:00:00,2.4796568421317478,0.1,230.0,10.781116704920644,0.0,0.0,0.0
2010-11-09 11:00:00,2.3318069201135696,0.1,230.0,10.138290957015519,0.0,0.0,0.0
2010-11-09 12:00:00,2.1973210404549444,0.1,230.0,9.553569741108454,0.0,0.0,0.0
2010-11-09 13:00:00,2.0045522497344956,0.1,230.0,8.715444564063025,0.0,0.0,0.0
2010-11-09 14:00:00,1.5378974367728264,0.1,230.0,6.686510594664463,0.0,0.0,0.0
2010-11-09 15:00:00,1.562709649401654,0.1,230.0,6.794389780007191,0.0,0.0,0.0
2010-11-09 16:00:00,1.0183529733573267,0.1,230.0,4.427621623292724,0.0,0.0,0.0
2010-11-09 17:00:00,0.9755290827510655,0.1,230.0,4.24143079456985,0.0,0.0,0.0
2010-11-09 18:00:00,0.8940522856423078,0.1,230.0,3.8871838506187295,0.0,0.0,0.0
2010-11-09 19:00:00,0.5253745602199359,0.1,230.0,2.2842372183475477,0.0,0.0,0.0
2010-11-09 20:00:00,0.6264326597642131,0.1,230.0,2.7236202598444046,0.0,0.0,0.0
2010-11-09 21:00:00,0.3905988196174976,0.1,230.0,1.698255737467381,0.0,0.0,0.0
2010-11-09 22:00:00,0.4323672304643573,0.1,230.0,1.8798575237580752,0.0,0.0,0.0
2010-11-09 23:00:00,0.7073503998694255,0.1,230.0,3.075436521171415,0.0,0.0,0.0
2010-11-10 00:00:00,0.8776851907638533,0.1,230.0,3.816022568538493,0.0,0.0,0.0
2010-11-10 01:00:00,0.9243015970596006,0.1,230.0,4.018702595911307,0.0,0.0,0.0
2010-11-10 02:00:00,1.2029802810618735,0.1,230.0,5.2303490480951025,0.0,0.0,0.0
2010-11-10 03:00:00,1.5712175747181598,0.1,230.0,6.831380759644173,0.0,0.0,0.0
2010-11-10 04:00:00,1.7681293457159444,0.1,230.0,7.687518894417149,0.0,0.0,0.0
2010-11-10 05:00:00,2.0367419273438268,0.1,230.0,8.855399684103595,0.0,0.0,0.0
2010-11-10 06:00:00,2.1022094584094075,0.1,230.0,9.140041123519163,0.0,0.0,0.0
2010-11-10 07:00:00,2.2187769377489763,0.1,230.0,9.646856251082506,0.0,0.0,0.0
2010-11-10 08:00:00,2.497583018301888,0.1,230.0,10.859056601312556,0.0,0.0,0.0
2010-11-10 09:00:00,2.569306223274487,0.1,230.0,11.170896622932553,0.0,0.0,0.0
2010-11-10 10:00:00,2.4602905400503015,0.1,230.0,10.69691539152305,0.0,0.0,0.0
2010-11-10 11:00:00,2.3764826229604754,0.1,230.0,10.332533143306415,0.0,0.0,0.0
2010-11-10 12:00:00,2.300270123361935,0.1,230.0,10.001174449399718,0.0,0.0,0.0
2010-11-10 13:00:00,1.8720695452737937,0.1,230.0,8.139432805538233,0.0,0.0,0.0
2010-11-10 14:00:00,1.8363760248804644,0.1,230.0,7.9842435864368015,0.0,0.0,0.0
2010-11-10 15:00:00,1.5589786474307807,0.1,230.0,6.778168032307742,0.0,0.0,0.0
2010-11-10 16:00:00,1.2375691430207572,0.1,230.0,5.380735404438075,0.0,0.0,0.0
2010-11-10 17:00:00,1.0959229493404394,0.1,230.0,4.764882388436693,0.0,0.0,0.0
2010-11-10 18:00:00,0.8361384685144596,0.1,230.0,3.635384645715042,0.0,0.0,0.0
2010-11-10 19:00:00,0.613655833608783,0.1,230.0,2.668068841777317,0.0,0.0,0.0
2010-11-10 20:00:00,0.5090208220770925,0.1,230.0,2.213134009030837,0.0,0.0,0.0
2010-11-10 21:00:00,0.5383393071551397,0.1,230.0,2.340605683283216,0.0,0.0,0.0
2010-11-10 22:00:00,0.41511967901049907,0.1,230.0,1.8048681696108655,0.0,0.0,0.0
2010-11-10 23:00:00,0.6571361143743236,0.1,230.0,2.8571135407579287,0.0,0.0,0.0
2010-11-11 00:00:00,0.7420223619335578,0.1,230.0,3.226184182319816,0.0,0.0,0.0
2010-11-11 01:00:00,1.037745231026123,0.1,230.0,4.5119357870701,0.0,0.0,0.0
2010-11-11 02:00:00,1.3619248052455424,0.1,230.0,5.921412196719749,0.0,0.0,0.0
2010-11-11 03:00:00,1.4744381678226417,0.1,230.0,6.410600729663659,0.0,0.0,0.0
2010-11-11 04:00:00,1.8364451870375076,0.1,230.0,7.984544291467424,0.0,0.0,0.0
2010-11-11 05:00:00,2.0548318437794024,0.1,230.0,8.934051494693053,0.0,0.0,0.0
2010-11-11 06:00:00,2.285677180550731,0.1,230.0,9.9377268719597,0.0,0.0,0.0
2010-11-11 07:00:00,2.368239789428678,0.1,230.0,10.296694736646424,0.0,0.0,0.0
2010-11-11 08:00:00,2.457257274546498,0.1,230.0,10.683727280636946,0.0,0.0,0.0
2010-11-11 09:00:00,2.4402206072345205,0.1,230.0,10.609654814063134,0.0,0.0,0.0
2010-11-11 10:00:00,2.4462607264205602,0.1,230.0,10.635916201828524,0.0,0.0,0.0
2010-11-11 11:00:00,2.3630156939802403,0.1,230.0,10.273981278174956,0.0,0.0,0.0
2010-11-11 12:00:00,2.329962256631271,0.1,230.0,10.130270681005525,0.0,0.0,0.0
2010-11-11 13:00:00,2.0172784519881506,0.1,230.0,8.770775878209351,0.0,0.0,0.0
2010-11-11 14:00:00,1.8850549166057455,0.1,230.0,8.19589094176411,0.0,0.0,0.0
2010-11-11 15:00:00,1.301820103913077,0.1,230.0,5.660087408317726,0.0,0.0,0.0
2010-11-11 16:00:00,1.303122113478348,0.1,230.0,5.665748319471078,0.0,0.0,0.0
2010-11-11 17:00:00,1.0352557024289264,0.1,230.0,4.501111749690985,0.0,0.0,0.0
2010-11-11 18:00:00,0.9452173359089225,0.1,230.0,4.109640590908359,0.0,0.0,0.0
2010-11-11 19:00:00,0.7449234997564368,0.1,230.0,3.238797825027986,0.0,0.0,0.0
2010-11-11 20:00:00,0.45086137173054963,0.1,230.0,1.9602668336110853,0.0,0.0,0.0
2010-11-11 21:00:00,0.5261785710847158,0.1,230.0,2.287732917759634,0.0,0.0,0.0
2010-11-11 22:00:00,0.49353140712635457,0.1,230.0,2.145788726636324,0.0,0.0,0.0
2010-11-11 23:00:00,0.4279441924976204,0.1,230.0,1.8606269239026973,0.0,0.0,0.0
2010-11-12 00:00:00,1.1269782113262925,0.1,230.0,4.899905266636054,0.0,0.0,0.0
2010-11-12 01:00:00,0.8886239960045393,0.1,230.0,3.863582591324084,0.0,0.0,0.0
2010-11-12 02:00:00,1.0338660722268007,0.1,230.0,4.49506987924696,0.0,0.0,0.0
2010-11-12 03:00:00,1.4948974169883855,0.1,230.0,6.499553986906023,0.0,0.0,0.0
2010-11-12 04:00:00,1.6662112765505104,0.1,230.0,7.244396854567436,0.0,0.0,0.0
2010-11-12 05:00:00,1.8436689745069041,0.1,230.0,8.015952063073495,0.0,0.0,0.0
2010-11-12 06:00:00,2.0712623336932166,0.1,230.0,9.005488407361812,0.0,0.0,0.0
2010-11-12 07:00:00,2.4856067019170847,0.1,230.0,10.806985660509064,0.0,0.0,0.0
2010-11-12 08:00:00,2.3431066252947885,0.1,230.0,10.18742010997734,0.0,0.0,0.0
2010-11-12 09:00:00,2.5920239100194227,0.1,230.0,11.269669173997489,0.0,0.0,0.0
2010-11-12 10:00:00,2.622808242535589,0.1,230.0,11.403514097980821,0.0,0.0,0.0
2010-11-12 11:00:00,2.3011876527020423,0.1,230.0,10.005163707400184,0.0,0.0,0.0
2010-11-12 12:00:00,2.2993241001874924,0.1,230.0,9.997061305163012,0.0,0.0,0.0
2010-11-12 13:00:00,2.0106340548926678,0.1,230.0,8.741887195185512,0.0,0.0,0.0
2010-11-12 14:00:00,1.5342725262187435,0.1,230.0,6.670750113994536,0.0,0.0,0.0
2010-11-12 15:00:00,1.5044307451983248,0.1,230.0,6.541003239992716,0.0,0.0,0.0
2010-11-12 16:00:00,1.254668701361233,0.1,230.0,5.45508131026623,0.0,0.0,0.0
2010-11-12 17:00:00,1.045429512615288,0.1,230.0,4.545345707022991,0.0,0.0,0.0
2010-11-12 18:00:00,0.746560043820319,0.1,230.0,3.245913234001387,0.0,0.0,0.0
2010-11-12 19:00:00,0.7068118980411137,0.1,230.0,3.073095208874407,0.0,0.0,0.0
2010-11-12 20:00:00,0.506729269675454,0.1,230.0,2.2031707377193652,0.0,0.0,0.0
2010-11-12 21:00:00,0.547269060878402,0.1,230.0,2.379430699471313,0.0,0.0,0.0
2010-11-12 22:00:00,0.45689734730068277,0.1,230.0,1.9865102056551425,0.0,0.0,0.0
2010-11-12 23:00:00,0.6499340409901122,0.1,230.0,2.825800178217879,0.0,0.0,0.0
2010-11-13 00:00:00,0.859921884488711,0.1,230.0,3.73879080212483,0.0,0.0,0.0
2010-11-13 01:00:00,1.3230763976371942,0.1,230.0,5.752506076683454,0.0,0.0,0.0
2010-11-13 02:00:00,1.4075358727754281,0.1,230.0,6.119721185980122,0.0,0.0,0.0
2010-11-13 03:00:00,1.7242102996928286,0.1,230.0,7.4965665204036025,0.0,0.0,0.0
2010-11-13 04:00:00,2.2313220607901227,0.1,230.0,9.701400264304882,0.0,0.0,0.0
2010-11-13 05:00:00,2.5451026684959426,0.1,230.0,11.065663776069314,0.0,0.0,0.0
2010-11-13 06:00:00,2.89605154986864,0.1,230.0,12.591528477689739,0.0,0.0,0.0
2010-11-13 07:00:00,3.0881332820366336,0.1,230.0,13.426666443637538,0.0,0.0,0.0
2010-11-13 08:00:00,3.047607208492909,0.1,230.0,13.250466123882212,0.0,0.0,0.0
2010-11-13 09:00:00,3.1440927588079055,0.1,230.0,13.66996851655611,0.0,0.0,0.0
2010-11-13 10:00:00,3.30096266116271,0.1,230.0,14.352011570272651,0.0,0.0,0.0
2010-11-13 11:00:00,3.2418829581711,0.1,230.0,14.095143296396088,0.0,0.0,0.0
2010-11-13 12:00:00,2.8817389369466775,0.1,230.0,12.529299725855118,0.0,0.0,0.0
2010-11-13 13:00:00,2.5812511986042206,0.1,230.0,11.22283129827922,0.0,0.0,0.0
2010-11-13 14:00:00,2.242071973460374,0.1,230.0,9.748139015045105,0.0,0.0,0.0
2010-11-13 15:00:00,1.9016493463874957,0.1,230.0,8.268040636467374,0.0,0.0,0.0
2010-11-13 16:00:00,1.5637471920695252,0.1,230.0,6.7989008350848925,0.0,0.0,0.0
2010-11-13 17:00:00,1.3027893571830798,0.1,230.0,5.664301552969913,0.0,0.0,0.0
2010-11-13 18:00:00,1.1581119666842392,0.1,230.0,5.035269420366257,0.0,0.0,0.0
2010-11-13 19:00:00,0.6833968837926874,0.1,230.0,2.971290799098641,0.0,0.0,0.0
2010-11-13 20:00:00,0.8018362945215286,0.1,230.0,3.486244758789255,0.0,0.0,0.0
2010-11-13 21:00:00,0.6177440495501569,0.1,230.0,2.6858436936963344,0.0,0.0,0.0
2010-11-13 22:00:00,0.5693487103922448,0.1,230.0,2.475429175618456,0.0,0.0,0.0
2010-11-13 23:00:00,0.6654932260848725,0.1,230.0,2.893448809064663,0.0,0.0,0.0
2010-11-14 00:00:00,1.0271855062578978,0.1,230.0,4.4660239402517306,0.0,0.0,0.0
2010-11-14 01:00:00,1.1931669681349535,0.1,230.0,5.187682470151972,0.0,0.0,0.0
2010-11-14 02:00:00,1.6034206005983662,0.1,230.0,6.971393915645071,0.0,0.0,0.0
2010-11-14 03:00:00,1.9442795787344094,0.1,230.0,8.453389472758301,0.0,0.0,0.0
2010-11-14 04:00:00,2.3706902138074617,0.1,230.0,10.307348755684615,0.0,0.0,0.0
2010-11-14 05:00:00,2.515489838581806,0.1,230.0,10.936912341660026,0.0,0.0,0.0
2010-11-14 06:00:00,2.620795199122215,0.1,230.0,11.394761735313978,0.0,0.0,0.0
2010-11-14 07:00:00,3.0736302145558727,0.1,230.0,13.363609628503793,0.0,0.0,0.0
2010-11-14 08:00:00,3.239427998314531,0.1,230.0,14.084469557889266,0.0,0.0,0.0
2010-11-14 09:00:00,3.212370635054833,0.1,230.0,13.966828848064493,0.0,0.0,0.0
2010-11-14 10:00:00,3.2043992997861444,0.1,230.0,13.93217086863541,0.0,0.0,0.0
2010-11-14 11:00:00,3.110023463351096,0.1,230.0,13.521841145004766,0.0,0.0,0.0
2010-11-14 12:00:00,3.01056856801244,0.1,230.0,13.089428556575825,0.0,0.0,0.0
2010-11-14 13:00:00,2.684399533270317,0.1,230.0,11.671302318566596,0.0,0.0,0.0
2010-11-14 14:00:00,2.191596031613167,0.1,230.0,9.528678398318117,0.0,0.0,0.0
2010-11-14 15:00:00,1.789923678592467,0.1,230.0,7.782276863445508,0.0,0.0,0.0
2010-11-14 16:00:00,1.7506584052265577,0.1,230.0,7.611558283593729,0.0,0.0,0.0
2010-11-14 17:00:00,1.1528787766448823,0.1,230.0,5.01251642019514,0.0,0.0,0.0
2010-11-14 18:00:00,0.8415033278041875,0.1,230.0,3.658710120887772,0.0,0.0,0.0
2010-11-14 19:00:00,0.777297013959482,0.1,230.0,3.3795522346064435,0.0,0.0,0.0
2010-11-14 20:00:00,0.5474474669246226,0.1,230.0,2.380206377933142,0.0,0.0,0.0
2010-11-14 21:00:00,0.633283775624991,0.1,230.0,2.753407720108657,0.0,0.0,0.0
2010-11-14 22:00:00,0.5109274014173272,0.1,230.0,2.2214234844231617,0.0,0.0,0.0
2010-11-14 23:00:00,0.9530116214549694,0.1,230.0,4.143528788934649,0.0,0.0,0.0
2010-11-15 00:00:00,0.8661333023648201,0.1,230.0,3.7657969668035656,0.0,0.0,0.0
2010-11-15 01:00:00,1.1500383560594423,0.1,230.0,5.000166765475837,0.0,0.0,0.0
2010-11-15 02:00:00,1.1129794968554023,0.1,230.0,4.839041290675663,0.0,0.0,0.0
2010-11-15 03:00:00,1.5960787863736872,0.1,230.0,6.939472984233422,0.0,0.0,0.0
2010-11-15 04:00:00,1.695902948514924,0.1,230.0,7.37349108049967,0.0,0.0,0.0
2010-11-15 05:00:00,1.972273739975559,0.1,230.0,8.575103217285038,0.0,0.0,0.0
2010-11-15 06:00:00,2.3910984775504085,0.1,230.0,10.39608033717569,0.0,0.0,0.0
2010-11-15 07:00:00,2.5899874754868026,0.1,230.0,11.260815110812187,0.0,0.0,0.0
2010-11-15 08:00:00,2.5258207669625965,0.1,230.0,10.981829421576506,0.0,0.0,0.0
2010-11-15 09:00:00,2.499357676574062,0.1,230.0,10.866772506843747,0.0,0.0,0.0
2010-11-15 10:00:00,2.4573678434708994,0.1,230.0,10.684208015090867,0.0,0.0,0.0
2010-11-15 11:00:00,2.4827432312757636,0.1,230.0,10.794535788155494,0.0,0.0,0.0
2010-11-15 12:00:00,2.0035099933800926,0.1,230.0,8.710913014696054,0.0,0.0,0.0
2010-11-15 13:00:00,1.931146277066214,0.1,230.0,8.396288161157452,0.0,0.0,0.0
2010-11-15 14:00:00,1.8938267137339295,0.1,230.0,8.234029190147519,0.0,0.0,0.0
2010-11-15 15:00:00,1.4112284822370083,0.1,230.0,6.135776009726122,0.0,0.0,0.0
2010-11-15 16:00:00,1.1898289069114012,0.1,230.0,5.173169160484353,0.0,0.0,0.0
2010-11-15 17:00:00,0.8558442649929119,0.1,230.0,3.721062021708313,0.0,0.0,0.0
2010-11-15 18:00:00,0.6879106055465595,0.1,230.0,2.990915676289389,0.0,0.0,0.0
2010-11-15 19:00:00,0.5497079119919399,0.1,230.0,2.3900343999649563,0.0,0.0,0.0
2010-11-15 20:00:00,0.5201732541450302,0.1,230.0,2.261622844108827,0.0,0.0,0.0
2010-11-15 21:00:00,0.7071786600996932,0.1,230.0,3.0746898265204052,0.0,0.0,0.0
2010-11-15 22:00:00,0.5623338075104188,0.1,230.0,2.4449295978713863,0.0,0.0,0.0
2010-11-15 23:00:00,0.6831139099071583,0.1,230.0,2.97006047785721,0.0,0.0,0.0
2010-11-16 00:00:00,0.8576960448380011,0.1,230.0,3.7291132384260917,0.0,0.0,0.0
2010-11-16 01:00:00,0.9348249369135505,0.1,230.0,4.064456247450219,0.0,0.0,0.0
2010-11-16 02:00:00,1.239004962308342,0.1,230.0,5.386978096992791,0.0,0.0,0.0
2010-11-16 03:00:00,1.6043267111564488,0.1,230.0,6.975333526767169,0.0,0.0,0.0
2010-11-16 04:00:00,1.796968443583502,0.1,230.0,7.812906276450009,0.0,0.0,0.0
2010-11-16 05:00:00,2.0173161613205077,0.1,230.0,8.770939831828294,0.0,0.0,0.0
2010-11-16 06:00:00,2.0967271680499344,0.1,230.0,9.116205078477975,0.0,0.0,0.0
2010-11-16 07:00:00,2.4987892604088118,0.1,230.0,10.864301132212226,0.0,0.0,0.0
2010-11-16 08:00:00,2.4693958130904954,0.1,230.0,10.736503535176066,0.0,0.0,0.0
2010-11-16 09:00:00,2.5296289596861747,0.1,230.0,10.998386781244237,0.0,0.0,0.0
2010-11-16 10:00:00,2.469491096298411,0.1,230.0,10.736917809993093,0.0,0.0,0.0
2010-11-16 11:00:00,2.361529530821312,0.1,230.0,10.267519699223094,0.0,0.0,0.0
2010-11-16 12:00:00,2.2805479800571207,0.1,230.0,9.91542600024835,0.0,0.0,0.0
2010-11-16 13:00:00,2.1042140943332095,0.1,230.0,9.14875693188352,0.0,0.0,0.0
2010-11-16 14:00:00,1.7867250095543097,0.1,230.0,7.768369606757869,0.0,0.0,0.0
2010-11-16 15:00:00,1.481999279212386,0.1,230.0,6.443475127010374,0.0,0.0,0.0
2010-11-16 16:00:00,1.1213236542642977,0.1,230.0,4.875320235931729,0.0,0.0,0.0
2010-11-16 17:00:00,0.9603987874654755,0.1,230.0,4.175646902023806,0.0,0.0,0.0
2010-11-16 18:00:00,0.8618753154347123,0.1,230.0,3.747283980150923,0.0,0.0,0.0
2010-11-16 19:00:00,0.5412241533706348,0.1,230.0,2.3531484929158033,0.0,0.0,0.0
2010-11-16 20:00:00,0.42722562687345533,0.1,230.0,1.8575027255367622,0.0,0.0,0.0
2010-11-16 21:00:00,0.36344444396882414,0.1,230.0,1.5801932346470615,0.0,0.0,0.0
2010-11-16 22:00:00,0.48119231399179235,0.1,230.0,2.0921404956164884,0.0,0.0,0.0
2010-11-16 23:00:00,0.661220263659587,0.1,230.0,2.8748707115634216,0.0,0.0,0.0
2010-11-17 00:00:00,0.9025531476630647,0.1,230.0,3.9241441202741942,0.0,0.0,0.0
2010-11-17 01:00:00,0.8903924161031294,0.1,230.0,3.8712713743614318,0.0,0.0,0.0
2010-11-17 02:00:00,1.4073272863389243,0.1,230.0,6.118814288430106,0.0,0.0,0.0
2010-11-17 03:00:00,1.7478005416493307,0.1,230.0,7.599132789779699,0.0,0.0,0.0
2010-11-17 04:00:00,1.8624822233770029,0.1,230.0,8.097748797291317,0.0,0.0,0.0
2010-11-17 05:00:00,1.8306416186863108,0.1,230.0,7.959311385592655,0.0,0.0,0.0
2010-11-17 06:00:00,2.194516125444018,0.1,230.0,9.541374458452253,0.0,0.0,0.0
2010-11-17 07:00:00,2.44729160745478,0.1,230.0,10.640398293281653,0.0,0.0,0.0
2010-11-17 08:00:00,2.4161555695960897,0.1,230.0,10.505024215635173,0.0,0.0,0.0
2010-11-17 09:00:00,2.504647847975252,0.1,230.0,10.889773252066314,0.0,0.0,0.0
2010-11-17 10:00:00,2.6932601781470193,0.1,230.0,11.70982686150878,0.0,0.0,0.0
2010-11-17 11:00:00,2.5390002363113284,0.1,230.0,11.039131462223168,0.0,0.0,0.0
2010-11-17 12:00:00,2.2076356334872385,0.1,230.0,9.598415797770603,0.0,0.0,0.0
2010-11-17 13:00:00,1.9933483373677183,0.1,230.0,8.666731901598775,0.0,0.0,0.0
2010-11-17 14:00:00,1.9275903774902983,0.1,230.0,8.380827728218689,0.0,0.0,0.0
2010-11-17 15:00:00,1.4049850013787668,0.1,230.0,6.108630440777247,0.0,0.0,0.0
2010-11-17 16:00:00,1.2125630140746466,0.1,230.0,5.272013104672377,0.0,0.0,0.0
2010-11-17 17:00:00,0.6928184861346914,0.1,230.0,3.0122542875421363,0.0,0.0,0.0
2010-11-17 18:00:00,0.677256362190048,0.1,230.0,2.944592879087165,0.0,0.0,0.0
2010-11-17 19:00:00,0.5976837244607452,0.1,230.0,2.598624888959762,0.0,0.0,0.0
2010-11-17 20:00:00,0.4648155674170437,0.1,230.0,2.0209372496393208,0.0,0.0,0.0
2010-11-17 21:00:00,0.6157727964691349,0.1,230.0,2.6772730281266734,0.0,0.0,0.0
2010-11-17 22:00:00,0.45266748350636504,0.1,230.0,1.968119493505935,0.0,0.0,0.0
2010-11-17 23:00:00,0.504138382472987,0.1,230.0,2.1919060107521173,0.0,0.0,0.0
2010-11-18 00:00:00,0.8553946861798063,0.1,230.0,3.719107331216549,0.0,0.0,0.0
2010-11-18 01:00:00,0.9510010877434918,0.1,230.0,4.134787338015181,0.0,0.0,0.0
2010-11-18 02:00:00,1.222649854474411,0.1,230.0,5.315868932497439,0.0,0.0,0.0
2010-11-18 03:00:00,1.61501413583761,0.1,230.0,7.021800590598304,0.0,0.0,0.0
2010-11-18 04:00:00,1.9043318589222822,0.1,230.0,8.279703734444706,0.0,0.0,0.0
2010-11-18 05:00:00,1.972854179017248,0.1,230.0,8.577626865292382,0.0,0.0,0.0
2010-11-18 06:00:00,2.2612736237943776,0.1,230.0,9.831624451279904,0.0,0.0,0.0
2010-11-18 07:00:00,2.3615282438689453,0.1,230.0,10.267514103778025,0.0,0.0,0.0
2010-11-18 08:00:00,2.3380278723499157,0.1,230.0,10.165338575434417,0.0,0.0,0.0
2010-11-18 09:00:00,2.4386249144362897,0.1,230.0,10.602717019288216,0.0,0.0,0.0
2010-11-18 10:00:00,2.399036097885299,0.1,230.0,10.430591729936083,0.0,0.0,0.0
2010-11-18 11:00:00,2.3596061531547283,0.1,230.0,10.259157187629254,0.0,0.0,0.0
2010-11-18 12:00:00,2.296094645929606,0.1,230.0,9.98302019969394,0.0,0.0,0.0
2010-11-18 13:00:00,2.1830571804634795,0.1,230.0,9.491552958536868,0.0,0.0,0.0
2010-11-18 14:00:00,1.883090311438003,0.1,230.0,8.187349180165231,0.0,0.0,0.0
2010-11-18 15:00:00,1.6278794804586287,0.1,230.0,7.077736871559255,0.0,0.0,0.0
2010-11-18 16:00:00,1.4506294847405992,0.1,230.0,6.307084716263474,0.0,0.0,0.0
2010-11-18 17:00:00,0.9662996867589758,0.1,230.0,4.20130298590859,0.0,0.0,0.0
2010-11-18 18:00:00,0.8598123554087214,0.1,230.0,3.738314588733571,0.0,0.0,0.0
2010-11-18 19:00:00,0.548285552663263,0.1,230.0,2.3838502289707084,0.0,0.0,0.0
2010-11-18 20:00:00,0.5018563222075649,0.1,230.0,2.1819840095981085,0.0,0.0,0.0
2010-11-18 21:00:00,0.5321192141028253,0.1,230.0,2.3135618004470664,0.0,0.0,0.0
2010-11-18 22:00:00,0.7124202830331454,0.1,230.0,3.0974794914484582,0.0,0.0,0.0
2010-11-18 23:00:00,0.6227633095490699,0.1,230.0,2.7076665632568253,0.0,0.0,0.0
2010-11-19 00:00:00,0.7397593979106327,0.1,230.0,3.2163452083070987,0.0,0.0,0.0
2010-11-19 01:00:00,1.2294651269002972,0.1,230.0,5.345500551740423,0.0,0.0,0.0
2010-11-19 02:00:00,1.2847872095287576,0.1,230.0,5.586031345777207,0.0,0.0,0.0
2010-11-19 03:00:00,1.5283830465650123,0.1,230.0,6.645143680717445,0.0,0.0,0.0
2010-11-19 04:00:00,1.708834176175464,0.1,230.0,7.429713809458539,0.0,0.0,0.0
2010-11-19 05:00:00,1.9326889583378932,0.1,230.0,8.402995471034318,0.0,0.0,0.0
2010-11-19 06:00:00,2.07042319851674,0.1,230.0,9.001839993551043,0.0,0.0,0.0
2010-11-19 07:00:00,2.40816579582377,0.1,230.0,10.470286068798998,0.0,0.0,0.0
2010-11-19 08:00:00,2.4426193969508425,0.1,230.0,10.620084334568881,0.0,0.0,0.0
2010-11-19 09:00:00,2.5488399146275857,0.1,230.0,11.08191267229385,0.0,0.0,0.0
2010-11-19 10:00:00,2.520647323517236,0.1,230.0,10.959336189205375,0.0,0.0,0.0
2010-11-19 11:00:00,2.50164513020166,0.1,230.0,10.87671795739852,0.0,0.0,0.0
2010-11-19 12:00:00,2.2694132476022446,0.1,230.0,9.86701412000976,0.0,0.0,0.0
2010-11-19 13:00:00,1.9565351714881,0.1,230.0,8.506674658643913,0.0,0.0,0.0
2010-11-19 14:00:00,1.6697716625119616,0.1,230.0,7.259876793530268,0.0,0.0,0.0
2010-11-19 15:00:00,1.4228570421543185,0.1,230.0,6.186334965888342,0.0,0.0,0.0
2010-11-19 16:00:00,1.180488954459909,0.1,230.0,5.132560671564822,0.0,0.0,0.0
2010-11-19 17:00:00,1.141690256116182,0.1,230.0,4.963870678766008,0.0,0.0,0.0
2010-11-19 18:00:00,0.8247157318325586,0.1,230.0,3.5857205731850375,0.0,0.0,0.0
2010-11-19 19:00:00,0.6613639904753528,0.1,230.0,2.8754956107624037,0.0,0.0,0.0
2010-11-19 20:00:00,0.5037205127172685,0.1,230.0,2.1900891857272544,0.0,0.0,0.0
2010-11-19 21:00:00,0.5128127781860431,0.1,230.0,2.2296207747219268,0.0,0.0,0.0
2010-11-19 22:00:00,0.6349467429206256,0.1,230.0,2.7606380126983723,0.0,0.0,0.0
2010-11-19 23:00:00,0.4837307730661419,0.1,230.0,2.103177274200617,0.0,0.0,0.0
2010-11-20 00:00:00,1.13760919663177,0.1,230.0,4.946126941877261,0.0,0.0,0.0
2010-11-20 01:00:00,1.2118230109354005,0.1,230.0,5.268795699719132,0.0,0.0,0.0
2010-11-20 02:00:00,1.4754970504323044,0.1,230.0,6.415204567096976,0.0,0.0,0.0
2010-11-20 03:00:00,2.0908991317276873,0.1,230.0,9.090865790120379,0.0,0.0,0.0
2010-11-20 04:00:00,2.2484923870471185,0.1,230.0,9.776053856726602,0.0,0.0,0.0
2010-11-20 05:00:00,2.5296179211873717,0.1,230.0,10.998338787771182,0.0,0.0,0.0
2010-11-20 06:00:00,3.086964739448448,0.1,230.0,13.421585823688904,0.0,0.0,0.0
2010-11-20 07:00:00,2.92820553934094,0.1,230.0,12.731328431917131,0.0,0.0,0.0
2010-11-20 08:00:00,3.1852916776068168,0.1,230.0,13.849094250464422,0.0,0.0,0.0
2010-11-20 09:00:00,3.2175120477067103,0.1,230.0,13.989182816116132,0.0,0.0,0.0
2010-11-20 10:00:00,3.2704691765787373,0.1,230.0,14.21943120251625,0.0,0.0,0.0
2010-11-20 11:00:00,3.0047619905026566,0.1,230.0,13.064182567402856,0.0,0.0,0.0
2010-11-20 12:00:00,2.988622570230551,0.1,230.0,12.994011174915439,0.0,0.0,0.0
2010-11-20 13:00:00,2.5249108791099557,0.1,230.0,10.97787338743459,0.0,0.0,0.0
2010-11-20 14:00:00,2.292984742011189,0.1,230.0,9.969498878309517,0.0,0.0,0.0
2010-11-20 15:00:00,1.9608015248106851,0.1,230.0,8.525224020916022,0.0,0.0,0.0
2010-11-20 16:00:00,1.4397277708857243,0.1,230.0,6.259685960372715,0.0,0.0,0.0
2010-11-20 17:00:00,1.2502596599540203,0.1,230.0,5.43591156501748,0.0,0.0,0.0
2010-11-20 18:00:00,0.8624099391064017,0.1,230.0,3.7496084308973985,0.0,0.0,0.0
2010-11-20 19:00:00,0.8885462588660302,0.1,230.0,3.8632446037653487,0.0,0.0,0.0
2010-11-20 20:00:00,0.8643540803882122,0.1,230.0,3.7580612190791833,0.0,0.0,0.0
2010-11-20 21:00:00,0.6377486353094121,0.1,230.0,2.772820153519183,0.0,0.0,0.0
2010-11-20 22:00:00,0.5514139850849409,0.1,230.0,2.3974521090649605,0.0,0.0,0.0
2010-11-20 23:00:00,0.7923617386329882,0.1,230.0,3.4450510375347316,0.0,0.0,0.0
2010-11-21 00:00:00,1.0478852901898286,0.1,230.0,4.556023000825341,0.0,0.0,0.0
2010-11-21 01:00:00,1.433810821630479,0.1,230.0,6.233960094045561,0.0,0.0,0.0
2010-11-21 02:00:00,1.4192988243297953,0.1,230.0,6.1708644536078054,0.0,0.0,0.0
2010-11-21 03:00:00,2.1133116557695595,0.1,230.0,9.18831154682417,0.0,0.0,0.0
2010-11-21 04:00:00,2.3164975399864067,0.1,230.0,10.071728434723507,0.0,0.0,0.0
2010-11-21 05:00:00,2.593673122726896,0.1,230.0,11.276839664029984,0.0,0.0,0.0
2010-11-21 06:00:00,2.8941847416289495,0.1,230.0,12.583411920125867,0.0,0.0,0.0
2010-11-21 07:00:00,2.992665904952417,0.1,230.0,13.011590891097466,0.0,0.0,0.0
2010-11-21 08:00:00,3.2671361363665734,0.1,230.0,14.204939723332927,0.0,0.0,0.0
2010-11-21 09:00:00,3.2754295700512093,0.1,230.0,14.240998130657433,0.0,0.0,0.0
2010-11-21 10:00:00,3.1430794344720363,0.1,230.0,13.66556275857407,0.0,0.0,0.0
2010-11-21 11:00:00,3.2450889970322554,0.1,230.0,14.109082595792415,0.0,0.0,0.0
2010-11-21 12:00:00,2.8940022895612914,0.1,230.0,12.582618650266484,0.0,0.0,0.0
2010-11-21 13:00:00,2.618684719962982,0.1,230.0,11.385585738969487,0.0,0.0,0.0
2010-11-21 14:00:00,2.285825040853987,0.1,230.0,9.938369742843422,0.0,0.0,0.0
2010-11-21 15:00:00,1.8648908936203195,0.1,230.0,8.108221276610085,0.0,0.0,0.0
2010-11-21 16:00:00,1.7500117643752524,0.1,230.0,7.608746801631532,0.0,0.0,0.0
2010-11-21 17:00:00,1.305056045926282,0.1,230.0,5.674156721418618,0.0,0.0,0.0
2010-11-21 18:00:00,1.0811607324260848,0.1,230.0,4.700698836635151,0.0,0.0,0.0
2010-11-21 19:00:00,0.6521381841477148,0.1,230.0,2.8353834093378905,0.0,0.0,0.0
2010-11-21 20:00:00,0.6747053895615678,0.1,230.0,2.933501693745947,0.0,0.0,0.0
2010-11-21 21:00:00,0.44118625175771786,0.1,230.0,1.9182010945987733,0.0,0.0,0.0
2010-11-21 22:00:00,0.807744904249067,0.1,230.0,3.511934366300291,0.0,0.0,0.0
2010-11-21 23:00:00,0.9437772898334247,0.1,230.0,4.10337952101489,0.0,0.0,0.0
2010-11-22 00:00:00,0.868564402161258,0.1,230.0,3.7763669659185126,0.0,0.0,0.0
2010-11-22 01:00:00,0.9989464491141163,0.1,230.0,4.343245430930941,0.0,0.0,0.0
2010-11-22 02:00:00,1.115024013155888,0.1,230.0,4.847930491982122,0.0,0.0,0.0
2010-11-22 03:00:00,1.6814984831361728,0.1,230.0,7.310862970157273,0.0,0.0,0.0
2010-11-22 04:00:00,1.7240576062654172,0.1,230.0,7.495902635936597,0.0,0.0,0.0
2010-11-22 05:00:00,1.9857352048653911,0.1,230.0,8.6336313255017,0.0,0.0,0.0
2010-11-22 06:00:00,1.9911954905865743,0.1,230.0,8.657371698202498,0.0,0.0,0.0
2010-11-22 07:00:00,2.2118115415699293,0.1,230.0,9.616571919869259,0.0,0.0,0.0
2010-11-22 08:00:00,2.337786116793758,0.1,230.0,10.164287464320687,0.0,0.0,0.0
2010-11-22 09:00:00,2.5302486061523672,0.1,230.0,11.00108089631464,0.0,0.0,0.0
2010-11-22 10:00:00,2.4624247713757534,0.1,230.0,10.70619465815545,0.0,0.0,0.0
2010-11-22 11:00:00,2.48970232462767,0.1,230.0,10.824792715772478,0.0,0.0,0.0
2010-11-22 12:00:00,2.2716043075943664,0.1,230.0,9.876540467801592,0.0,0.0,0.0
2010-11-22 13:00:00,2.1222247963378553,0.1,230.0,9.227064331903719,0.0,0.0,0.0
2010-11-22 14:00:00,1.7781136777585862,0.1,230.0,7.730929033732983,0.0,0.0,0.0
2010-11-22 15:00:00,1.4067155046572821,0.1,230.0,6.116154368075139,0.0,0.0,0.0
2010-11-22 16:00:00,1.1534326108263635,0.1,230.0,5.014924394897233,0.0,0.0,0.0
2010-11-22 17:00:00,0.9720208473515768,0.1,230.0,4.226177597180769,0.0,0.0,0.0
2010-11-22 18:00:00,0.7449637588365199,0.1,230.0,3.2389728645066085,0.0,0.0,0.0
2010-11-22 19:00:00,0.643440177090237,0.1,230.0,2.797565987348857,0.0,0.0,0.0
2010-11-22 20:00:00,0.5868451622039244,0.1,230.0,2.551500705234454,0.0,0.0,0.0
2010-11-22 21:00:00,0.5413406363465305,0.1,230.0,2.353654940637089,0.0,0.0,0.0
2010-11-22 22:00:00,0.37089931631568984,0.1,230.0,1.6126057231116948,0.0,0.0,0.0
2010-11-22 23:00:00,0.680893486715008,0.1,230.0,2.960406463978296,0.0,0.0,0.0
2010-11-23 00:00:00,0.9529365219330342,0.1,230.0,4.143202269274062,0.0,0.0,0.0
2010-11-23 01:00:00,1.09896737645401,0.1,230.0,4.778119028060913,0.0,0.0,0.0
2010-11-23 02:00:00,1.3586995775847313,0.1,230.0,5.907389467759701,0.0,0.0,0.0
2010-11-23 03:00:00,1.5591636798613615,0.1,230.0,6.778972521136354,0.0,0.0,0.0
2010-11-23 04:00:00,1.8127298705563408,0.1,230.0,7.881434219810177,0.0,0.0,0.0
2010-11-23 05:00:00,1.9413624108589582,0.1,230.0,8.440706134169384,0.0,0.0,0.0
2010-11-23 06:00:00,2.145772418818487,0.1,230.0,9.329445299210812,0.0,0.0,0.0
2010-11-23 07:00:00,2.163294773791939,0.1,230.0,9.4056294512693,0.0,0.0,0.0
2010-11-23 08:00:00,2.4402718749049876,0.1,230.0,10.609877716978207,0.0,0.0,0.0
2010-11-23 09:00:00,2.641644218121028,0.1,230.0,11.485409644004468,0.0,0.0,0.0
2010-11-23 10:00:00,2.5678198212799983,0.1,230.0,11.16443400556521,0.0,0.0,0.0
2010-11-23 11:00:00,2.562794089452434,0.1,230.0,11.142582997619279,0.0,0.0,0.0
2010-11-23 12:00:00,2.1991115971959236,0.1,230.0,9.561354770417058,0.0,0.0,0.0
2010-11-23 13:00:00,1.995190228863207,0.1,230.0,8.674740125492205,0.0,0.0,0.0
2010-11-23 14:00:00,1.8068073217838594,0.1,230.0,7.855684007755911,0.0,0.0,0.0
2010-11-23 15:00:00,1.6817679816023676,0.1,230.0,7.312034702618989,0.0,0.0,0.0
2010-11-23 16:00:00,1.2725285175134071,0.1,230.0,5.532732684840901,0.0,0.0,0.0
2010-11-23 17:00:00,1.100076258295508,0.1,230.0,4.7829402534587295,0.0,0.0,0.0
2010-11-23 18:00:00,0.6839419716036096,0.1,230.0,2.97366074610265,0.0,0.0,0.0
2010-11-23 19:00:00,0.6124496120328011,0.1,230.0,2.662824400142614,0.0,0.0,0.0
2010-11-23 20:00:00,0.7363453308886303,0.1,230.0,3.201501438646219,0.0,0.0,0.0
2010-11-23 21:00:00,0.49788005438205074,0.1,230.0,2.164695888617612,0.0,0.0,0.0
2010-11-23 22:00:00,0.4683862479903576,0.1,230.0,2.0364619477841637,0.0,0.0,0.0
2010-11-23 23:00:00,0.3973483680012226,0.1,230.0,1.7276016000053156,0.0,0.0,0.0
2010-11-24 00:00:00,0.6003833408226478,0.1,230.0,2.6103623514028165,0.0,0.0,0.0
2010-11-24 01:00:00,0.9626093519748218,0.1,230.0,4.185258052064443,0.0,0.0,0.0
2010-11-24 02:00:00,1.3646332601278022,0.1,230.0,5.933188087512184,0.0,0.0,0.0
2010-11-24 03:00:00,1.4370575728469857,0.1,230.0,6.248076403682547,0.0,0.0,0.0
2010-11-24 04:00:00,1.8389668822300642,0.1,230.0,7.995508183608974,0.0,0.0,0.0
2010-11-24 05:00:00,2.0750214736717805,0.1,230.0,9.021832494225132,0.0,0.0,0.0
2010-11-24 06:00:00,2.248288936859878,0.1,230.0,9.775169290695121,0.0,0.0,0.0
2010-11-24 07:00:00,2.2577177828639345,0.1,230.0,9.816164273321455,0.0,0.0,0.0
2010-11-24 08:00:00,2.448619109067069,0.1,230.0,10.646170039422039,0.0,0.0,0.0
2010-11-24 09:00:00,2.606432839456268,0.1,230.0,11.332316693288123,0.0,0.0,0.0
2010-11-24 10:00:00,2.6989254448586704,0.1,230.0,11.734458455907262,0.0,0.0,0.0
2010-11-24 11:00:00,2.433157469273068,0.1,230.0,10.578945518578555,0.0,0.0,0.0
2010-11-24 12:00:00,2.156864821414359,0.1,230.0,9.37767313658417,0.0,0.0,0.0
2010-11-24 13:00:00,2.1793995089712856,0.1,230.0,9.47565003900559,0.0,0.0,0.0
2010-11-24 14:00:00,1.7243152412018814,0.1,230.0,7.4970227878342675,0.0,0.0,0.0
2010-11-24 15:00:00,1.5496055424860964,0.1,230.0,6.737415402113462,0.0,0.0,0.0
2010-11-24 16:00:00,1.2445416991519,0.1,230.0,5.411050865877827,0.0,0.0,0.0
2010-11-24 17:00:00,0.9022175395048138,0.1,230.0,3.9226849543687554,0.0,0.0,0.0
2010-11-24 18:00:00,0.7223827885085992,0.1,230.0,3.140794732646083,0.0,0.0,0.0
2010-11-24 19:00:00,0.5709082970204545,0.1,230.0,2.4822099870454544,0.0,0.0,0.0
2010-11-24 20:00:00,0.5633386040200253,0.1,230.0,2.449298278347936,0.0,0.0,0.0
2010-11-24 21:00:00,0.6517471181308365,0.1,230.0,2.833683122307985,0.0,0.0,0.0
2010-11-24 22:00:00,0.480980308121989,0.1,230.0,2.0912187309651693,0.0,0.0,0.0
2010-11-24 23:00:00,0.5873966386707259,0.1,230.0,2.5538984290031563,0.0,0.0,0.0
2010-11-25 00:00:00,0.7731953685846524,0.1,230.0,3.361718993846315,0.0,0.0,0.0
2010-11-25 01:00:00,0.7637430599786638,0.1,230.0,3.3206219999072335,0.0,0.0,0.0
2010-11-25 02:00:00,1.18680932897438,0.1,230.0,5.160040560758174,0.0,0.0,0.0
2010-11-25 03:00:00,1.4173365915368676,0.1,230.0,6.162333006682033,0.0,0.0,0.0
2010-11-25 04:00:00,1.9120432337210267,0.1,230.0,8.313231450960986,0.0,0.0,0.0
2010-11-25 05:00:00,1.9820882552873147,0.1,230.0,8.617775022988324,0.0,0.0,0.0
2010-11-25 06:00:00,2.102189010344823,0.1,230.0,9.139952218890533,0.0,0.0,0.0
2010-11-25 07:00:00,2.314850800992017,0.1,230.0,10.06456869996529,0.0,0.0,0.0
2010-11-25 08:00:00,2.441146720663816,0.1,230.0,10.613681394190504,0.0,0.0,0.0
2010-11-25 09:00:00,2.536805516828381,0.1,230.0,11.029589203601658,0.0,0.0,0.0
2010-11-25 10:00:00,2.4983643348340046,0.1,230.0,10.862453629713064,0.0,0.0,0.0
2010-11-25 11:00:00,2.294582062942645,0.1,230.0,9.976443751924542,0.0,0.0,0.0
2010-11-25 12:00:00,2.1612403898019235,0.1,230.0,9.396697346964885,0.0,0.0,0.0
2010-11-25 13:00:00,2.040034907492033,0.1,230.0,8.869716989095796,0.0,0.0,0.0
2010-11-25 14:00:00,1.794347738521519,0.1,230.0,7.8015119066153,0.0,0.0,0.0
2010-11-25 15:00:00,1.3425153484558454,0.1,230.0,5.8370232541558495,0.0,0.0,0.0
2010-11-25 16:00:00,1.1285804189279338,0.1,230.0,4.90687138664319,0.0,0.0,0.0
2010-11-25 17:00:00,1.1003977495004837,0.1,230.0,4.784338041306452,0.0,0.0,0.0
2010-11-25 18:00:00,0.8862984840989454,0.1,230.0,3.853471669995415,0.0,0.0,0.0
2010-11-25 19:00:00,0.7838567847203151,0.1,230.0,3.4080729770448484,0.0,0.0,0.0
2010-11-25 20:00:00,0.5563619090123082,0.1,230.0,2.418964821792644,0.0,0.0,0.0
2010-11-25 21:00:00,0.4730585336702452,0.1,230.0,2.0567762333488924,0.0,0.0,0.0
2010-11-25 22:00:00,0.4929263863683859,0.1,230.0,2.1431582016016777,0.0,0.0,0.0
2010-11-25 23:00:00,0.6443864765654297,0.1,230.0,2.8016803328931728,0.0,0.0,0.0
2010-11-26 00:00:00,0.9241348298616873,0.1,230.0,4.017977521137771,0.0,0.0,0.0
2010-11-26 01:00:00,1.0682510037950852,0.1,230.0,4.644569581717762,0.0,0.0,0.0
2010-11-26 02:00:00,1.3055326719726235,0.1,230.0,5.676229008576623,0.0,0.0,0.0
2010-11-26 03:00:00,1.455182403318486,0.1,230.0,6.3268800144282,0.0,0.0,0.0
2010-11-26 04:00:00,1.7243765941112412,0.1,230.0,7.497289539614092,0.0,0.0,0.0
2010-11-26 05:00:00,1.9113584582269785,0.1,230.0,8.310254166204254,0.0,0.0,0.0
2010-11-26 06:00:00,2.2568833074264845,0.1,230.0,9.812536119245584,0.0,0.0,0.0
2010-11-26 07:00:00,2.405289833282532,0.1,230.0,10.457781883837097,0.0,0.0,0.0
2010-11-26 08:00:00,2.563780936157927,0.1,230.0,11.146873635469248,0.0,0.0,0.0
2010-11-26 09:00:00,2.5607816007767994,0.1,230.0,11.13383304685565,0.0,0.0,0.0
2010-11-26 10:00:00,2.4073852694481293,0.1,230.0,10.466892475861432,0.0,0.0,0.0
2010-11-26 11:00:00,2.4423844606546066,0.1,230.0,10.619062872411334,0.0,0.0,0.0
2010-11-26 12:00:00,2.2443587465030155,0.1,230.0,9.75808150653485,0.0,0.0,0.0
2010-11-26 13:00:00,2.075404707754846,0.1,230.0,9.023498729368896,0.0,0.0,0.0
2010-11-26 14:00:00,1.758145900095926,0.1,230.0,7.644112609112722,0.0,0.0,0.0
2010-11-26 15:00:00,1.4929868676994136,0.1,230.0,6.491247250867016,0.0,0.0,0.0
2010-11-26 16:00:00,1.5259617285922324,0.1,230.0,6.6346162112705755,0.0,0.0,0.0
2010-11-26 17:00:00,1.0600704183257321,0.1,230.0,4.609001818807531,0.0,0.0,0.0
2010-11-26 18:00:00,0.8573751129214511,0.1,230.0,3.7277178822671786,0.0,0.0,0.0
2010-11-26 19:00:00,0.6150753307347337,0.1,230.0,2.6742405684118857,0.0,0.0,0.0
2010-11-26 20:00:00,0.5715592215899125,0.1,230.0,2.4850400938691846,0.0,0.0,0.0
2010-11-26 21:00:00,0.4999637007843674,0.1,230.0,2.1737552208015973,0.0,0.0,0.0
2010-11-26 22:00:00,0.3076995406530866,0.1,230.0,1.3378240897960285,0.0,0.0,0.0
2010-11-26 23:00:00,0.752564246774164,0.1,230.0,3.2720184642354955,0.0,0.0,0.0
2010-11-27 00:00:00,1.14060021870849,0.1,230.0,4.959131385689087,0.0,0.0,0.0
2010-11-27 01:00:00,1.4289241775207437,0.1,230.0,6.212713815307581,0.0,0.0,0.0
2010-11-27 02:00:00,1.812729626864263,0.1,230.0,7.881433160279404,0.0,0.0,0.0
2010-11-27 03:00:00,1.9360902719429334,0.1,230.0,8.417783791056232,0.0,0.0,0.0
2010-11-27 04:00:00,2.3941068748391627,0.1,230.0,10.409160325387663,0.0,0.0,0.0
2010-11-27 05:00:00,2.4696889401305175,0.1,230.0,10.737778000567467,0.0,0.0,0.0
2010-11-27 06:00:00,2.7515320915974333,0.1,230.0,11.963183006945362,0.0,0.0,0.0
2010-11-27 07:00:00,3.0503898704314514,0.1,230.0,13.26256465404979,0.0,0.0,0.0
2010-11-27 08:00:00,3.1267945362523024,0.1,230.0,13.59475885327088,0.0,0.0,0.0
2010-11-27 09:00:00,3.2434409235031065,0.1,230.0,14.101917058709159,0.0,0.0,0.0
2010-11-27 10:00:00,3.160834856804743,0.1,230.0,13.742760246977143,0.0,0.0,0.0
2010-11-27 11:00:00,3.176201302417533,0.1,230.0,13.809570880076231,0.0,0.0,0.0
2010-11-27 12:00:00,2.890622927140141,0.1,230.0,12.567925770174527,0.0,0.0,0.0
2010-11-27 13:00:00,2.7346533664774655,0.1,230.0,11.889797245554199,0.0,0.0,0.0
2010-11-27 14:00:00,2.2843887158513128,0.1,230.0,9.932124851527446,0.0,0.0,0.0
2010-11-27 15:00:00,1.8264044514606301,0.1,230.0,7.940888919394044,0.0,0.0,0.0
2010-11-27 16:00:00,1.6931882453278835,0.1,230.0,7.361688023164711,0.0,0.0,0.0
2010-11-27 17:00:00,1.404449931892238,0.1,230.0,6.106304051705383,0.0,0.0,0.0
2010-11-27 18:00:00,1.1294068019957546,0.1,230.0,4.910464356503281,0.0,0.0,0.0
2010-11-27 19:00:00,0.7238998906272529,0.1,230.0,3.1473908288141432,0.0,0.0,0.0
2010-11-27 20:00:00,0.8335371827898003,0.1,230.0,3.62407470778174,0.0,0.0,0.0
2010-11-27 21:00:00,0.66845168847679,0.1,230.0,2.906311689029522,0.0,0.0,0.0
2010-11-27 22:00:00,0.7166786596618382,0.1,230.0,3.115994172442775,0.0,0.0,0.0
2010-11-27 23:00:00,0.9864172178970391,0.1,230.0,4.288770512595822,0.0,0.0,0.0
2010-11-28 00:00:00,1.0256559465598316,0.1,230.0,4.45937368069492,0.0,0.0,0.0
2010-11-28 01:00:00,1.4105827589029984,0.1,230.0,6.132968516969559,0.0,0.0,0.0
2010-11-28 02:00:00,1.637732355815498,0.1,230.0,7.120575460067382,0.0,0.0,0.0
2010-11-28 03:00:00,1.9968458952795438,0.1,230.0,8.681938675128452,0.0,0.0,0.0
2010-11-28 04:00:00,2.161988614866443,0.1,230.0,9.399950499419319,0.0,0.0,0.0
2010-11-28 05:00:00,2.5188815821945054,0.1,230.0,10.951659053019588,0.0,0.0,0.0
2010-11-28 06:00:00,2.8060144508125116,0.1,230.0,12.200062829619617,0.0,0.0,0.0
2010-11-28 07:00:00,3.064060619109987,0.1,230.0,13.322002691782552,0.0,0.0,0.0
2010-11-28 08:00:00,3.294909911699158,0.1,230.0,14.325695268257208,0.0,0.0,0.0
2010-11-28 09:00:00,3.290543664116688,0.1,230.0,14.306711583116035,0.0,0.0,0.0
2010-11-28 10:00:00,3.169402283494195,0.1,230.0,13.780009928235632,0.0,0.0,0.0
2010-11-28 11:00:00,2.9794830701638646,0.1,230.0,12.95427421810376,0.0,0.0,0.0
2010-11-28 12:00:00,2.852729819182389,0.1,230.0,12.403173126879954,0.0,0.0,0.0
2010-11-28 13:00:00,2.6570323354857446,0.1,230.0,11.552314502111933,0.0,0.0,0.0
2010-11-28 14:00:00,2.2660955440221047,0.1,230.0,9.852589321835238,0.0,0.0,0.0
2010-11-28 15:00:00,2.0384417519510984,0.1,230.0,8.862790225874342,0.0,0.0,0.0
2010-11-28 16:00:00,1.5733919036317623,0.1,230.0,6.8408343636163575,0.0,0.0,0.0
2010-11-28 17:00:00,1.2765931215087727,0.1,230.0,5.550404876125098,0.0,0.0,0.0
2010-11-28 18:00:00,0.8780521742063658,0.1,230.0,3.81761814872333,0.0,0.0,0.0
2010-11-28 19:00:00,0.8374054705227255,0.1,230.0,3.6408933500988065,0.0,0.0,0.0
2010-11-28 20:00:00,0.4895552101186921,0.1,230.0,2.1285009135595305,0.0,0.0,0.0
2010-11-28 21:00:00,0.7818972689323751,0.1,230.0,3.3995533431842397,0.0,0.0,0.0
2010-11-28 22:00:00,0.837802529225582,0.1,230.0,3.642619692285139,0.0,0.0,0.0
2010-11-28 23:00:00,0.8100835043164923,0.1,230.0,3.5221021926804017,0.0,0.0,0.0
2010-11-29 00:00:00,0.936206888271141,0.1,230.0,4.070464731613656,0.0,0.0,0.0
2010-11-29 01:00:00,1.0222370748060423,0.1,230.0,4.444509020895836,0.0,0.0,0.0
2010-11-29 02:00:00,1.1781442603493406,0.1,230.0,5.122366349344959,0.0,0.0,0.0
2010-11-29 03:00:00,1.567574985764704,0.1,230.0,6.815543416368278,0.0,0.0,0.0
2010-11-29 04:00:00,1.6895233506252887,0.1,230.0,7.34575369837082,0.0,0.0,0.0
2010-11-29 05:00:00,1.899751836309065,0.1,230.0,8.259790592648109,0.0,0.0,0.0
2010-11-29 06:00:00,2.2640501463238865,0.1,230.0,9.843696288364724,0.0,0.0,0.0
2010-11-29 07:00:00,2.150876849985863,0.1,230.0,9.351638478199405,0.0,0.0,0.0
2010-11-29 08:00:00,2.3269538072507654,0.1,230.0,10.117190466307676,0.0,0.0,0.0
2010-11-29 09:00:00,2.6008981996150604,0.1,230.0,11.308253041804612,0.0,0.0,0.0
2010-11-29 10:00:00,2.4895473807692814,0.1,230.0,10.824119046822963,0.0,0.0,0.0
2010-11-29 11:00:00,2.3998844142620155,0.1,230.0,10.434280062008764,0.0,0.0,0.0
2010-11-29 12:00:00,2.2526265015196674,0.1,230.0,9.794028267476815,0.0,0.0,0.0
2010-11-29 13:00:00,2.108005544421113,0.1,230.0,9.1652414974831,0.0,0.0,0.0
2010-11-29 14:00:00,1.8373934187186607,0.1,230.0,7.988667037907221,0.0,0.0,0.0
2010-11-29 15:00:00,1.457237233233601,0.1,230.0,6.335814057537396,0.0,0.0,0.0
2010-11-29 16:00:00,1.304026583011506,0.1,230.0,5.669680795702201,0.0,0.0,0.0
2010-11-29 17:00:00,1.1110710926475649,0.1,230.0,4.830743881076369,0.0,0.0,0.0
2010-11-29 18:00:00,0.6629785625399498,0.1,230.0,2.88251548930413,0.0,0.0,0.0
2010-11-29 19:00:00,0.47627767150084105,0.1,230.0,2.0707724847862656,0.0,0.0,0.0
2010-11-29 20:00:00,0.4613145405420116,0.1,230.0,2.0057153936609198,0.0,0.0,0.0
2010-11-29 21:00:00,0.6180442774893572,0.1,230.0,2.6871490325624228,0.0,0.0,0.0
2010-11-29 22:00:00,0.5071438974746455,0.1,230.0,2.2049734672810675,0.0,0.0,0.0
2010-11-29 23:00:00,0.5396266696078995,0.1,230.0,2.3462029113386937,0.0,0.0,0.0
2010-11-30 00:00:00,1.0538203172489016,0.1,230.0,4.581827466299572,0.0,0.0,0.0
2010-11-30 01:00:00,0.934062187487418,0.1,230.0,4.0611399455974695,0.0,0.0,0.0
2010-11-30 02:00:00,1.1627915351169897,0.1,230.0,5.055615370073869,0.0,0.0,0.0
2010-11-30 03:00:00,1.648219883080012,0.1,230.0,7.166173404695705,0.0,0.0,0.0
2010-11-30 04:00:00,1.9197764644371764,0.1,230.0,8.346854193205115,0.0,0.0,0.0
2010-11-30 05:00:00,1.986183957305843,0.1,230.0,8.635582423068882,0.0,0.0,0.0
2010-11-30 06:00:00,2.323257362059526,0.1,230.0,10.1011189654762,0.0,0.0,0.0
2010-11-30 07:00:00,2.3274790118946314,0.1,230.0,10.119473964759266,0.0,0.0,0.0
2010-11-30 08:00:00,2.28136137206774,0.1,230.0,9.918962487251044,0.0,0.0,0.0
2010-11-30 09:00:00,2.593097715908137,0.1,230.0,11.27433789525277,0.0,0.0,0.0
2010-11-30 10:00:00,2.269956549745762,0.1,230.0,9.869376303242444,0.0,0.0,0.0
2010-11-30 11:00:00,2.5133118151711766,0.1,230.0,10.92744267465729,0.0,0.0,0.0
2010-11-30 12:00:00,2.2045973322153687,0.1,230.0,9.585205792240734,0.0,0.0,0.0
2010-11-30 13:00:00,1.9255153061458565,0.1,230.0,8.37180567889503,0.0,0.0,0.0
2010-11-30 14:00:00,1.630829851504266,0.1,230.0,7.090564571757679,0.0,0.0,0.0
2010-11-30 15:00:00,1.4149331418510667,0.1,230.0,6.151883225439421,0.0,0.0,0.0
2010-11-30 16:00:00,1.3121886882805898,0.1,230.0,5.705168209915608,0.0,0.0,0.0
2010-11-30 17:00:00,0.9817985333344553,0.1,230.0,4.268689275367197,0.0,0.0,0.0
2010-11-30 18:00:00,0.8484394489109405,0.1,230.0,3.688867169178002,0.0,0.0,0.0
2010-11-30 19:00:00,0.6308965095881263,0.1,230.0,2.7430283025570708,0.0,0.0,0.0
2010-11-30 20:00:00,0.6551381433037278,0.1,230.0,2.848426710016208,0.0,0.0,0.0
2010-11-30 21:00:00,0.5843252934173551,0.1,230.0,2.5405447539885,0.0,0.0,0.0
2010-11-30 22:00:00,0.55859557616,0.1,230.0,2.4286764180869564,0.0,0.0,0.0
2010-11-30 23:00:00,0.7794149446422333,0.1,230.0,3.3887606288792753,0.0,0.0,0.0
2010-12-01 00:00:00,0.5905671556553427,0.1,230.0,2.567683285458012,0.0,0.0,0.0
2010-12-01 01:00:00,1.2408880877065438,0.1,230.0,5.395165598724103,0.0,0.0,0.0
2010-12-01 02:00:00,1.1540947699376924,0.1,230.0,5.017803347555184,0.0,0.0,0.0
2010-12-01 03:00:00,1.4942359780794088,0.1,230.0,6.496678165562647,0.0,0.0,0.0
2010-12-01 04:00:00,1.9680772215619007,0.1,230.0,8.556857485051742,0.0,0.0,0.0
2010-12-01 05:00:00,1.9588234597294965,0.1,230.0,8.516623737954333,0.0,0.0,0.0
2010-12-01 06:00:00,2.421877068551109,0.1,230.0,10.5299002980483,0.0,0.0,0.0
2010-12-01 07:00:00,2.4373185316082018,0.1,230.0,10.597037093948703,0.0,0.0,0.0
2010-12-01 08:00:00,2.4453909284869186,0.1,230.0,10.632134471682255,0.0,0.0,0.0
2010-12-01 09:00:00,2.2911629653541667,0.1,230.0,9.961578110235507,0.0,0.0,0.0
2010-12-01 10:00:00,2.4881719655109866,0.1,230.0,10.81813898048255,0.0,0.0,0.0
2010-12-01 11:00:00,2.2197887186125995,0.1,230.0,9.65125529831565,0.0,0.0,0.0
2010-12-01 12:00:00,2.1030492518581654,0.1,230.0,9.143692399383328,0.0,0.0,0.0
2010-12-01 13:00:00,2.094795351429665,0.1,230.0,9.107805875781153,0.0,0.0,0.0
2010-12-01 14:00:00,1.5717005728071145,0.1,230.0,6.83348075133528,0.0,0.0,0.0
2010-12-01 15:00:00,1.3435230769194328,0.1,230.0,5.841404682258404,0.0,0.0,0.0
2010-12-01 16:00:00,1.2521562526036167,0.1,230.0,5.444157620015726,0.0,0.0,0.0
2010-12-01 17:00:00,1.1242903517460086,0.1,230.0,4.88821892063482,0.0,0.0,0.0
2010-12-01 18:00:00,0.7857724552828879,0.1,230.0,3.416401979490817,0.0,0.0,0.0
2010-12-01 19:00:00,0.6388447334975231,0.1,230.0,2.777585797815318,0.0,0.0,0.0
2010-12-01 20:00:00,0.4991551360131117,0.1,230.0,2.170239721796138,0.0,0.0,0.0
2010-12-01 21:00:00,0.6044481071752863,0.1,230.0,2.6280352485882013,0.0,0.0,0.0
2010-12-01 22:00:00,0.4394426644352276,0.1,230.0,1.9106202801531638,0.0,0.0,0.0
2010-12-01 23:00:00,0.6001247863621617,0.1,230.0,2.609238201574616,0.0,0.0,0.0
2010-12-02 00:00:00,0.8097519363822031,0.1,230.0,3.5206605929661006,0.0,0.0,0.0
2010-12-02 01:00:00,0.9242673679465425,0.1,230.0,4.01855377368062,0.0,0.0,0.0
2010-12-02 02:00:00,1.217881997882211,0.1,230.0,5.295139121227005,0.0,0.0,0.0
2010-12-02 03:00:00,1.5684884641527788,0.1,230.0,6.819515061533821,0.0,0.0,0.0
2010-12-02 04:00:00,1.7674551246448038,0.1,230.0,7.684587498455669,0.0,0.0,0.0
2010-12-02 05:00:00,1.9351295828436132,0.1,230.0,8.413606881928754,0.0,0.0,0.0
2010-12-02 06:00:00,2.307246864431806,0.1,230.0,10.031508106225244,0.0,0.0,0.0
2010-12-02 07:00:00,2.392910525256319,0.1,230.0,10.403958805462256,0.0,0.0,0.0
2010-12-02 08:00:00,2.441076449893217,0.1,230.0,10.613375869100944,0.0,0.0,0.0
2010-12-02 09:00:00,2.440435425362743,0.1,230.0,10.61058880592497,0.0,0.0,0.0
2010-12-02 10:00:00,2.667132003982435,0.1,230.0,11.596226104271457,0.0,0.0,0.0
2010-12-02 11:00:00,2.288084963311373,0.1,230.0,9.948195492658144,0.0,0.0,0.0
2010-12-02 12:00:00,2.3648218432075447,0.1,230.0,10.281834100902367,0.0,0.0,0.0
2010-12-02 13:00:00,1.9247772336562905,0.1,230.0,8.368596668070829,0.0,0.0,0.0
2010-12-02 14:00:00,1.6942388894590745,0.1,230.0,7.366256041126411,0.0,0.0,0.0
2010-12-02 15:00:00,1.4121162528758675,0.1,230.0,6.13963588206899,0.0,0.0,0.0
2010-12-02 16:00:00,1.2486424036570938,0.1,230.0,5.428880015900408,0.0,0.0,0.0
2010-12-02 17:00:00,1.0411188671732527,0.1,230.0,4.5266037703184905,0.0,0.0,0.0
2010-12-02 18:00:00,0.8036172635882897,0.1,230.0,3.4939881025577813,0.0,0.0,0.0
2010-12-02 19:00:00,0.7288597112008054,0.1,230.0,3.168955266090458,0.0,0.0,0.0
2010-12-02 20:00:00,0.7607594983322312,0.1,230.0,3.3076499927488316,0.0,0.0,0.0
2010-12-02 21:00:00,0.4768971285496363,0.1,230.0,2.0734657763027666,0.0,0.0,0.0
2010-12-02 22:00:00,0.5346442071720756,0.1,230.0,2.324540031182938,0.0,0.0,0.0
2010-12-02 23:00:00,0.6604857038020723,0.1,230.0,2.8716769730524883,0.0,0.0,0.0
2010-12-03 00:00:00,0.845983490014157,0.1,230.0,3.678189087018074,0.0,0.0,0.0
2010-12-03 01:00:00,0.9824722928393516,0.1,230.0,4.27161866451892,0.0,0.0,0.0
2010-12-03 02:00:00,1.1397161810436394,0.1,230.0,4.955287743667998,0.0,0.0,0.0
2010-12-03 03:00:00,1.5251426151198448,0.1,230.0,6.631054848347151,0.0,0.0,0.0
2010-12-03 04:00:00,1.8484317197274205,0.1,230.0,8.036659650988785,0.0,0.0,0.0
2010-12-03 05:00:00,2.01073260054522,0.1,230.0,8.742315654544436,0.0,0.0,0.0
2010-12-03 06:00:00,2.2982058231717875,0.1,230.0,9.992199231181685,0.0,0.0,0.0
2010-12-03 07:00:00,2.3706779410294105,0.1,230.0,10.307295395780047,0.0,0.0,0.0
2010-12-03 08:00:00,2.3726482069734556,0.1,230.0,10.315861769449807,0.0,0.0,0.0
2010-12-03 09:00:00,2.404268663920789,0.1,230.0,10.453342017046909,0.0,0.0,0.0
2010-12-03 10:00:00,2.348022581285147,0.1,230.0,10.208793831674551,0.0,0.0,0.0
2010-12-03 11:00:00,2.3308656878834,0.1,230.0,10.134198642971306,0.0,0.0,0.0
2010-12-03 12:00:00,2.167591468979617,0.1,230.0,9.424310734693988,0.0,0.0,0.0
2010-12-03 13:00:00,2.0297894863553325,0.1,230.0,8.825171679805793,0.0,0.0,0.0
2010-12-03 14:00:00,1.7434360681569867,0.1,230.0,7.580156818073855,0.0,0.0,0.0
2010-12-03 15:00:00,1.4613167106299336,0.1,230.0,6.35355091578232,0.0,0.0,0.0
2010-12-03 16:00:00,1.1438217025701887,0.1,230.0,4.97313783726169,0.0,0.0,0.0
2010-12-03 17:00:00,0.9283005083338403,0.1,230.0,4.036089166668871,0.0,0.0,0.0
2010-12-03 18:00:00,0.6834803772093596,0.1,230.0,2.9716538139537376,0.0,0.0,0.0
2010-12-03 19:00:00,0.7574661470941442,0.1,230.0,3.293331074322366,0.0,0.0,0.0
2010-12-03 20:00:00,0.3216761196442808,0.1,230.0,1.3985918245403512,0.0,0.0,0.0
2010-12-03 21:00:00,0.518435389861587,0.1,230.0,2.2540669124416826,0.0,0.0,0.0
2010-12-03 22:00:00,0.5504413978653642,0.1,230.0,2.393223468979844,0.0,0.0,0.0
2010-12-03 23:00:00,0.7812696222987741,0.1,230.0,3.3968244447772786,0.0,0.0,0.0
2010-12-04 00:00:00,0.9034233672829752,0.1,230.0,3.927927683839023,0.0,0.0,0.0
2010-12-04 01:00:00,1.2531074087931062,0.1,230.0,5.448293081709158,0.0,0.0,0.0
2010-12-04 02:00:00,1.6318197234542287,0.1,230.0,7.094868362844472,0.0,0.0,0.0
2010-12-04 03:00:00,2.0374637788809555,0.1,230.0,8.858538169047632,0.0,0.0,0.0
2010-12-04 04:00:00,2.305984518460992,0.1,230.0,10.026019645482574,0.0,0.0,0.0
2010-12-04 05:00:00,2.461111430601897,0.1,230.0,10.700484480877813,0.0,0.0,0.0
2010-12-04 06:00:00,2.8677940916397695,0.1,230.0,12.468669963651173,0.0,0.0,0.0
2010-12-04 07:00:00,3.0074517526506996,0.1,230.0,13.075877185437825,0.0,0.0,0.0
2010-12-04 08:00:00,3.139368107631976,0.1,230.0,13.649426554921634,0.0,0.0,0.0
2010-12-04 09:00:00,3.1740918530663267,0.1,230.0,13.800399361157941,0.0,0.0,0.0
2010-12-04 10:00:00,3.1291877717978696,0.1,230.0,13.605164225208128,0.0,0.0,0.0
2010-12-04 11:00:00,3.0356372373586744,0.1,230.0,13.198422771124672,0.0,0.0,0.0
2010-12-04 12:00:00,2.928340848870634,0.1,230.0,12.731916734220148,0.0,0.0,0.0
2010-12-04 13:00:00,2.553443386855678,0.1,230.0,11.101927768937731,0.0,0.0,0.0
2010-12-04 14:00:00,2.184712813476344,0.1,230.0,9.498751362940625,0.0,0.0,0.0
2010-12-04 15:00:00,1.958401095656033,0.1,230.0,8.514787372417535,0.0,0.0,0.0
2010-12-04 16:00:00,1.5833878126578944,0.1,230.0,6.884294837643019,0.0,0.0,0.0
2010-12-04 17:00:00,1.452083796252634,0.1,230.0,6.313407809794061,0.0,0.0,0.0
2010-12-04 18:00:00,1.0009275532719892,0.1,230.0,4.351858927269519,0.0,0.0,0.0
2010-12-04 19:00:00,0.7586091345913707,0.1,230.0,3.2983005851798723,0.0,0.0,0.0
2010-12-04 20:00:00,0.8092151843324937,0.1,230.0,3.518326888402147,0.0,0.0,0.0
2010-12-04 21:00:00,0.66410672670267,0.1,230.0,2.887420550881174,0.0,0.0,0.0
2010-12-04 22:00:00,0.7926028176874995,0.1,230.0,3.4460992073369545,0.0,0.0,0.0
2010-12-04 23:00:00,0.7991089625447828,0.1,230.0,3.4743867936729687,0.0,0.0,0.0
2010-12-05 00:00:00,1.0622514680397197,0.1,230.0,4.618484643650955,0.0,0.0,0.0
2010-12-05 01:00:00,1.4539679103901397,0.1,230.0,6.321599610391911,0.0,0.0,0.0
2010-12-05 02:00:00,1.790312347007822,0.1,230.0,7.783966726120965,0.0,0.0,0.0
2010-12-05 03:00:00,1.8683649785188274,0.1,230.0,8.123325993560119,0.0,0.0,0.0
2010-12-05 04:00:00,2.3705779973187595,0.1,230.0,10.306860857907651,0.0,0.0,0.0
2010-12-05 05:00:00,2.5141693924602517,0.1,230.0,10.931171271566312,0.0,0.0,0.0
2010-12-05 06:00:00,2.8239392528928957,0.1,230.0,12.277996751708242,0.0,0.0,0.0
2010-12-05 07:00:00,3.110052278230669,0.1,230.0,13.521966427089867,0.0,0.0,0.0
2010-12-05 08:00:00,3.242754970905942,0.1,230.0,14.098934656112792,0.0,0.0,0.0
2010-12-05 09:00:00,3.1516587794062083,0.1,230.0,13.702864258287862,0.0,0.0,0.0
2010-12-05 10:00:00,3.2512843053442864,0.1,230.0,14.1360187188882,0.0,0.0,0.0
2010-12-05 11:00:00,3.0915964338384767,0.1,230.0,13.44172362538468,0.0,0.0,0.0
2010-12-05 12:00:00,2.978196637643931,0.1,230.0,12.948681033234482,0.0,0.0,0.0
2010-12-05 13:00:00,2.6671270643164955,0.1,230.0,11.596204627463024,0.0,0.0,0.0
2010-12-05 14:00:00,2.3257191955442886,0.1,230.0,10.111822589322994,0.0,0.0,0.0
2010-12-05 15:00:00,1.922176328443955,0.1,230.0,8.357288384538935,0.0,0.0,0.0
2010-12-05 16:00:00,1.6683980592536798,0.1,230.0,7.253904605450781,0.0,0.0,0.0
2010-12-05 17:00:00,1.3765044808527462,0.1,230.0,5.984802090664114,0.0,0.0,0.0
2010-12-05 18:00:00,0.9269941458768269,0.1,230.0,4.030409329899247,0.0,0.0,0.0
2010-12-05 19:00:00,1.0662272797152699,0.1,230.0,4.635770781370738,0.0,0.0,0.0
2010-12-05 20:00:00,0.6367109001037327,0.1,230.0,2.768308261320577,0.0,0.0,0.0
2010-12-05 21:00:00,0.7049698547951759,0.1,230.0,3.065086325196417,0.0,0.0,0.0
2010-12-05 22:00:00,0.8141389929734768,0.1,230.0,3.5397347520585947,0.0,0.0,0.0
2010-12-05 23:00:00,0.8453244394974491,0.1,230.0,3.6753236499889086,0.0,0.0,0.0
2010-12-06 00:00:00,0.805159667486372,0.1,230.0,3.500694206462487,0.0,0.0,0.0
2010-12-06 01:00:00,0.9344530812200423,0.1,230.0,4.062839483565401,0.0,0.0,0.0
2010-12-06 02:00:00,1.2399167983435173,0.1,230.0,5.3909426014935535,0.0,0.0,0.0
2010-12-06 03:00:00,1.474606147119973,0.1,230.0,6.411331074434665,0.0,0.0,0.0
2010-12-06 04:00:00,1.7577697343462815,0.1,230.0,7.642477105853398,0.0,0.0,0.0
2010-12-06 05:00:00,1.7166596499040738,0.1,230.0,7.463737608278582,0.0,0.0,0.0
2010-12-06 06:00:00,2.3113909188465165,0.1,230.0,10.049525734115289,0.0,0.0,0.0
2010-12-06 07:00:00,2.491702167193087,0.1,230.0,10.833487683448205,0.0,0.0,0.0
2010-12-06 08:00:00,2.370258984089996,0.1,230.0,10.305473843869548,0.0,0.0,0.0
2010-12-06 09:00:00,2.5247993448340047,0.1,230.0,10.977388455800021,0.0,0.0,0.0
2010-12-06 10:00:00,2.521606334793661,0.1,230.0,10.963505803450701,0.0,0.0,0.0
2010-12-06 11:00:00,2.4865796191662657,0.1,230.0,10.811215735505503,0.0,0.0,0.0
2010-12-06 12:00:00,2.188591487978735,0.1,230.0,9.515615165124935,0.0,0.0,0.0
2010-12-06 13:00:00,1.9534247755666156,0.1,230.0,8.49315119811572,0.0,0.0,0.0
2010-12-06 14:00:00,1.6705081568297375,0.1,230.0,7.263078942737989,0.0,0.0,0.0
2010-12-06 15:00:00,1.3983413012749906,0.1,230.0,6.079744788152134,0.0,0.0,0.0
2010-12-06 16:00:00,1.2513327823221945,0.1,230.0,5.440577314444323,0.0,0.0,0.0
2010-12-06 17:00:00,0.977450369019274,0.1,230.0,4.249784213127278,0.0,0.0,0.0
2010-12-06 18:00:00,0.8205998353251621,0.1,230.0,3.5678253709789653,0.0,0.0,0.0
2010-12-06 19:00:00,0.7250504097467999,0.1,230.0,3.152393085855652,0.0,0.0,0.0
2010-12-06 20:00:00,0.6939011358398621,0.1,230.0,3.016961460173314,0.0,0.0,0.0
2010-12-06 21:00:00,0.6250342421415391,0.1,230.0,2.717540183224083,0.0,0.0,0.0
2010-12-06 22:00:00,0.5408791145150889,0.1,230.0,2.3516483239786474,0.0,0.0,0.0
2010-12-06 23:00:00,0.8550176959438671,0.1,230.0,3.717468243234205,0.0,0.0,0.0
2010-12-07 00:00:00,1.0272321232271735,0.1,230.0,4.4662266227268415,0.0,0.0,0.0
2010-12-07 01:00:00,0.9409532756230713,0.1,230.0,4.091101198361179,0.0,0.0,0.0
2010-12-07 02:00:00,1.2506244076713546,0.1,230.0,5.437497424658064,0.0,0.0,0.0
2010-12-07 03:00:00,1.6268887577323712,0.1,230.0,7.073429381445092,0.0,0.0,0.0
2010-12-07 04:00:00,1.9452297269714285,0.1,230.0,8.45752055204969,0.0,0.0,0.0
2010-12-07 05:00:00,1.8104205213420206,0.1,230.0,7.871393571052263,0.0,0.0,0.0
2010-12-07 06:00:00,2.1877454908879255,0.1,230.0,9.511936916904023,0.0,0.0,0.0
2010-12-07 07:00:00,2.344646963100834,0.1,230.0,10.194117230873191,0.0,0.0,0.0
2010-12-07 08:00:00,2.500899777032529,0.1,230.0,10.873477291445779,0.0,0.0,0.0
2010-12-07 09:00:00,2.619820787328224,0.1,230.0,11.390525162296626,0.0,0.0,0.0
2010-12-07 10:00:00,2.371974268190703,0.1,230.0,10.312931600829142,0.0,0.0,0.0
2010-12-07 11:00:00,2.4501391623334343,0.1,230.0,10.652778966667105,0.0,0.0,0.0
2010-12-07 12:00:00,2.1568956750098325,0.1,230.0,9.377807282651444,0.0,0.0,0.0
2010-12-07 13:00:00,1.985891828899463,0.1,230.0,8.634312299562882,0.0,0.0,0.0
2010-12-07 14:00:00,1.6541861059155643,0.1,230.0,7.192113503980714,0.0,0.0,0.0
2010-12-07 15:00:00,1.2947679127005423,0.1,230.0,5.629425707393661,0.0,0.0,0.0
2010-12-07 16:00:00,1.4745035514695328,0.1,230.0,6.410885006389273,0.0,0.0,0.0
2010-12-07 17:00:00,1.059194274489795,0.1,230.0,4.605192497781718,0.0,0.0,0.0
2010-12-07 18:00:00,0.7068890585168616,0.1,230.0,3.073430689203746,0.0,0.0,0.0
2010-12-07 19:00:00,0.4427503859964964,0.1,230.0,1.9250016782456365,0.0,0.0,0.0
2010-12-07 20:00:00,0.5945250078193342,0.1,230.0,2.584891338344931,0.0,0.0,0.0
2010-12-07 21:00:00,0.267436809289326,0.1,230.0,1.1627687360405479,0.0,0.0,0.0
2010-12-07 22:00:00,0.5405651037149876,0.1,230.0,2.3502830596303808,0.0,0.0,0.0
2010-12-07 23:00:00,0.5782491584375418,0.1,230.0,2.5141267758153987,0.0,0.0,0.0
2010-12-08 00:00:00,0.8184891763342718,0.1,230.0,3.558648592757703,0.0,0.0,0.0
2010-12-08 01:00:00,1.1497907797693323,0.1,230.0,4.999090346823184,0.0,0.0,0.0
2010-12-08 02:00:00,1.1706285790722724,0.1,230.0,5.089689474227271,0.0,0.0,0.0
2010-12-08 03:00:00,1.4345561324924574,0.1,230.0,6.237200576054163,0.0,0.0,0.0
2010-12-08 04:00:00,1.6321574635791454,0.1,230.0,7.096336798170197,0.0,0.0,0.0
2010-12-08 05:00:00,1.9210528912719433,0.1,230.0,8.352403875095405,0.0,0.0,0.0
2010-12-08 06:00:00,2.183894215953456,0.1,230.0,9.495192243275895,0.0,0.0,0.0
2010-12-08 07:00:00,2.431379555253709,0.1,230.0,10.571215457624822,0.0,0.0,0.0
2010-12-08 08:00:00,2.600661783233332,0.1,230.0,11.30722514449275,0.0,0.0,0.0
2010-12-08 09:00:00,2.4681990165294594,0.1,230.0,10.731300071867214,0.0,0.0,0.0
2010-12-08 10:00:00,2.501325625703103,0.1,230.0,10.875328807404795,0.0,0.0,0.0
2010-12-08 11:00:00,2.3511424410097193,0.1,230.0,10.222358439172693,0.0,0.0,0.0
2010-12-08 12:00:00,2.0476933064780964,0.1,230.0,8.903014375991724,0.0,0.0,0.0
2010-12-08 13:00:00,1.8434588437491477,0.1,230.0,8.015038451083251,0.0,0.0,0.0
2010-12-08 14:00:00,1.778602542223064,0.1,230.0,7.733054531404626,0.0,0.0,0.0
2010-12-08 15:00:00,1.702710597128438,0.1,230.0,7.403089552732339,0.0,0.0,0.0
2010-12-08 16:00:00,1.2577065670560723,0.1,230.0,5.468289421982924,0.0,0.0,0.0
2010-12-08 17:00:00,0.8919972452817879,0.1,230.0,3.878248892529513,0.0,0.0,0.0
2010-12-08 18:00:00,0.7085900610548189,0.1,230.0,3.080826352412256,0.0,0.0,0.0
2010-12-08 19:00:00,0.6126395045596045,0.1,230.0,2.663650019824367,0.0,0.0,0.0
2010-12-08 20:00:00,0.32507298151697,0.1,230.0,1.4133607892042175,0.0,0.0,0.0
2010-12-08 21:00:00,0.5011754489093271,0.1,230.0,2.179023690910118,0.0,0.0,0.0
2010-12-08 22:00:00,0.43007126777939586,0.1,230.0,1.869875077301721,0.0,0.0,0.0
2010-12-08 23:00:00,0.7450592590001819,0.1,230.0,3.2393880826094863,0.0,0.0,0.0
2010-12-09 00:00:00,0.834391462200352,0.1,230.0,3.6277889660884868,0.0,0.0,0.0
2010-12-09 01:00:00,1.210137999846799,0.1,230.0,5.2614695645513,0.0,0.0,0.0
2010-12-09 02:00:00,1.1579752338269804,0.1,230.0,5.034674929682524,0.0,0.0,0.0
2010-12-09 03:00:00,1.3922666113148612,0.1,230.0,6.053333092673309,0.0,0.0,0.0
2010-12-09 04:00:00,1.8802280334322476,0.1,230.0,8.174904493183686,0.0,0.0,0.0
2010-12-09 05:00:00,2.183208223866052,0.1,230.0,9.492209668982834,0.0,0.0,0.0
2010-12-09 06:00:00,2.0588981434837836,0.1,230.0,8.951731058625146,0.0,0.0,0.0
2010-12-09 07:00:00,2.355050489525729,0.1,230.0,10.239349954459692,0.0,0.0,0.0
2010-12-09 08:00:00,2.3767340582162513,0.1,230.0,10.333626340070659,0.0,0.0,0.0
2010-12-09 09:00:00,2.451095098968158,0.1,230.0,10.656935212905037,0.0,0.0,0.0
2010-12-09 10:00:00,2.238902516731738,0.1,230.0,9.73435876839886,0.0,0.0,0.0
2010-12-09 11:00:00,2.370447583303234,0.1,230.0,10.306293840448845,0.0,0.0,0.0
2010-12-09 12:00:00,2.164889648030943,0.1,230.0,9.412563687091057,0.0,0.0,0.0
2010-12-09 13:00:00,1.9841348897833602,0.1,230.0,8.626673433840697,0.0,0.0,0.0
2010-12-09 14:00:00,1.751045075148785,0.1,230.0,7.61323945716863,0.0,0.0,0.0
2010-12-09 15:00:00,1.55888008082917,0.1,230.0,6.777739481865957,0.0,0.0,0.0
2010-12-09 16:00:00,1.3770243752601967,0.1,230.0,5.987062501131289,0.0,0.0,0.0
2010-12-09 17:00:00,0.9824391466864992,0.1,230.0,4.271474550810867,0.0,0.0,0.0
2010-12-09 18:00:00,0.8728117633235083,0.1,230.0,3.794833753580471,0.0,0.0,0.0
2010-12-09 19:00:00,0.5639056863744623,0.1,230.0,2.4517638538020097,0.0,0.0,0.0
2010-12-09 20:00:00,0.43541905870330944,0.1,230.0,1.8931263421883018,0.0,0.0,0.0
2010-12-09 21:00:00,0.6441377596636575,0.1,230.0,2.8005989550593804,0.0,0.0,0.0
2010-12-09 22:00:00,0.609521075697446,0.1,230.0,2.6500916334671567,0.0,0.0,0.0
2010-12-09 23:00:00,0.7313466929581534,0.1,230.0,3.1797682302528405,0.0,0.0,0.0
2010-12-10 00:00:00,0.8267113898526308,0.1,230.0,3.5943973471853514,0.0,0.0,0.0
2010-12-10 01:00:00,1.1169981283271,0.1,230.0,4.856513601422174,0.0,0.0,0.0
2010-12-10 02:00:00,1.2434794703778536,0.1,230.0,5.406432479903711,0.0,0.0,0.0
2010-12-10 03:00:00,1.3633155584538774,0.1,230.0,5.927458949799467,0.0,0.0,0.0
2010-12-10 04:00:00,1.7275931664840143,0.1,230.0,7.511274636887019,0.0,0.0,0.0
2010-12-10 05:00:00,2.148086146239481,0.1,230.0,9.339504983649917,0.0,0.0,0.0
2010-12-10 06:00:00,2.2607691595216894,0.1,230.0,9.829431128355171,0.0,0.0,0.0
2010-12-10 07:00:00,2.349614523912232,0.1,230.0,10.21571532135753,0.0,0.0,0.0
2010-12-10 08:00:00,2.609668405685729,0.1,230.0,11.346384372546646,0.0,0.0,0.0
2010-12-10 09:00:00,2.495576042320508,0.1,230.0,10.850330618784817,0.0,0.0,0.0
2010-12-10 10:00:00,2.3830654986159656,0.1,230.0,10.361154341808547,0.0,0.0,0.0
2010-12-10 11:00:00,2.3565626180645736,0.1,230.0,10.245924426367711,0.0,0.0,0.0
2010-12-10 12:00:00,2.2124832296150982,0.1,230.0,9.61949230267434,0.0,0.0,0.0
2010-12-10 13:00:00,1.922143556383009,0.1,230.0,8.35714589731743,0.0,0.0,0.0
2010-12-10 14:00:00,1.7050294991961792,0.1,230.0,7.4131717356355615,0.0,0.0,0.0
2010-12-10 15:00:00,1.3715283367412294,0.1,230.0,5.963166681483606,0.0,0.0,0.0
2010-12-10 16:00:00,1.27224232592058,0.1,230.0,5.531488373567739,0.0,0.0,0.0
2010-12-10 17:00:00,1.0869301658036903,0.1,230.0,4.725783329581262,0.0,0.0,0.0
2010-12-10 18:00:00,0.8132257630243882,0.1,230.0,3.535764187062558,0.0,0.0,0.0
2010-12-10 19:00:00,0.6737241676970633,0.1,230.0,2.9292355117263624,0.0,0.0,0.0
2010-12-10 20:00:00,0.5615041085779763,0.1,230.0,2.4413222112085924,0.0,0.0,0.0
2010-12-10 21:00:00,0.41712397403800716,0.1,230.0,1.8135824958174223,0.0,0.0,0.0
2010-12-10 22:00:00,0.44189235129007676,0.1,230.0,1.9212710925655512,0.0,0.0,0.0
2010-12-10 23:00:00,0.5038951296820888,0.1,230.0,2.1908483899221256,0.0,0.0,0.0
2010-12-11 00:00:00,1.0182393710994462,0.1,230.0,4.427127700432375,0.0,0.0,0.0
2010-12-11 01:00:00,1.2802962312496509,0.1,230.0,5.566505353259352,0.0,0.0,0.0
2010-12-11 02:00:00,1.7239168291815086,0.1,230.0,7.495290561658733,0.0,0.0,0.0
2010-12-11 03:00:00,1.845563008805027,0.1,230.0,8.024186994804465,0.0,0.0,0.0
2010-12-11 04:00:00,2.271873540752917,0.1,230.0,9.877711046751813,0.0,0.0,0.0
2010-12-11 05:00:00,2.7681585651548994,0.1,230.0,12.035472022412605,0.0,0.0,0.0
2010-12-11 06:00:00,2.8609619985422663,0.1,230.0,12.438965211053333,0.0,0.0,0.0
2010-12-11 07:00:00,3.0792110455932553,0.1,230.0,13.387874111275023,0.0,0.0,0.0
2010-12-11 08:00:00,3.34415165326749,0.1,230.0,14.539789796815175,0.0,0.0,0.0
2010-12-11 09:00:00,3.2329290047328447,0.1,230.0,14.056213064055846,0.0,0.0,0.0
2010-12-11 10:00:00,3.3500020066656155,0.1,230.0,14.56522611593746,0.0,0.0,0.0
2010-12-11 11:00:00,3.122557358550794,0.1,230.0,13.576336341525192,0.0,0.0,0.0
2010-12-11 12:00:00,2.705475772764237,0.1,230.0,11.762938142453203,0.0,0.0,0.0
2010-12-11 13:00:00,2.658253842974314,0.1,230.0,11.557625404236148,0.0,0.0,0.0
2010-12-11 14:00:00,2.2322820568973656,0.1,230.0,9.705574160423328,0.0,0.0,0.0
2010-12-11 15:00:00,1.9692950406506557,0.1,230.0,8.562152350655024,0.0,0.0,0.0
2010-12-11 16:00:00,1.4584855073156922,0.1,230.0,6.341241336155183,0.0,0.0,0.0
2010-12-11 17:00:00,1.326501671999944,0.1,230.0,5.767398573912801,0.0,0.0,0.0
2010-12-11 18:00:00,1.0037080459936032,0.1,230.0,4.363948026059144,0.0,0.0,0.0
2010-12-11 19:00:00,0.807519237388785,0.1,230.0,3.5109532060381956,0.0,0.0,0.0
2010-12-11 20:00:00,0.7508279594357187,0.1,230.0,3.2644693888509506,0.0,0.0,0.0
2010-12-11 21:00:00,0.46168195392844447,0.1,230.0,2.0073128431671496,0.0,0.0,0.0
2010-12-11 22:00:00,0.8533052443169253,0.1,230.0,3.7100228013779364,0.0,0.0,0.0
2010-12-11 23:00:00,0.8443859062287848,0.1,230.0,3.671243070559934,0.0,0.0,0.0
2010-12-12 00:00:00,1.1937860093593218,0.1,230.0,5.190373953736182,0.0,0.0,0.0
2010-12-12 01:00:00,1.3909702076586927,0.1,230.0,6.047696555037795,0.0,0.0,0.0
2010-12-12 02:00:00,1.6936663244256682,0.1,230.0,7.3637666279376885,0.0,0.0,0.0
2010-12-12 03:00:00,1.8771389544305797,0.1,230.0,8.161473714915564,0.0,0.0,0.0
2010-12-12 04:00:00,2.2476283094732743,0.1,230.0,9.772296997709889,0.0,0.0,0.0
2010-12-12 05:00:00,2.578499078439594,0.1,230.0,11.210865558433015,0.0,0.0,0.0
2010-12-12 06:00:00,2.908000217425663,0.1,230.0,12.643479206198537,0.0,0.0,0.0
2010-12-12 07:00:00,2.9771618698656788,0.1,230.0,12.944182042894257,0.0,0.0,0.0
2010-12-12 08:00:00,3.211315798180255,0.1,230.0,13.962242600783718,0.0,0.0,0.0
2010-12-12 09:00:00,3.220574391281583,0.1,230.0,14.002497353398189,0.0,0.0,0.0
2010-12-12 10:00:00,3.3433158671842986,0.1,230.0,14.536155944279558,0.0,0.0,0.0
2010-12-12 11:00:00,3.0121322009176184,0.1,230.0,13.096226960511384,0.0,0.0,0.0
2010-12-12 12:00:00,2.6814954896831633,0.1,230.0,11.65867604210071,0.0,0.0,0.0
2010-12-12 13:00:00,2.6569261747895436,0.1,230.0,11.55185293386758,0.0,0.0,0.0
2010-12-12 14:00:00,2.3871535091941243,0.1,230.0,10.378928300844018,0.0,0.0,0.0
2010-12-12 15:00:00,1.9513546376368178,0.1,230.0,8.484150598420948,0.0,0.0,0.0
2010-12-12 16:00:00,1.5777645745865836,0.1,230.0,6.859845976463407,0.0,0.0,0.0
2010-12-12 17:00:00,1.2631449151812382,0.1,230.0,5.491934413831471,0.0,0.0,0.0
2010-12-12 18:00:00,0.9308894131148924,0.1,230.0,4.047345274412575,0.0,0.0,0.0
2010-12-12 19:00:00,0.8418963048838974,0.1,230.0,3.6604187168865105,0.0,0.0,0.0
2010-12-12 20:00:00,0.6340533397979753,0.1,230.0,2.7567536512955444,0.0,0.0,0.0
2010-12-12 21:00:00,0.6550384286620325,0.1,230.0,2.8479931680957935,0.0,0.0,0.0
2010-12-12 22:00:00,0.6182671794487221,0.1,230.0,2.6881181715161833,0.0,0.0,0.0
2010-12-12 23:00:00,0.8518744477339195,0.1,230.0,3.7038019466692154,0.0,0.0,0.0
2010-12-13 00:00:00,0.7197305063799767,0.1,230.0,3.12926307121729,0.0,0.0,0.0
2010-12-13 01:00:00,0.9307544649909388,0.1,230.0,4.046758543438864,0.0,0.0,0.0
2010-12-13 02:00:00,1.2507660622326058,0.1,230.0,5.4381133140548075,0.0,0.0,0.0
2010-12-13 03:00:00,1.396853197635036,0.1,230.0,6.0732747723262435,0.0,0.0,0.0
2010-12-13 04:00:00,1.892814368371533,0.1,230.0,8.229627688571883,0.0,0.0,0.0
2010-12-13 05:00:00,1.9788500479906548,0.1,230.0,8.603695860828934,0.0,0.0,0.0
2010-12-13 06:00:00,2.091636998641144,0.1,230.0,9.094073907135407,0.0,0.0,0.0
2010-12-13 07:00:00,2.4229058710279965,0.1,230.0,10.534373352295637,0.0,0.0,0.0
2010-12-13 08:00:00,2.508787564924418,0.1,230.0,10.907772021410512,0.0,0.0,0.0
2010-12-13 09:00:00,2.5097648621966693,0.1,230.0,10.912021139985518,0.0,0.0,0.0
2010-12-13 10:00:00,2.442729354259635,0.1,230.0,10.6205624098245,0.0,0.0,0.0
2010-12-13 11:00:00,2.3207265734270974,0.1,230.0,10.090115536639553,0.0,0.0,0.0
2010-12-13 12:00:00,2.1644136005608443,0.1,230.0,9.410493915481931,0.0,0.0,0.0
2010-12-13 13:00:00,2.0978602053327213,0.1,230.0,9.12113132753357,0.0,0.0,0.0
2010-12-13 14:00:00,1.922109345669977,0.1,230.0,8.356997155086855,0.0,0.0,0.0
2010-12-13 15:00:00,1.4011840555047268,0.1,230.0,6.092104589150986,0.0,0.0,0.0
2010-12-13 16:00:00,1.026100786482644,0.1,230.0,4.4613077673158426,0.0,0.0,0.0
2010-12-13 17:00:00,1.1365913322424062,0.1,230.0,4.941701444532201,0.0,0.0,0.0
2010-12-13 18:00:00,0.6180680667922359,0.1,230.0,2.687252464314069,0.0,0.0,0.0
2010-12-13 19:00:00,0.744858573346575,0.1,230.0,3.2385155362894564,0.0,0.0,0.0
2010-12-13 20:00:00,0.46355364501485796,0.1,230.0,2.0154506304993824,0.0,0.0,0.0
2010-12-13 21:00:00,0.4164383494816724,0.1,230.0,1.810601519485532,0.0,0.0,0.0
2010-12-13 22:00:00,0.4835598425530396,0.1,230.0,2.102434098056694,0.0,0.0,0.0
2010-12-13 23:00:00,0.6383795235622854,0.1,230.0,2.7755631459229804,0.0,0.0,0.0
2010-12-14 00:00:00,0.5829842916961414,0.1,230.0,2.5347143117223543,0.0,0.0,0.0
2010-12-14 01:00:00,1.1651612457124563,0.1,230.0,5.065918459619375,0.0,0.0,0.0
2010-12-14 02:00:00,1.2798043633101042,0.1,230.0,5.564366797000453,0.0,0.0,0.0
2010-12-14 03:00:00,1.48405360436892,0.1,230.0,6.452406975517044,0.0,0.0,0.0
2010-12-14 04:00:00,1.8542202720867162,0.1,230.0,8.061827269942244,0.0,0.0,0.0
2010-12-14 05:00:00,1.9156868923086536,0.1,230.0,8.329073444820233,0.0,0.0,0.0
2010-12-14 06:00:00,2.137067375346981,0.1,230.0,9.291597284117309,0.0,0.0,0.0
2010-12-14 07:00:00,2.5179476906189118,0.1,230.0,10.947598654864834,0.0,0.0,0.0
2010-12-14 08:00:00,2.132462996925084,0.1,230.0,9.271578247500365,0.0,0.0,0.0
2010-12-14 09:00:00,2.289014656883548,0.1,230.0,9.952237638624121,0.0,0.0,0.0
2010-12-14 10:00:00,2.4709464665253447,0.1,230.0,10.743245506631933,0.0,0.0,0.0
2010-12-14 11:00:00,2.2039627154379713,0.1,230.0,9.582446588860746,0.0,0.0,0.0
2010-12-14 12:00:00,2.2884627962644366,0.1,230.0,9.949838244627985,0.0,0.0,0.0
2010-12-14 13:00:00,1.9957481409422264,0.1,230.0,8.677165830183593,0.0,0.0,0.0
2010-12-14 14:00:00,1.6971935335556712,0.1,230.0,7.379102319807266,0.0,0.0,0.0
2010-12-14 15:00:00,1.4845738755884073,0.1,230.0,6.454669024297423,0.0,0.0,0.0
2010-12-14 16:00:00,1.1901933168630405,0.1,230.0,5.174753551578437,0.0,0.0,0.0
2010-12-14 17:00:00,1.0492628666855301,0.1,230.0,4.562012463850131,0.0,0.0,0.0
2010-12-14 18:00:00,0.9950816679508612,0.1,230.0,4.326442034568962,0.0,0.0,0.0
2010-12-14 19:00:00,0.5387983856403423,0.1,230.0,2.3426016766971403,0.0,0.0,0.0
2010-12-14 20:00:00,0.6821676757081769,0.1,230.0,2.9659464161225086,0.0,0.0,0.0
2010-12-14 21:00:00,0.3739658115284321,0.1,230.0,1.6259383109931833,0.0,0.0,0.0
2010-12-14 22:00:00,0.6047009341955659,0.1,230.0,2.6291344965024606,0.0,0.0,0.0
2010-12-14 23:00:00,0.58667275847072,0.1,230.0,2.550751123785739,0.0,0.0,0.0
2010-12-15 00:00:00,0.7387719425912035,0.1,230.0,3.21205192430958,0.0,0.0,0.0
2010-12-15 01:00:00,1.1705727711541059,0.1,230.0,5.089446831104808,0.0,0.0,0.0
2010-12-15 02:00:00,1.2962870605282144,0.1,230.0,5.636030697948758,0.0,0.0,0.0
2010-12-15 03:00:00,1.424697394307687,0.1,230.0,6.194336496989944,0.0,0.0,0.0
2010-12-15 04:00:00,1.7708868763591292,0.1,230.0,7.69950815808317,0.0,0.0,0.0
2010-12-15 05:00:00,2.0342049753222136,0.1,230.0,8.844369457922667,0.0,0.0,0.0
2010-12-15 06:00:00,2.1510657956260113,0.1,230.0,9.352459980982657,0.0,0.0,0.0
2010-12-15 07:00:00,2.4945134948932512,0.1,230.0,10.845710847361962,0.0,0.0,0.0
2010-12-15 08:00:00,2.521718249079058,0.1,230.0,10.963992387300253,0.0,0.0,0.0
2010-12-15 09:00:00,2.5067737258808798,0.1,230.0,10.899016199482086,0.0,0.0,0.0
2010-12-15 10:00:00,2.3876700255173926,0.1,230.0,10.381174023988665,0.0,0.0,0.0
2010-12-15 11:00:00,2.2432870086192906,0.1,230.0,9.753421776605611,0.0,0.0,0.0
2010-12-15 12:00:00,2.262586255096977,0.1,230.0,9.8373315438999,0.0,0.0,0.0
2010-12-15 13:00:00,2.0216485182676553,0.1,230.0,8.78977616638111,0.0,0.0,0.0
2010-12-15 14:00:00,1.608588907389624,0.1,230.0,6.9938648147374955,0.0,0.0,0.0
2010-12-15 15:00:00,1.608489622958066,0.1,230.0,6.993433143295939,0.0,0.0,0.0
2010-12-15 16:00:00,1.068685286827652,0.1,230.0,4.6464577688158775,0.0,0.0,0.0
2010-12-15 17:00:00,1.0824039796949743,0.1,230.0,4.706104259543366,0.0,0.0,0.0
2010-12-15 18:00:00,0.6124233101416707,0.1,230.0,2.662710044094221,0.0,0.0,0.0
2010-12-15 19:00:00,0.7220786825730636,0.1,230.0,3.1394725329263635,0.0,0.0,0.0
2010-12-15 20:00:00,0.5003383411020768,0.1,230.0,2.17538409174816,0.0,0.0,0.0
2010-12-15 21:00:00,0.5927103336922682,0.1,230.0,2.577001450835949,0.0,0.0,0.0
2010-12-15 22:00:00,0.5236133156086359,0.1,230.0,2.2765796330810253,0.0,0.0,0.0
2010-12-15 23:00:00,0.5493419268071127,0.1,230.0,2.388443160030925,0.0,0.0,0.0
2010-12-16 00:00:00,0.9686409790601003,0.1,230.0,4.21148251765261,0.0,0.0,0.0
2010-12-16 01:00:00,0.9135120429109985,0.1,230.0,3.9717914909173846,0.0,0.0,0.0
2010-12-16 02:00:00,1.2556246749478488,0.1,230.0,5.45923771716456,0.0,0.0,0.0
2010-12-16 03:00:00,1.5597134494686202,0.1,230.0,6.781362823776609,0.0,0.0,0.0
2010-12-16 04:00:00,1.5965946054533195,0.1,230.0,6.941715675883998,0.0,0.0,0.0
2010-12-16 05:00:00,1.8489105119575242,0.1,230.0,8.038741356337061,0.0,0.0,0.0
2010-12-16 06:00:00,2.2368687856791385,0.1,230.0,9.725516459474514,0.0,0.0,0.0
2010-12-16 07:00:00,2.426795263596458,0.1,230.0,10.551283754767208,0.0,0.0,0.0
2010-12-16 08:00:00,2.4824571061766267,0.1,230.0,10.793291765985334,0.0,0.0,0.0
2010-12-16 09:00:00,2.665355440131394,0.1,230.0,11.588501913614756,0.0,0.0,0.0
2010-12-16 10:00:00,2.4249666398641927,0.1,230.0,10.543333216800837,0.0,0.0,0.0
2010-12-16 11:00:00,2.4303347642132547,0.1,230.0,10.566672887883717,0.0,0.0,0.0
2010-12-16 12:00:00,2.1013406808960715,0.1,230.0,9.136263829982921,0.0,0.0,0.0
2010-12-16 13:00:00,1.9577796596846153,0.1,230.0,8.512085476889633,0.0,0.0,0.0
2010-12-16 14:00:00,1.8104500495768365,0.1,230.0,7.871521954681898,0.0,0.0,0.0
2010-12-16 15:00:00,1.4825166345760437,0.1,230.0,6.445724498156711,0.0,0.0,0.0
2010-12-16 16:00:00,1.1596802212463826,0.1,230.0,5.042087918462533,0.0,0.0,0.0
2010-12-16 17:00:00,1.0083091719817066,0.1,230.0,4.383952921659594,0.0,0.0,0.0
2010-12-16 18:00:00,0.8350431228542844,0.1,230.0,3.6306222732794975,0.0,0.0,0.0
2010-12-16 19:00:00,0.608307823316168,0.1,230.0,2.644816623113774,0.0,0.0,0.0
2010-12-16 20:00:00,0.4099378370167572,0.1,230.0,1.7823384218119875,0.0,0.0,0.0
2010-12-16 21:00:00,0.421700384969079,0.1,230.0,1.8334799346481698,0.0,0.0,0.0
2010-12-16 22:00:00,0.7031244038409763,0.1,230.0,3.057062625395549,0.0,0.0,0.0
2010-12-16 23:00:00,0.8249510573305677,0.1,230.0,3.586743727524208,0.0,0.0,0.0
2010-12-17 00:00:00,0.7958548593790826,0.1,230.0,3.46023851903949,0.0,0.0,0.0
2010-12-17 01:00:00,0.9868824057608001,0.1,230.0,4.290793068525218,0.0,0.0,0.0
2010-12-17 02:00:00,1.262385908683541,0.1,230.0,5.488634385580613,0.0,0.0,0.0
2010-12-17 03:00:00,1.4191011378798954,0.1,230.0,6.170004947303894,0.0,0.0,0.0
2010-12-17 04:00:00,1.82594211686385,0.1,230.0,7.938878768973261,0.0,0.0,0.0
2010-12-17 05:00:00,1.9869610355757068,0.1,230.0,8.638961024242203,0.0,0.0,0.0
2010-12-17 06:00:00,2.230243696235501,0.1,230.0,9.696711722763048,0.0,0.0,0.0
2010-12-17 07:00:00,2.335736626977504,0.1,230.0,10.155376639032626,0.0,0.0,0.0
2010-12-17 08:00:00,2.5536785028701012,0.1,230.0,11.1029500124787,0.0,0.0,0.0
2010-12-17 09:00:00,2.5345936492381367,0.1,230.0,11.019972387991897,0.0,0.0,0.0
2010-12-17 10:00:00,2.3427184623669657,0.1,230.0,10.185732445073763,0.0,0.0,0.0
2010-12-17 11:00:00,2.2714210089231246,0.1,230.0,9.875743517057064,0.0,0.0,0.0
2010-12-17 12:00:00,2.306280381323125,0.1,230.0,10.027306005752719,0.0,0.0,0.0
2010-12-17 13:00:00,1.9924585255162794,0.1,230.0,8.662863154418606,0.0,0.0,0.0
2010-12-17 14:00:00,1.746207683145177,0.1,230.0,7.592207318022509,0.0,0.0,0.0
2010-12-17 15:00:00,1.5704037729898854,0.1,230.0,6.8278424912603715,0.0,0.0,0.0
2010-12-17 16:00:00,1.2556513709966588,0.1,230.0,5.459353786941995,0.0,0.0,0.0
2010-12-17 17:00:00,0.9131333827047247,0.1,230.0,3.9701451421944554,0.0,0.0,0.0
2010-12-17 18:00:00,0.7910308382603846,0.1,230.0,3.4392645141755853,0.0,0.0,0.0
2010-12-17 19:00:00,0.7293305239133845,0.1,230.0,3.17100227788428,0.0,0.0,0.0
2010-12-17 20:00:00,0.5276655556143057,0.1,230.0,2.294198067888286,0.0,0.0,0.0
2010-12-17 21:00:00,0.41161018200090155,0.1,230.0,1.7896094869604415,0.0,0.0,0.0
2010-12-17 22:00:00,0.6597722281109838,0.1,230.0,2.868574904830364,0.0,0.0,0.0
2010-12-17 23:00:00,0.69005882972549,0.1,230.0,3.000255781415174,0.0,0.0,0.0
2010-12-18 00:00:00,1.0380094060205591,0.1,230.0,4.513084374002431,0.0,0.0,0.0
2010-12-18 01:00:00,1.4456114209657405,0.1,230.0,6.285267047677133,0.0,0.0,0.0
2010-12-18 02:00:00,1.5574655280130638,0.1,230.0,6.7715892522307115,0.0,0.0,0.0
2010-12-18 03:00:00,1.8620812998200125,0.1,230.0,8.096005651391359,0.0,0.0,0.0
2010-12-18 04:00:00,2.219134735412204,0.1,230.0,9.648411893096538,0.0,0.0,0.0
2010-12-18 05:00:00,2.630975207748448,0.1,230.0,11.439022642384558,0.0,0.0,0.0
2010-12-18 06:00:00,2.871060263200984,0.1,230.0,12.482870709569497,0.0,0.0,0.0
2010-12-18 07:00:00,3.152066742565099,0.1,230.0,13.704638011152603,0.0,0.0,0.0
2010-12-18 08:00:00,3.0791440925459277,0.1,230.0,13.387583011069252,0.0,0.0,0.0
2010-12-18 09:00:00,3.35314670910292,0.1,230.0,14.578898735230089,0.0,0.0,0.0
2010-12-18 10:00:00,3.2612536219639785,0.1,230.0,14.179363573756428,0.0,0.0,0.0
2010-12-18 11:00:00,3.0390519921714563,0.1,230.0,13.213269531180245,0.0,0.0,0.0
2010-12-18 12:00:00,3.110277053439407,0.1,230.0,13.522943710606118,0.0,0.0,0.0
2010-12-18 13:00:00,2.609218233575936,0.1,230.0,11.34442710250407,0.0,0.0,0.0
2010-12-18 14:00:00,2.079554453978318,0.1,230.0,9.041541104253556,0.0,0.0,0.0
2010-12-18 15:00:00,2.1127117290318758,0.1,230.0,9.185703169703807,0.0,0.0,0.0
2010-12-18 16:00:00,1.5647151677058195,0.1,230.0,6.803109424807912,0.0,0.0,0.0
2010-12-18 17:00:00,1.3270767336138538,0.1,230.0,5.769898841799364,0.0,0.0,0.0
2010-12-18 18:00:00,1.1326346456590053,0.1,230.0,4.92449845938698,0.0,0.0,0.0
2010-12-18 19:00:00,0.7427548224698114,0.1,230.0,3.2293687933470063,0.0,0.0,0.0
2010-12-18 20:00:00,0.787976496500012,0.1,230.0,3.4259847673913564,0.0,0.0,0.0
2010-12-18 21:00:00,0.5609292905475992,0.1,230.0,2.438823002380866,0.0,0.0,0.0
2010-12-18 22:00:00,0.6945728037488796,0.1,230.0,3.0198817554299118,0.0,0.0,0.0
2010-12-18 23:00:00,0.9889553308666165,0.1,230.0,4.299805786376593,0.0,0.0,0.0
2010-12-19 00:00:00,1.0318650342402385,0.1,230.0,4.486369714087993,0.0,0.0,0.0
2010-12-19 01:00:00,1.2245534958338449,0.1,230.0,5.324145634060195,0.0,0.0,0.0
2010-12-19 02:00:00,1.6293666047624522,0.1,230.0,7.084202629401966,0.0,0.0,0.0
2010-12-19 03:00:00,2.0874175966856217,0.1,230.0,9.075728681241833,0.0,0.0,0.0
2010-12-19 04:00:00,2.3348780065096553,0.1,230.0,10.151643506563719,0.0,0.0,0.0
2010-12-19 05:00:00,2.5577825923801227,0.1,230.0,11.120793879913577,0.0,0.0,0.0
2010-12-19 06:00:00,2.8774531480817918,0.1,230.0,12.510665861225181,0.0,0.0,0.0
2010-12-19 07:00:00,3.2205009569967884,0.1,230.0,14.00217807389908,0.0,0.0,0.0
2010-12-19 08:00:00,3.3930779831516196,0.1,230.0,14.752512970224434,0.0,0.0,0.0
2010-12-19 09:00:00,3.0291235981549094,0.1,230.0,13.17010260067352,0.0,0.0,0.0
2010-12-19 10:00:00,3.097279330375581,0.1,230.0,13.466431871198179,0.0,0.0,0.0
2010-12-19 11:00:00,2.8736780541473905,0.1,230.0,12.49425240933648,0.0,0.0,0.0
2010-12-19 12:00:00,2.9520331228077623,0.1,230.0,12.834926620903314,0.0,0.0,0.0
2010-12-19 13:00:00,2.607731832297788,0.1,230.0,11.33796448825125,0.0,0.0,0.0
2010-12-19 14:00:00,2.5071469115252687,0.1,230.0,10.900638745762038,0.0,0.0,0.0
2010-12-19 15:00:00,2.019501527285647,0.1,230.0,8.780441422981074,0.0,0.0,0.0
2010-12-19 16:00:00,1.4717724333503122,0.1,230.0,6.399010579783966,0.0,0.0,0.0
2010-12-19 17:00:00,1.4663914490260144,0.1,230.0,6.375614995765281,0.0,0.0,0.0
2010-12-19 18:00:00,1.028816480647299,0.1,230.0,4.4731151332491255,0.0,0.0,0.0
2010-12-19 19:00:00,0.827632369738002,0.1,230.0,3.5984016075565304,0.0,0.0,0.0
2010-12-19 20:00:00,0.7724309842450237,0.1,230.0,3.358395583674016,0.0,0.0,0.0
2010-12-19 21:00:00,0.6823387954100952,0.1,230.0,2.966690414826501,0.0,0.0,0.0
2010-12-19 22:00:00,0.575922199975507,0.1,230.0,2.5040095651109,0.0,0.0,0.0
2010-12-19 23:00:00,0.8338446420972657,0.1,230.0,3.625411487379416,0.0,0.0,0.0
2010-12-20 00:00:00,0.8641655456548181,0.1,230.0,3.757241502847035,0.0,0.0,0.0
2010-12-20 01:00:00,0.9924820444031902,0.1,230.0,4.315139323492131,0.0,0.0,0.0
2010-12-20 02:00:00,1.1134589301148454,0.1,230.0,4.841125783108023,0.0,0.0,0.0
2010-12-20 03:00:00,1.4428304132835335,0.1,230.0,6.273175709928407,0.0,0.0,0.0
2010-12-20 04:00:00,1.6983508523996114,0.1,230.0,7.384134140867875,0.0,0.0,0.0
2010-12-20 05:00:00,1.9410865631252932,0.1,230.0,8.439506796196927,0.0,0.0,0.0
2010-12-20 06:00:00,2.036322977455783,0.1,230.0,8.85357816285123,0.0,0.0,0.0
2010-12-20 07:00:00,2.5553341614419605,0.1,230.0,11.110148528008525,0.0,0.0,0.0
2010-12-20 08:00:00,2.5331371118074935,0.1,230.0,11.01363961655432,0.0,0.0,0.0
2010-12-20 09:00:00,2.46626289227591,0.1,230.0,10.722882140330043,0.0,0.0,0.0
2010-12-20 10:00:00,2.42310470780168,0.1,230.0,10.535237860007305,0.0,0.0,0.0
2010-12-20 11:00:00,2.212465886552394,0.1,230.0,9.619416898053888,0.0,0.0,0.0
2010-12-20 12:00:00,2.283366230356743,0.1,230.0,9.927679262420622,0.0,0.0,0.0
2010-12-20 13:00:00,1.8723558727877159,0.1,230.0,8.140677707772678,0.0,0.0,0.0
2010-12-20 14:00:00,1.6673729233795502,0.1,230.0,7.249447492954566,0.0,0.0,0.0
2010-12-20 15:00:00,1.5165061820733974,0.1,230.0,6.5935051394495545,0.0,0.0,0.0
2010-12-20 16:00:00,1.227997771836025,0.1,230.0,5.339120747113153,0.0,0.0,0.0
2010-12-20 17:00:00,0.923866852991278,0.1,230.0,4.0168124043099045,0.0,0.0,0.0
2010-12-20 18:00:00,0.7641258148446044,0.1,230.0,3.32228615149828,0.0,0.0,0.0
2010-12-20 19:00:00,0.8137152297258609,0.1,230.0,3.5378923031559166,0.0,0.0,0.0
2010-12-20 20:00:00,0.5074683319482567,0.1,230.0,2.2063840519489424,0.0,0.0,0.0
2010-12-20 21:00:00,0.46648258429642336,0.1,230.0,2.028185149114884,0.0,0.0,0.0
2010-12-20 22:00:00,0.48942254795181755,0.1,230.0,2.1279241215296416,0.0,0.0,0.0
2010-12-20 23:00:00,0.739907976349838,0.1,230.0,3.2169912015210347,0.0,0.0,0.0
2010-12-21 00:00:00,0.9050329684338689,0.1,230.0,3.934925949712474,0.0,0.0,0.0
2010-12-21 01:00:00,0.9107239712666477,0.1,230.0,3.9596694402897725,0.0,0.0,0.0
2010-12-21 02:00:00,1.2003458933930984,0.1,230.0,5.218895188665645,0.0,0.0,0.0
2010-12-21 03:00:00,1.5010753099417942,0.1,230.0,6.526414391051278,0.0,0.0,0.0
2010-12-21 04:00:00,1.7837681245930703,0.1,230.0,7.755513585187262,0.0,0.0,0.0
2010-12-21 05:00:00,1.8252448457843737,0.1,230.0,7.935847155584233,0.0,0.0,0.0
2010-12-21 06:00:00,2.2366713111974783,0.1,230.0,9.724657874771644,0.0,0.0,0.0
2010-12-21 07:00:00,2.4068482554785864,0.1,230.0,10.464557632515593,0.0,0.0,0.0
2010-12-21 08:00:00,2.6015002736957347,0.1,230.0,11.310870755198845,0.0,0.0,0.0
2010-12-21 09:00:00,2.6160046081885424,0.1,230.0,11.37393307908062,0.0,0.0,0.0
2010-12-21 10:00:00,2.3362921597486235,0.1,230.0,10.157791998907058,0.0,0.0,0.0
2010-12-21 11:00:00,2.296025169444017,0.1,230.0,9.982718128017463,0.0,0.0,0.0
2010-12-21 12:00:00,2.0997403138452917,0.1,230.0,9.129305712370835,0.0,0.0,0.0
2010-12-21 13:00:00,1.959481848958306,0.1,230.0,8.519486299818722,0.0,0.0,0.0
2010-12-21 14:00:00,1.6421175962019214,0.1,230.0,7.13964172261705,0.0,0.0,0.0
2010-12-21 15:00:00,1.5093448281202564,0.1,230.0,6.562368817914158,0.0,0.0,0.0
2010-12-21 16:00:00,1.2322694418489062,0.1,230.0,5.357693225430027,0.0,0.0,0.0
2010-12-21 17:00:00,0.896969059014375,0.1,230.0,3.899865473975543,0.0,0.0,0.0
2010-12-21 18:00:00,0.7492270405549885,0.1,230.0,3.2575088719782106,0.0,0.0,0.0
2010-12-21 19:00:00,0.68395635577299,0.1,230.0,2.9737232859695215,0.0,0.0,0.0
2010-12-21 20:00:00,0.6298798924788632,0.1,230.0,2.7386082281689705,0.0,0.0,0.0
2010-12-21 21:00:00,0.6573291751574986,0.1,230.0,2.857952935467385,0.0,0.0,0.0
2010-12-21 22:00:00,0.5747887981861401,0.1,230.0,2.499081731244088,0.0,0.0,0.0
2010-12-21 23:00:00,0.6850128469633089,0.1,230.0,2.97831672592743,0.0,0.0,0.0
2010-12-22 00:00:00,0.941735891432093,0.1,230.0,4.094503875791709,0.0,0.0,0.0
2010-12-22 01:00:00,0.9031824657118285,0.1,230.0,3.9268802857036023,0.0,0.0,0.0
2010-12-22 02:00:00,1.2803821206397639,0.1,230.0,5.566878785390277,0.0,0.0,0.0
2010-12-22 03:00:00,1.2915169628465188,0.1,230.0,5.6152911428109515,0.0,0.0,0.0
2010-12-22 04:00:00,1.7974527889177545,0.1,230.0,7.815012125729368,0.0,0.0,0.0
2010-12-22 05:00:00,2.0206691250418958,0.1,230.0,8.785517934964764,0.0,0.0,0.0
2010-12-22 06:00:00,2.10374650545559,0.1,230.0,9.146723936763435,0.0,0.0,0.0
2010-12-22 07:00:00,2.350784929164753,0.1,230.0,10.220804039846753,0.0,0.0,0.0
2010-12-22 08:00:00,2.459049093768697,0.1,230.0,10.691517798994337,0.0,0.0,0.0
2010-12-22 09:00:00,2.550146006162796,0.1,230.0,11.08759133114259,0.0,0.0,0.0
2010-12-22 10:00:00,2.5480862175093533,0.1,230.0,11.078635728301537,0.0,0.0,0.0
2010-12-22 11:00:00,2.3588881759828357,0.1,230.0,10.25603554775146,0.0,0.0,0.0
2010-12-22 12:00:00,2.195138990873547,0.1,230.0,9.544082569015421,0.0,0.0,0.0
2010-12-22 13:00:00,2.0971783139629117,0.1,230.0,9.118166582447442,0.0,0.0,0.0
2010-12-22 14:00:00,1.6783827776590103,0.1,230.0,7.297316424604393,0.0,0.0,0.0
2010-12-22 15:00:00,1.5607337267816528,0.1,230.0,6.785798812094143,0.0,0.0,0.0
2010-12-22 16:00:00,1.2983698142016658,0.1,230.0,5.6450861487028945,0.0,0.0,0.0
2010-12-22 17:00:00,1.01843067875834,0.1,230.0,4.427959472862348,0.0,0.0,0.0
2010-12-22 18:00:00,0.7016884111454023,0.1,230.0,3.0508191788930534,0.0,0.0,0.0
2010-12-22 19:00:00,0.500589981841072,0.1,230.0,2.1764781819177044,0.0,0.0,0.0
2010-12-22 20:00:00,0.7362393655471519,0.1,230.0,3.201040719770225,0.0,0.0,0.0
2010-12-22 21:00:00,0.30781314492141326,0.1,230.0,1.338318021397449,0.0,0.0,0.0
2010-12-22 22:00:00,0.5599220789724657,0.1,230.0,2.434443821619416,0.0,0.0,0.0
2010-12-22 23:00:00,0.623187985488432,0.1,230.0,2.709512980384487,0.0,0.0,0.0
2010-12-23 00:00:00,0.8991585565545926,0.1,230.0,3.909385028498229,0.0,0.0,0.0
2010-12-23 01:00:00,1.1046512583229866,0.1,230.0,4.802831557926029,0.0,0.0,0.0
2010-12-23 02:00:00,1.2014620719528368,0.1,230.0,5.2237481389253775,0.0,0.0,0.0
2010-12-23 03:00:00,1.508326405851274,0.1,230.0,6.5579408950055385,0.0,0.0,0.0
2010-12-23 04:00:00,1.8093694273571541,0.1,230.0,7.866823597205018,0.0,0.0,0.0
2010-12-23 05:00:00,2.057058273556319,0.1,230.0,8.943731624157909,0.0,0.0,0.0
2010-12-23 06:00:00,2.071058330920113,0.1,230.0,9.0046014387831,0.0,0.0,0.0
2010-12-23 07:00:00,2.282971621347357,0.1,230.0,9.925963571075465,0.0,0.0,0.0
2010-12-23 08:00:00,2.3854915269783676,0.1,230.0,10.371702291210294,0.0,0.0,0.0
2010-12-23 09:00:00,2.42026294623221,0.1,230.0,10.522882374922654,0.0,0.0,0.0
2010-12-23 10:00:00,2.55119995268203,0.1,230.0,11.092173707313174,0.0,0.0,0.0
2010-12-23 11:00:00,2.337310113399155,0.1,230.0,10.162217884344152,0.0,0.0,0.0
2010-12-23 12:00:00,2.1665158266613727,0.1,230.0,9.41963402896249,0.0,0.0,0.0
2010-12-23 13:00:00,1.9319380209276635,0.1,230.0,8.39973052577245,0.0,0.0,0.0
2010-12-23 14:00:00,1.669915196577731,0.1,230.0,7.2605008546857865,0.0,0.0,0.0
2010-12-23 15:00:00,1.3496109047123412,0.1,230.0,5.86787349874931,0.0,0.0,0.0
2010-12-23 16:00:00,1.2052505081451637,0.1,230.0,5.240219600631146,0.0,0.0,0.0
2010-12-23 17:00:00,0.9863399229769326,0.1,230.0,4.288434447725794,0.0,0.0,0.0
2010-12-23 18:00:00,0.748026942979589,0.1,230.0,3.252291056432996,0.0,0.0,0.0
2010-12-23 19:00:00,0.5620765163205894,0.1,230.0,2.443810940524302,0.0,0.0,0.0
2010-12-23 20:00:00,0.4326337258326321,0.1,230.0,1.8810161992723133,0.0,0.0,0.0
2010-12-23 21:00:00,0.5217591947601877,0.1,230.0,2.268518238087773,0.0,0.0,0.0
2010-12-23 22:00:00,0.6652115255379237,0.1,230.0,2.8922240240779296,0.0,0.0,0.0
2010-12-23 23:00:00,0.797001614063434,0.1,230.0,3.465224408971452,0.0,0.0,0.0
2010-12-24 00:00:00,0.6485959431866366,0.1,230.0,2.819982361681029,0.0,0.0,0.0
2010-12-24 01:00:00,1.1297094173042816,0.1,230.0,4.911780075236007,0.0,0.0,0.0
2010-12-24 02:00:00,1.2812314399451372,0.1,230.0,5.570571478022336,0.0,0.0,0.0
2010-12-24 03:00:00,1.6352523741846363,0.1,230.0,7.109792931237549,0.0,0.0,0.0
2010-12-24 04:00:00,1.5846193292683135,0.1,230.0,6.88964925768832,0.0,0.0,0.0
2010-12-24 05:00:00,1.8380750394054857,0.1,230.0,7.9916306061108076,0.0,0.0,0.0
2010-12-24 06:00:00,2.2395028864427236,0.1,230.0,9.736969071490103,0.0,0.0,0.0
2010-12-24 07:00:00,2.3288937898225326,0.1,230.0,10.125625173141446,0.0,0.0,0.0
2010-12-24 08:00:00,2.498755975299616,0.1,230.0,10.864156414346155,0.0,0.0,0.0
2010-12-24 09:00:00,2.3315175712702754,0.1,230.0,10.137032918566414,0.0,0.0,0.0
2010-12-24 10:00:00,2.5706895915148333,0.1,230.0,11.176911267455797,0.0,0.0,0.0
2010-12-24 11:00:00,2.252016106978496,0.1,230.0,9.791374378167376,0.0,0.0,0.0
2010-12-24 12:00:00,2.2665478286499776,0.1,230.0,9.854555776739032,0.0,0.0,0.0
2010-12-24 13:00:00,2.0837952829913196,0.1,230.0,9.059979491266608,0.0,0.0,0.0
2010-12-24 14:00:00,1.8606451815673917,0.1,230.0,8.08976165898866,0.0,0.0,0.0
2010-12-24 15:00:00,1.467951263582066,0.1,230.0,6.382396798182895,0.0,0.0,0.0
2010-12-24 16:00:00,1.2739943777190503,0.1,230.0,5.5391059900828274,0.0,0.0,0.0
2010-12-24 17:00:00,0.8999853554710282,0.1,230.0,3.912979806395775,0.0,0.0,0.0
2010-12-24 18:00:00,0.8190276290627397,0.1,230.0,3.560989691577129,0.0,0.0,0.0
2010-12-24 19:00:00,0.596853291448525,0.1,230.0,2.5950143106457606,0.0,0.0,0.0
2010-12-24 20:00:00,0.46787365372378426,0.1,230.0,2.0342332770599314,0.0,0.0,0.0
2010-12-24 21:00:00,0.5720923495295668,0.1,230.0,2.4873580414328993,0.0,0.0,0.0
2010-12-24 22:00:00,0.567866542909217,0.1,230.0,2.468984969170509,0.0,0.0,0.0
2010-12-24 23:00:00,0.526649690264147,0.1,230.0,2.2897812620180304,0.0,0.0,0.0
2010-12-25 00:00:00,1.1079186343360459,0.1,230.0,4.817037540591504,0.0,0.0,0.0
2010-12-25 01:00:00,1.2206387880809297,0.1,230.0,5.30712516556926,0.0,0.0,0.0
2010-12-25 02:00:00,1.7556327553054603,0.1,230.0,7.633185892632436,0.0,0.0,0.0
2010-12-25 03:00:00,1.929494802221742,0.1,230.0,8.389107835746705,0.0,0.0,0.0
2010-12-25 04:00:00,2.2972843358204895,0.1,230.0,9.988192764436912,0.0,0.0,0.0
2010-12-25 05:00:00,2.5630954594075783,0.1,230.0,11.14389330177208,0.0,0.0,0.0
2010-12-25 06:00:00,2.7416561148249325,0.1,230.0,11.920243977499707,0.0,0.0,0.0
2010-12-25 07:00:00,3.209351778426579,0.1,230.0,13.953703384463388,0.0,0.0,0.0
2010-12-25 08:00:00,3.1311717385348357,0.1,230.0,13.613790167542763,0.0,0.0,0.0
2010-12-25 09:00:00,3.393544520109717,0.1,230.0,14.754541391781377,0.0,0.0,0.0
2010-12-25 10:00:00,2.9790112955765893,0.1,230.0,12.952223024246042,0.0,0.0,0.0
2010-12-25 11:00:00,2.825962554311293,0.1,230.0,12.286793714396925,0.0,0.0,0.0
2010-12-25 12:00:00,2.9206472629754163,0.1,230.0,12.69846636076268,0.0,0.0,0.0
2010-12-25 13:00:00,2.737300771950102,0.1,230.0,11.901307704130879,0.0,0.0,0.0
2010-12-25 14:00:00,2.4261212730481927,0.1,230.0,10.548353361079098,0.0,0.0,0.0
2010-12-25 15:00:00,1.8413920876723966,0.1,230.0,8.006052555097376,0.0,0.0,0.0
2010-12-25 16:00:00,1.6691969411512297,0.1,230.0,7.257378005005347,0.0,0.0,0.0
2010-12-25 17:00:00,1.2148214847019891,0.1,230.0,5.281832542182562,0.0,0.0,0.0
2010-12-25 18:00:00,0.9802093474016838,0.1,230.0,4.2617797713116685,0.0,0.0,0.0
2010-12-25 19:00:00,0.830668898140424,0.1,230.0,3.611603904958365,0.0,0.0,0.0
2010-12-25 20:00:00,0.6176435561971487,0.1,230.0,2.6854067660745597,0.0,0.0,0.0
2010-12-25 21:00:00,0.6046810638142466,0.1,230.0,2.6290481035402027,0.0,0.0,0.0
2010-12-25 22:00:00,0.6505809890704058,0.1,230.0,2.828612995958286,0.0,0.0,0.0
2010-12-25 23:00:00,0.7391644770193349,0.1,230.0,3.2137585957362385,0.0,0.0,0.0
2010-12-26 00:00:00,1.0191543651672366,0.1,230.0,4.431105935509724,0.0,0.0,0.0
2010-12-26 01:00:00,1.291243464015396,0.1,230.0,5.614102017458244,0.0,0.0,0.0
2010-12-26 02:00:00,1.527526794098149,0.1,230.0,6.641420843904995,0.0,0.0,0.0
2010-12-26 03:00:00,1.8725787845657398,0.1,230.0,8.14164688941626,0.0,0.0,0.0
2010-12-26 04:00:00,2.242719468074739,0.1,230.0,9.750954209020604,0.0,0.0,0.0
2010-12-26 05:00:00,2.53787420620817,0.1,230.0,11.034235679165956,0.0,0.0,0.0
2010-12-26 06:00:00,2.929205069808266,0.1,230.0,12.735674216557678,0.0,0.0,0.0
2010-12-26 07:00:00,3.026785278099201,0.1,230.0,13.159935991735654,0.0,0.0,0.0
2010-12-26 08:00:00,3.3287474958715286,0.1,230.0,14.47281519944143,0.0,0.0,0.0
2010-12-26 09:00:00,3.227082511874665,0.1,230.0,14.030793529889849,0.0,0.0,0.0
2010-12-26 10:00:00,3.33440189050615,0.1,230.0,14.497399523939782,0.0,0.0,0.0
2010-12-26 11:00:00,2.9840985639266986,0.1,230.0,12.974341582289995,0.0,0.0,0.0
2010-12-26 12:00:00,2.9236545028618037,0.1,230.0,12.711541316790452,0.0,0.0,0.0
2010-12-26 13:00:00,2.6766918157708552,0.1,230.0,11.637790503351544,0.0,0.0,0.0
2010-12-26 14:00:00,2.313062910058828,0.1,230.0,10.056795261125338,0.0,0.0,0.0
2010-12-26 15:00:00,1.9611320854025251,0.1,230.0,8.526661240880545,0.0,0.0,0.0
2010-12-26 16:00:00,1.3866066076694858,0.1,230.0,6.028724381171678,0.0,0.0,0.0
2010-12-26 17:00:00,1.3261357059508634,0.1,230.0,5.765807417177667,0.0,0.0,0.0
2010-12-26 18:00:00,1.0566354365407709,0.1,230.0,4.5940671153946555,0.0,0.0,0.0
2010-12-26 19:00:00,0.9072125308333334,0.1,230.0,3.9444023079710147,0.0,0.0,0.0
2010-12-26 20:00:00,0.6540434769546623,0.1,230.0,2.843667291107227,0.0,0.0,0.0
2010-12-26 21:00:00,0.8041487879755324,0.1,230.0,3.4962990781544887,0.0,0.0,0.0
2010-12-26 22:00:00,0.5657943208740134,0.1,230.0,2.459975308147884,0.0,0.0,0.0
2010-12-26 23:00:00,0.8105709629183738,0.1,230.0,3.5242215779059736,0.0,0.0,0.0
2010-12-27 00:00:00,0.6646403400025571,0.1,230.0,2.88974060870677,0.0,0.0,0.0
2010-12-27 01:00:00,0.9198873335532041,0.1,230.0,3.999510145883496,0.0,0.0,0.0
2010-12-27 02:00:00,1.1503608634800213,0.1,230.0,5.001568971652267,0.0,0.0,0.0
2010-12-27 03:00:00,1.6013554808993682,0.1,230.0,6.962415134345079,0.0,0.0,0.0
2010-12-27 04:00:00,1.8107313190864642,0.1,230.0,7.872744865593323,0.0,0.0,0.0
2010-12-27 05:00:00,2.0216001653975115,0.1,230.0,8.78956593651092,0.0,0.0,0.0
2010-12-27 06:00:00,2.069905139950247,0.1,230.0,8.999587565001073,0.0,0.0,0.0
2010-12-27 07:00:00,2.341659869400652,0.1,230.0,10.181129866959356,0.0,0.0,0.0
2010-12-27 08:00:00,2.4379356648276125,0.1,230.0,10.599720281859184,0.0,0.0,0.0
2010-12-27 09:00:00,2.477688718700432,0.1,230.0,10.772559646523618,0.0,0.0,0.0
2010-12-27 10:00:00,2.381479440587596,0.1,230.0,10.354258437337373,0.0,0.0,0.0
2010-12-27 11:00:00,2.266670747284229,0.1,230.0,9.855090205583604,0.0,0.0,0.0
2010-12-27 12:00:00,2.147325917826122,0.1,230.0,9.33619964272227,0.0,0.0,0.0
2010-12-27 13:00:00,2.0395067882160345,0.1,230.0,8.867420818330585,0.0,0.0,0.0
2010-12-27 14:00:00,1.736405704816876,0.1,230.0,7.549590020942938,0.0,0.0,0.0
2010-12-27 15:00:00,1.6010949258803013,0.1,230.0,6.961282286436093,0.0,0.0,0.0
2010-12-27 16:00:00,1.3060456355459573,0.1,230.0,5.678459284982424,0.0,0.0,0.0
2010-12-27 17:00:00,1.0385336768271431,0.1,230.0,4.515363812291927,0.0,0.0,0.0
2010-12-27 18:00:00,0.7797587165493919,0.1,230.0,3.3902552893451823,0.0,0.0,0.0
2010-12-27 19:00:00,0.47784919633954515,0.1,230.0,2.0776052014762834,0.0,0.0,0.0
2010-12-27 20:00:00,0.4085794392024922,0.1,230.0,1.7764323443586616,0.0,0.0,0.0
2010-12-27 21:00:00,0.30599592619727345,0.1,230.0,1.330417070422928,0.0,0.0,0.0
2010-12-27 22:00:00,0.49023796767977806,0.1,230.0,2.1314694246946875,0.0,0.0,0.0
2010-12-27 23:00:00,0.5699977517562089,0.1,230.0,2.4782510945922125,0.0,0.0,0.0
2010-12-28 00:00:00,0.8851741791951377,0.1,230.0,3.848583387804947,0.0,0.0,0.0
2010-12-28 01:00:00,0.9141156904582999,0.1,230.0,3.974416045470869,0.0,0.0,0.0
2010-12-28 02:00:00,1.106575511658134,0.1,230.0,4.811197876774496,0.0,0.0,0.0
2010-12-28 03:00:00,1.6798784440978407,0.1,230.0,7.303819322164524,0.0,0.0,0.0
2010-12-28 04:00:00,1.6099712867745652,0.1,230.0,6.999875159889414,0.0,0.0,0.0
2010-12-28 05:00:00,1.9154283944417116,0.1,230.0,8.32794954105092,0.0,0.0,0.0
2010-12-28 06:00:00,2.1678275097729256,0.1,230.0,9.42533699901272,0.0,0.0,0.0
2010-12-28 07:00:00,2.490400782011402,0.1,230.0,10.827829487006095,0.0,0.0,0.0
2010-12-28 08:00:00,2.4383376505099577,0.1,230.0,10.601468045695468,0.0,0.0,0.0
2010-12-28 09:00:00,2.6246118424527705,0.1,230.0,11.411355836751175,0.0,0.0,0.0
2010-12-28 10:00:00,2.479513421092636,0.1,230.0,10.780493135185376,0.0,0.0,0.0
2010-12-28 11:00:00,2.3923770060344087,0.1,230.0,10.401639156671342,0.0,0.0,0.0
2010-12-28 12:00:00,2.1851761749647,0.1,230.0,9.50076597810739,0.0,0.0,0.0
2010-12-28 13:00:00,2.059263726737325,0.1,230.0,8.95332055103185,0.0,0.0,0.0
2010-12-28 14:00:00,1.7282785939547067,0.1,230.0,7.514254756324812,0.0,0.0,0.0
2010-12-28 15:00:00,1.4247712451262609,0.1,230.0,6.194657587505483,0.0,0.0,0.0
2010-12-28 16:00:00,1.1276576674200933,0.1,230.0,4.902859423565623,0.0,0.0,0.0
2010-12-28 17:00:00,1.0286408090718426,0.1,230.0,4.47235134379062,0.0,0.0,0.0
2010-12-28 18:00:00,0.7961970470477435,0.1,230.0,3.461726291511928,0.0,0.0,0.0
2010-12-28 19:00:00,0.5578143989335291,0.1,230.0,2.42527999536317,0.0,0.0,0.0
2010-12-28 20:00:00,0.7166313989352808,0.1,230.0,3.11578869102296,0.0,0.0,0.0
2010-12-28 21:00:00,0.3308555614424291,0.1,230.0,1.4385024410540397,0.0,0.0,0.0
2010-12-28 22:00:00,0.6403342164777834,0.1,230.0,2.7840618107729718,0.0,0.0,0.0
2010-12-28 23:00:00,0.7020476672447044,0.1,230.0,3.0523811619334973,0.0,0.0,0.0
2010-12-29 00:00:00,0.7378708195771786,0.1,230.0,3.2081339981616463,0.0,0.0,0.0
2010-12-29 01:00:00,1.1340161456043811,0.1,230.0,4.930504980888614,0.0,0.0,0.0
2010-12-29 02:00:00,1.2808507721416085,0.1,230.0,5.56891640061569,0.0,0.0,0.0
2010-12-29 03:00:00,1.2094569648193618,0.1,230.0,5.258508542692878,0.0,0.0,0.0
2010-12-29 04:00:00,1.7824990826288938,0.1,230.0,7.749996011429973,0.0,0.0,0.0
2010-12-29 05:00:00,1.9422478266051275,0.1,230.0,8.44455576784838,0.0,0.0,0.0
2010-12-29 06:00:00,2.1547221384515343,0.1,230.0,9.368357123702323,0.0,0.0,0.0
2010-12-29 07:00:00,2.3545627133411755,0.1,230.0,10.237229188439892,0.0,0.0,0.0
2010-12-29 08:00:00,2.5218248102295853,0.1,230.0,10.96445569665037,0.0,0.0,0.0
2010-12-29 09:00:00,2.5911969186059385,0.1,230.0,11.266073559156254,0.0,0.0,0.0
2010-12-29 10:00:00,2.383498476566528,0.1,230.0,10.363036854637079,0.0,0.0,0.0
2010-12-29 11:00:00,2.329550501118402,0.1,230.0,10.128480439645227,0.0,0.0,0.0
2010-12-29 12:00:00,2.202200350167176,0.1,230.0,9.574784131161636,0.0,0.0,0.0
2010-12-29 13:00:00,1.9947356231845768,0.1,230.0,8.672763579063377,0.0,0.0,0.0
2010-12-29 14:00:00,1.7228284224465853,0.1,230.0,7.490558358463415,0.0,0.0,0.0
2010-12-29 15:00:00,1.490992952242184,0.1,230.0,6.482578053226888,0.0,0.0,0.0
2010-12-29 16:00:00,1.2673070031726448,0.1,230.0,5.510030448576717,0.0,0.0,0.0
2010-12-29 17:00:00,1.0271531835544079,0.1,230.0,4.465883406758295,0.0,0.0,0.0
2010-12-29 18:00:00,0.8184463599074748,0.1,230.0,3.5584624343803255,0.0,0.0,0.0
2010-12-29 19:00:00,0.5913500865213952,0.1,230.0,2.571087332701718,0.0,0.0,0.0
2010-12-29 20:00:00,0.49153596193321747,0.1,230.0,2.1371128779705106,0.0,0.0,0.0
2010-12-29 21:00:00,0.49928808947954,0.1,230.0,2.170817780345826,0.0,0.0,0.0
2010-12-29 22:00:00,0.4836552593200474,0.1,230.0,2.1028489535654233,0.0,0.0,0.0
2010-12-29 23:00:00,0.6163514745747507,0.1,230.0,2.6797890198902206,0.0,0.0,0.0
2010-12-30 00:00:00,0.6250321684012158,0.1,230.0,2.717531166961808,0.0,0.0,0.0
2010-12-30 01:00:00,0.8977811282457917,0.1,230.0,3.9033962097643116,0.0,0.0,0.0
2010-12-30 02:00:00,1.2025180299260705,0.1,230.0,5.2283392605481325,0.0,0.0,0.0
2010-12-30 03:00:00,1.6361306755566578,0.1,230.0,7.113611632855034,0.0,0.0,0.0
2010-12-30 04:00:00,1.6636000793728634,0.1,230.0,7.233043823360275,0.0,0.0,0.0
2010-12-30 05:00:00,1.893322544497203,0.1,230.0,8.23183714998784,0.0,0.0,0.0
2010-12-30 06:00:00,2.0925314442876437,0.1,230.0,9.097962801250626,0.0,0.0,0.0
2010-12-30 07:00:00,2.224245470381607,0.1,230.0,9.67063247992003,0.0,0.0,0.0
2010-12-30 08:00:00,2.477786693633786,0.1,230.0,10.772985624494721,0.0,0.0,0.0
2010-12-30 09:00:00,2.46002748153833,0.1,230.0,10.695771658862304,0.0,0.0,0.0
2010-12-30 10:00:00,2.4680319466045813,0.1,230.0,10.730573680889483,0.0,0.0,0.0
2010-12-30 11:00:00,2.404236105773355,0.1,230.0,10.453200459884153,0.0,0.0,0.0
2010-12-30 12:00:00,2.3059549884051016,0.1,230.0,10.025891253935225,0.0,0.0,0.0
2010-12-30 13:00:00,2.003915824734919,0.1,230.0,8.712677498847475,0.0,0.0,0.0
2010-12-30 14:00:00,1.6505014477546116,0.1,230.0,7.176093251107008,0.0,0.0,0.0
2010-12-30 15:00:00,1.3482581413160375,0.1,230.0,5.86199191876538,0.0,0.0,0.0
2010-12-30 16:00:00,1.3148539809143993,0.1,230.0,5.7167564387582575,0.0,0.0,0.0
2010-12-30 17:00:00,1.2320387603907783,0.1,230.0,5.356690262568602,0.0,0.0,0.0
2010-12-30 18:00:00,0.8049418537188276,0.1,230.0,3.4997471900818597,0.0,0.0,0.0
2010-12-30 19:00:00,0.6823302180422056,0.1,230.0,2.9666531219226333,0.0,0.0,0.0
2010-12-30 20:00:00,0.397925959539032,0.1,230.0,1.7301128675610085,0.0,0.0,0.0
2010-12-30 21:00:00,0.49761494237950876,0.1,230.0,2.163543227736995,0.0,0.0,0.0
2010-12-30 22:00:00,0.45711296739386703,0.1,230.0,1.987447684321161,0.0,0.0,0.0
2010-12-30 23:00:00,0.6429838966022275,0.1,230.0,2.7955821591401198,0.0,0.0,0.0
2010-12-31 00:00:00,0.8079138483287163,0.1,230.0,3.5126689057770273,0.0,0.0,0.0
2010-12-31 01:00:00,0.915030538064737,0.1,230.0,3.978393643759726,0.0,0.0,0.0
2010-12-31 02:00:00,1.1429977559668274,0.1,230.0,4.969555460725336,0.0,0.0,0.0
2010-12-31 03:00:00,1.4502241994722973,0.1,230.0,6.305322606401293,0.0,0.0,0.0
2010-12-31 04:00:00,1.7996137009025763,0.1,230.0,7.824407395228593,0.0,0.0,0.0
2010-12-31 05:00:00,2.0420386158687847,0.1,230.0,8.87842876464689,0.0,0.0,0.0
2010-12-31 06:00:00,2.222049439646634,0.1,230.0,9.661084520202756,0.0,0.0,0.0
2010-12-31 07:00:00,2.349385820393937,0.1,230.0,10.214720958234508,0.0,0.0,0.0
2010-12-31 08:00:00,2.4362681475587853,0.1,230.0,10.592470206777326,0.0,0.0,0.0
2010-12-31 09:00:00,2.5959606958244805,0.1,230.0,11.28678563401948,0.0,0.0,0.0
2010-12-31 10:00:00,2.4385668771420765,0.1,230.0,10.602464683226419,0.0,0.0,0.0
2010-12-31 11:00:00,2.470431291358156,0.1,230.0,10.741005614600677,0.0,0.0,0.0
2010-12-31 12:00:00,2.288140051699152,0.1,230.0,9.948435007387618,0.0,0.0,0.0
2010-12-31 13:00:00,2.148282815747538,0.1,230.0,9.340360068467556,0.0,0.0,0.0
2010-12-31 14:00:00,1.7305690045973843,0.1,230.0,7.524213063466888,0.0,0.0,0.0
2010-12-31 15:00:00,1.7403450653825505,0.1,230.0,7.566717675576307,0.0,0.0,0.0
2010-12-31 16:00:00,1.260916606838767,0.1,230.0,5.482246116690291,0.0,0.0,0.0
2010-12-31 17:00:00,0.9702109901972062,0.1,230.0,4.218308653031332,0.0,0.0,0.0
2010-12-31 18:00:00,0.7831589077940375,0.1,230.0,3.4050387295392937,0.0,0.0,0.0
2010-12-31 19:00:00,0.5437899970830115,0.1,230.0,2.3643043351435282,0.0,0.0,0.0
2010-12-31 20:00:00,0.40550423166407645,0.1,230.0,1.7630618768003323,0.0,0.0,0.0
2010-12-31 21:00:00,0.5107351050786003,0.1,230.0,2.220587413385219,0.0,0.0,0.0
2010-12-31 22:00:00,0.44042608901332186,0.1,230.0,1.914896039188356,0.0,0.0,0.0
2010-12-31 23:00:00,0.6225908311783529,0.1,230.0,2.7069166572971866,0.0,0.0,0.0
